/*
SQLyog Ultimate v12.09 (64 bit)
MySQL - 5.7.21-0ubuntu0.17.10.1 : Database - mycompose
*********************************************************************
*/

/*!40101 SET NAMES utf8 */;

/*!40101 SET SQL_MODE=''*/;

/*!40014 SET @OLD_UNIQUE_CHECKS=@@UNIQUE_CHECKS, UNIQUE_CHECKS=0 */;
/*!40014 SET @OLD_FOREIGN_KEY_CHECKS=@@FOREIGN_KEY_CHECKS, FOREIGN_KEY_CHECKS=0 */;
/*!40101 SET @OLD_SQL_MODE=@@SQL_MODE, SQL_MODE='NO_AUTO_VALUE_ON_ZERO' */;
/*!40111 SET @OLD_SQL_NOTES=@@SQL_NOTES, SQL_NOTES=0 */;
CREATE DATABASE /*!32312 IF NOT EXISTS*/`mycompose` /*!40100 DEFAULT CHARACTER SET utf8 */;

USE `mycompose`;

/*Table structure for table `account_delegation` */

DROP TABLE IF EXISTS `account_delegation`;

CREATE TABLE `account_delegation` (
  `account_id` int(11) unsigned NOT NULL,
  `delegation_id` int(11) unsigned NOT NULL,
  `from_date` datetime DEFAULT NULL,
  `to_date` datetime DEFAULT NULL,
  `active` tinyint(1) DEFAULT '0',
  `created_at` datetime DEFAULT NULL,
  `deleted_at` timestamp NULL DEFAULT NULL,
  `updated_at` timestamp NULL DEFAULT NULL,
  PRIMARY KEY (`account_id`,`delegation_id`),
  KEY `acting_id` (`delegation_id`)
) ENGINE=InnoDB DEFAULT CHARSET=utf8;

/*Data for the table `account_delegation` */

/*Table structure for table `actions` */

DROP TABLE IF EXISTS `actions`;

CREATE TABLE `actions` (
  `id` int(11) unsigned NOT NULL AUTO_INCREMENT,
  `name` varchar(50) NOT NULL,
  `created_at` datetime DEFAULT NULL,
  `created_by` int(11) unsigned NOT NULL,
  `deleted_at` timestamp NULL DEFAULT NULL,
  `apdated_at` timestamp NULL DEFAULT NULL,
  PRIMARY KEY (`id`)
) ENGINE=InnoDB AUTO_INCREMENT=2 DEFAULT CHARSET=utf8;

/*Data for the table `actions` */

insert  into `actions`(`id`,`name`,`created_at`,`created_by`,`deleted_at`,`apdated_at`) values (1,'xxxxx','2018-02-25 10:27:31',1,NULL,NULL);

/*Table structure for table `branch_type` */

DROP TABLE IF EXISTS `branch_type`;

CREATE TABLE `branch_type` (
  `id` int(11) unsigned NOT NULL AUTO_INCREMENT,
  `name` varchar(50) DEFAULT NULL,
  PRIMARY KEY (`id`)
) ENGINE=InnoDB AUTO_INCREMENT=9 DEFAULT CHARSET=utf8;

/*Data for the table `branch_type` */

insert  into `branch_type`(`id`,`name`) values (1,'private company limited by shares.'),(2,'ready made private limited company.'),(3,'private company limited by guarantee.'),(4,'public limited company.'),(5,'limited liability partnership.'),(6,'flat management company.'),(7,'right to manage company.'),(8,'community interest company.');

/*Table structure for table `branches` */

DROP TABLE IF EXISTS `branches`;

CREATE TABLE `branches` (
  `id` int(11) unsigned NOT NULL AUTO_INCREMENT,
  `name` varchar(50) DEFAULT NULL,
  `address` text,
  `pobox` varchar(20) DEFAULT NULL,
  `phone` varchar(20) DEFAULT NULL,
  `fax` varchar(20) DEFAULT NULL,
  `email` varchar(100) NOT NULL,
  `is_main` tinyint(1) DEFAULT '0',
  `license_no` varchar(50) DEFAULT NULL,
  `branch_type_id` int(11) unsigned DEFAULT NULL,
  `country_id` int(11) DEFAULT NULL,
  `company_id` int(11) unsigned NOT NULL,
  `logo` int(10) unsigned DEFAULT NULL,
  `created_at` timestamp NULL DEFAULT NULL,
  `deleted_at` timestamp NULL DEFAULT NULL,
  PRIMARY KEY (`id`),
  KEY `company_id` (`company_id`),
  KEY `branch_type_id` (`branch_type_id`),
  KEY `country_id` (`country_id`),
  KEY `logo` (`logo`),
  CONSTRAINT `branches_ibfk_1` FOREIGN KEY (`company_id`) REFERENCES `companies` (`id`)
) ENGINE=InnoDB AUTO_INCREMENT=10 DEFAULT CHARSET=utf8;

/*Data for the table `branches` */

insert  into `branches`(`id`,`name`,`address`,`pobox`,`phone`,`fax`,`email`,`is_main`,`license_no`,`branch_type_id`,`country_id`,`company_id`,`logo`,`created_at`,`deleted_at`) values (1,'knowmx','AMMAN - JORDAN','667612','96207777777','96277777','info@knowmx.com',1,'12312',1,3,1,34,'2017-09-17 09:46:52',NULL),(2,'Odat Main Branch','amman','342','43243242','3343','asddsa@fdsfds.com',0,'435435',1,111,2,34,'2017-09-17 09:46:53',NULL),(9,'Moath','111','111','121111','111','moad.odat@gmail.com',1,'2323',1,228,22,NULL,'2018-03-15 13:45:04',NULL);

/*Table structure for table `companies` */

DROP TABLE IF EXISTS `companies`;

CREATE TABLE `companies` (
  `id` int(10) unsigned NOT NULL AUTO_INCREMENT,
  `name` varchar(50) NOT NULL,
  `slug` varchar(50) NOT NULL,
  `creator_id` int(11) NOT NULL,
  `created_at` datetime DEFAULT NULL,
  `updated_at` datetime DEFAULT NULL,
  `license_no` varchar(50) DEFAULT NULL,
  `logo` int(11) unsigned DEFAULT NULL,
  `deleted` tinyint(1) DEFAULT '0',
  `deleted_by` int(11) unsigned DEFAULT NULL,
  `deleted_at` timestamp NULL DEFAULT NULL,
  PRIMARY KEY (`id`),
  UNIQUE KEY `slug` (`slug`),
  KEY `logo` (`logo`)
) ENGINE=InnoDB AUTO_INCREMENT=23 DEFAULT CHARSET=utf8;

/*Data for the table `companies` */

insert  into `companies`(`id`,`name`,`slug`,`creator_id`,`created_at`,`updated_at`,`license_no`,`logo`,`deleted`,`deleted_by`,`deleted_at`) values (1,'Knowledge Matrix','knowmx',1,'2017-05-18 13:00:55','2017-09-05 13:25:30','12313',69,0,NULL,NULL),(2,'Odat Company','odat',0,'2017-05-02 13:37:03','2017-09-05 13:33:45','1230',62,0,NULL,NULL),(3,'Google','google',0,'2017-05-18 13:23:56','2017-05-18 13:23:56',NULL,NULL,0,NULL,NULL),(4,'Test company','companyname',0,'2018-03-13 13:36:00',NULL,'23232',NULL,0,NULL,NULL),(22,'Moath2','Moath',1,'2018-03-15 13:45:04',NULL,'2323',NULL,0,NULL,NULL);

/*Table structure for table `contact_branch` */

DROP TABLE IF EXISTS `contact_branch`;

CREATE TABLE `contact_branch` (
  `contact_id` int(11) unsigned NOT NULL,
  `company_id` int(11) unsigned NOT NULL,
  `branch_id` int(11) NOT NULL,
  `created_at` datetime NOT NULL,
  `is_active` tinyint(1) DEFAULT '0',
  PRIMARY KEY (`contact_id`,`company_id`,`branch_id`),
  KEY `company_id` (`company_id`),
  CONSTRAINT `contact_branch_ibfk_1` FOREIGN KEY (`contact_id`) REFERENCES `contacts` (`id`),
  CONSTRAINT `contact_branch_ibfk_2` FOREIGN KEY (`company_id`) REFERENCES `companies` (`id`)
) ENGINE=InnoDB DEFAULT CHARSET=utf8;

/*Data for the table `contact_branch` */

/*Table structure for table `contact_department` */

DROP TABLE IF EXISTS `contact_department`;

CREATE TABLE `contact_department` (
  `contact_id` int(11) unsigned NOT NULL,
  `company_id` int(11) unsigned NOT NULL,
  `branch_id` int(11) unsigned NOT NULL,
  `department_id` int(11) unsigned NOT NULL,
  `created_at` datetime DEFAULT NULL,
  `is_active` tinyint(1) DEFAULT '0',
  `is_primary` tinyint(1) DEFAULT '0',
  PRIMARY KEY (`contact_id`,`company_id`,`branch_id`,`department_id`),
  KEY `company_id` (`company_id`),
  KEY `department_id` (`department_id`),
  KEY `branch_id` (`branch_id`),
  CONSTRAINT `contact_department_ibfk_1` FOREIGN KEY (`company_id`) REFERENCES `companies` (`id`),
  CONSTRAINT `contact_department_ibfk_3` FOREIGN KEY (`department_id`) REFERENCES `departments` (`id`),
  CONSTRAINT `contact_department_ibfk_4` FOREIGN KEY (`branch_id`) REFERENCES `branches` (`id`),
  CONSTRAINT `contact_department_ibfk_5` FOREIGN KEY (`contact_id`) REFERENCES `contacts` (`id`),
  CONSTRAINT `contact_department_ibfk_6` FOREIGN KEY (`contact_id`) REFERENCES `contact_branch` (`contact_id`)
) ENGINE=InnoDB DEFAULT CHARSET=utf8;

/*Data for the table `contact_department` */

/*Table structure for table `contacts` */

DROP TABLE IF EXISTS `contacts`;

CREATE TABLE `contacts` (
  `id` int(11) unsigned NOT NULL AUTO_INCREMENT,
  `created_at` datetime DEFAULT NULL,
  `updated_at` datetime DEFAULT NULL,
  `google_id` varchar(255) DEFAULT NULL,
  `register_by` enum('site','facebook','google','linkedin') DEFAULT NULL,
  `gender` varchar(100) DEFAULT 'Unset',
  `unique_name` varchar(100) DEFAULT NULL,
  PRIMARY KEY (`id`)
) ENGINE=InnoDB AUTO_INCREMENT=5 DEFAULT CHARSET=utf8;

/*Data for the table `contacts` */

insert  into `contacts`(`id`,`created_at`,`updated_at`,`google_id`,`register_by`,`gender`,`unique_name`) values (1,'2018-03-25 16:48:10','2018-04-05 11:48:12','people/c3996015131164924207','facebook','male','moath-odat');

/*Table structure for table `contacts_avatar` */

DROP TABLE IF EXISTS `contacts_avatar`;

CREATE TABLE `contacts_avatar` (
  `file_id` int(11) unsigned NOT NULL,
  `contact_id` int(11) unsigned NOT NULL,
  `created_at` datetime DEFAULT NULL,
  `is_primary` tinyint(1) DEFAULT '0',
  PRIMARY KEY (`file_id`,`contact_id`),
  KEY `contact_id` (`contact_id`),
  CONSTRAINT `contacts_avatar_ibfk_1` FOREIGN KEY (`contact_id`) REFERENCES `contacts` (`id`),
  CONSTRAINT `contacts_avatar_ibfk_2` FOREIGN KEY (`file_id`) REFERENCES `files` (`id`)
) ENGINE=InnoDB DEFAULT CHARSET=utf8;

/*Data for the table `contacts_avatar` */

insert  into `contacts_avatar`(`file_id`,`contact_id`,`created_at`,`is_primary`) values (158,1,'2018-04-05 11:03:37',1),(163,1,'2018-04-05 11:48:12',1);

/*Table structure for table `contacts_emails` */

DROP TABLE IF EXISTS `contacts_emails`;

CREATE TABLE `contacts_emails` (
  `id` int(11) unsigned NOT NULL AUTO_INCREMENT,
  `email` varchar(100) NOT NULL,
  `contact_id` int(11) unsigned NOT NULL,
  `created_at` datetime DEFAULT NULL,
  `type` varchar(50) DEFAULT NULL,
  `is_primary` tinyint(1) DEFAULT '0',
  PRIMARY KEY (`id`),
  UNIQUE KEY `email` (`email`),
  KEY `id` (`id`),
  KEY `contact_id` (`contact_id`),
  CONSTRAINT `contacts_emails_ibfk_1` FOREIGN KEY (`contact_id`) REFERENCES `contacts` (`id`)
) ENGINE=InnoDB AUTO_INCREMENT=5 DEFAULT CHARSET=utf8;

/*Data for the table `contacts_emails` */

insert  into `contacts_emails`(`id`,`email`,`contact_id`,`created_at`,`type`,`is_primary`) values (1,'moad.odat@gmail.com',1,'2018-04-05 11:26:21',NULL,1);

/*Table structure for table `contacts_mobiles` */

DROP TABLE IF EXISTS `contacts_mobiles`;

CREATE TABLE `contacts_mobiles` (
  `id` int(11) unsigned NOT NULL AUTO_INCREMENT,
  `mobile` varchar(100) NOT NULL,
  `type` varchar(50) DEFAULT NULL,
  `contact_id` int(11) unsigned NOT NULL,
  `created_at` datetime DEFAULT NULL,
  `is_primary` tinyint(1) DEFAULT '0',
  PRIMARY KEY (`id`),
  UNIQUE KEY `mobile` (`mobile`),
  KEY `contact_id` (`contact_id`),
  CONSTRAINT `contacts_mobiles_ibfk_1` FOREIGN KEY (`contact_id`) REFERENCES `contacts` (`id`)
) ENGINE=InnoDB AUTO_INCREMENT=2 DEFAULT CHARSET=utf8;

/*Data for the table `contacts_mobiles` */

/*Table structure for table `contacts_names` */

DROP TABLE IF EXISTS `contacts_names`;

CREATE TABLE `contacts_names` (
  `contact_id` int(11) unsigned NOT NULL,
  `display_name` varchar(100) DEFAULT NULL,
  `full_name` varchar(255) NOT NULL,
  `first_name` varchar(100) DEFAULT NULL,
  `middle_name` varchar(100) DEFAULT NULL,
  `last_name` varchar(100) DEFAULT NULL,
  `created_at` datetime DEFAULT NULL,
  `updated_at` datetime DEFAULT NULL,
  `is_primary` tinyint(1) DEFAULT '0',
  PRIMARY KEY (`contact_id`,`full_name`),
  CONSTRAINT `contacts_names_ibfk_1` FOREIGN KEY (`contact_id`) REFERENCES `contacts` (`id`)
) ENGINE=InnoDB DEFAULT CHARSET=utf8;

/*Data for the table `contacts_names` */

insert  into `contacts_names`(`contact_id`,`display_name`,`full_name`,`first_name`,`middle_name`,`last_name`,`created_at`,`updated_at`,`is_primary`) values (1,'Basic12','Moath Odat','Moath',NULL,'Odat','2018-04-05 11:48:12','2018-04-05 11:48:12',1),(1,'Moath Qasem Odat','Moath Qasem Odat','Moath','Qasem','Odat','2018-04-05 11:00:30','2018-04-05 11:48:06',1);

/*Table structure for table `contacts_permissions` */

DROP TABLE IF EXISTS `contacts_permissions`;

CREATE TABLE `contacts_permissions` (
  `permission_id` int(11) unsigned NOT NULL,
  `contact_id` int(11) unsigned NOT NULL,
  `created_at` datetime DEFAULT NULL,
  `updated_at` datetime DEFAULT NULL,
  `deleted_at` datetime DEFAULT NULL,
  PRIMARY KEY (`permission_id`,`contact_id`),
  KEY `permission_user_permission_id_index` (`permission_id`),
  KEY `permission_user_user_id_index` (`contact_id`),
  CONSTRAINT `contacts_permissions_ibfk_1` FOREIGN KEY (`permission_id`) REFERENCES `permissions` (`id`),
  CONSTRAINT `contacts_permissions_ibfk_2` FOREIGN KEY (`contact_id`) REFERENCES `contacts` (`id`)
) ENGINE=InnoDB DEFAULT CHARSET=utf8 COLLATE=utf8_unicode_ci;

/*Data for the table `contacts_permissions` */

/*Table structure for table `contacts_roles` */

DROP TABLE IF EXISTS `contacts_roles`;

CREATE TABLE `contacts_roles` (
  `contact_id` int(11) unsigned NOT NULL,
  `role_id` int(11) unsigned NOT NULL,
  `created_at` datetime DEFAULT NULL,
  `updated_at` datetime DEFAULT NULL,
  `active` tinyint(1) DEFAULT '0',
  `deleted_at` timestamp NULL DEFAULT NULL,
  PRIMARY KEY (`contact_id`,`role_id`),
  KEY `role_id` (`role_id`),
  CONSTRAINT `contacts_roles_ibfk_1` FOREIGN KEY (`contact_id`) REFERENCES `contacts` (`id`),
  CONSTRAINT `contacts_roles_ibfk_2` FOREIGN KEY (`role_id`) REFERENCES `roles` (`id`)
) ENGINE=InnoDB DEFAULT CHARSET=utf8;

/*Data for the table `contacts_roles` */

/*Table structure for table `contacts_social` */

DROP TABLE IF EXISTS `contacts_social`;

CREATE TABLE `contacts_social` (
  `id` int(11) unsigned NOT NULL AUTO_INCREMENT,
  `social_type` enum('facebook','google','linkedin','github','twitter') NOT NULL,
  `social_id` varchar(255) NOT NULL,
  `created_at` datetime DEFAULT NULL,
  `is_primary` tinyint(1) DEFAULT '0',
  `contact_id` int(11) unsigned NOT NULL,
  `link` text,
  PRIMARY KEY (`id`),
  KEY `id` (`id`),
  KEY `contact_id` (`social_id`),
  KEY `file_id` (`social_type`),
  KEY `contact_id_2` (`contact_id`),
  CONSTRAINT `contacts_social_ibfk_1` FOREIGN KEY (`contact_id`) REFERENCES `contacts` (`id`)
) ENGINE=InnoDB AUTO_INCREMENT=7 DEFAULT CHARSET=utf8;

/*Data for the table `contacts_social` */

insert  into `contacts_social`(`id`,`social_type`,`social_id`,`created_at`,`is_primary`,`contact_id`,`link`) values (1,'facebook','104129088520037433655','2018-04-05 11:46:50',1,1,NULL);

/*Table structure for table `countries` */

DROP TABLE IF EXISTS `countries`;

CREATE TABLE `countries` (
  `id` int(11) NOT NULL AUTO_INCREMENT,
  `code` varchar(2) NOT NULL DEFAULT '',
  `name` varchar(100) NOT NULL DEFAULT '',
  PRIMARY KEY (`id`)
) ENGINE=InnoDB AUTO_INCREMENT=246 DEFAULT CHARSET=utf8;

/*Data for the table `countries` */

insert  into `countries`(`id`,`code`,`name`) values (1,'af','afghanistan'),(2,'al','albania'),(3,'dz','algeria'),(4,'ds','american samoa'),(5,'ad','andorra'),(6,'ao','angola'),(7,'ai','anguilla'),(8,'aq','antarctica'),(9,'ag','antigua and barbuda'),(10,'ar','argentina'),(11,'am','armenia'),(12,'aw','aruba'),(13,'au','australia'),(14,'at','austria'),(15,'az','azerbaijan'),(16,'bs','bahamas'),(17,'bh','bahrain'),(18,'bd','bangladesh'),(19,'bb','barbados'),(20,'by','belarus'),(21,'be','belgium'),(22,'bz','belize'),(23,'bj','benin'),(24,'bm','bermuda'),(25,'bt','bhutan'),(26,'bo','bolivia'),(27,'ba','bosnia and herzegovina'),(28,'bw','botswana'),(29,'bv','bouvet island'),(30,'br','brazil'),(31,'io','british indian ocean territory'),(32,'bn','brunei darussalam'),(33,'bg','bulgaria'),(34,'bf','burkina faso'),(35,'bi','burundi'),(36,'kh','cambodia'),(37,'cm','cameroon'),(38,'ca','canada'),(39,'cv','cape verde'),(40,'ky','cayman islands'),(41,'cf','central african republic'),(42,'td','chad'),(43,'cl','chile'),(44,'cn','china'),(45,'cx','christmas island'),(46,'cc','cocos (keeling) islands'),(47,'co','colombia'),(48,'km','comoros'),(49,'cg','congo'),(50,'ck','cook islands'),(51,'cr','costa rica'),(52,'hr','croatia (hrvatska)'),(53,'cu','cuba'),(54,'cy','cyprus'),(55,'cz','czech republic'),(56,'dk','denmark'),(57,'dj','djibouti'),(58,'dm','dominica'),(59,'do','dominican republic'),(60,'tp','east timor'),(61,'ec','ecuador'),(62,'eg','egypt'),(63,'sv','el salvador'),(64,'gq','equatorial guinea'),(65,'er','eritrea'),(66,'ee','estonia'),(67,'et','ethiopia'),(68,'fk','falkland islands (malvinas)'),(69,'fo','faroe islands'),(70,'fj','fiji'),(71,'fi','finland'),(72,'fr','france'),(73,'fx','france, metropolitan'),(74,'gf','french guiana'),(75,'pf','french polynesia'),(76,'tf','french southern territories'),(77,'ga','gabon'),(78,'gm','gambia'),(79,'ge','georgia'),(80,'de','germany'),(81,'gh','ghana'),(82,'gi','gibraltar'),(83,'gk','guernsey'),(84,'gr','greece'),(85,'gl','greenland'),(86,'gd','grenada'),(87,'gp','guadeloupe'),(88,'gu','guam'),(89,'gt','guatemala'),(90,'gn','guinea'),(91,'gw','guinea-bissau'),(92,'gy','guyana'),(93,'ht','haiti'),(94,'hm','heard and mc donald islands'),(95,'hn','honduras'),(96,'hk','hong kong'),(97,'hu','hungary'),(98,'is','iceland'),(99,'in','india'),(100,'im','isle of man'),(101,'id','indonesia'),(102,'ir','iran (islamic republic of)'),(103,'iq','iraq'),(104,'ie','ireland'),(105,'il','israel'),(106,'it','italy'),(107,'ci','ivory coast'),(108,'je','jersey'),(109,'jm','jamaica'),(110,'jp','japan'),(111,'jo','jordan'),(112,'kz','kazakhstan'),(113,'ke','kenya'),(114,'ki','kiribati'),(115,'kp','korea, democratic people\'s republic of'),(116,'kr','korea, republic of'),(117,'xk','kosovo'),(118,'kw','kuwait'),(119,'kg','kyrgyzstan'),(120,'la','lao people\'s democratic republic'),(121,'lv','latvia'),(122,'lb','lebanon'),(123,'ls','lesotho'),(124,'lr','liberia'),(125,'ly','libyan arab jamahiriya'),(126,'li','liechtenstein'),(127,'lt','lithuania'),(128,'lu','luxembourg'),(129,'mo','macau'),(130,'mk','macedonia'),(131,'mg','madagascar'),(132,'mw','malawi'),(133,'my','malaysia'),(134,'mv','maldives'),(135,'ml','mali'),(136,'mt','malta'),(137,'mh','marshall islands'),(138,'mq','martinique'),(139,'mr','mauritania'),(140,'mu','mauritius'),(141,'ty','mayotte'),(142,'mx','mexico'),(143,'fm','micronesia, federated states of'),(144,'md','moldova, republic of'),(145,'mc','monaco'),(146,'mn','mongolia'),(147,'me','montenegro'),(148,'ms','montserrat'),(149,'ma','morocco'),(150,'mz','mozambique'),(151,'mm','myanmar'),(152,'na','namibia'),(153,'nr','nauru'),(154,'np','nepal'),(155,'nl','netherlands'),(156,'an','netherlands antilles'),(157,'nc','new caledonia'),(158,'nz','new zealand'),(159,'ni','nicaragua'),(160,'ne','niger'),(161,'ng','nigeria'),(162,'nu','niue'),(163,'nf','norfolk island'),(164,'mp','northern mariana islands'),(165,'no','norway'),(166,'om','oman'),(167,'pk','pakistan'),(168,'pw','palau'),(169,'ps','palestine'),(170,'pa','panama'),(171,'pg','papua new guinea'),(172,'py','paraguay'),(173,'pe','peru'),(174,'ph','philippines'),(175,'pn','pitcairn'),(176,'pl','poland'),(177,'pt','portugal'),(178,'pr','puerto rico'),(179,'qa','qatar'),(180,'re','reunion'),(181,'ro','romania'),(182,'ru','russian federation'),(183,'rw','rwanda'),(184,'kn','saint kitts and nevis'),(185,'lc','saint lucia'),(186,'vc','saint vincent and the grenadines'),(187,'ws','samoa'),(188,'sm','san marino'),(189,'st','sao tome and principe'),(190,'sa','saudi arabia'),(191,'sn','senegal'),(192,'rs','serbia'),(193,'sc','seychelles'),(194,'sl','sierra leone'),(195,'sg','singapore'),(196,'sk','slovakia'),(197,'si','slovenia'),(198,'sb','solomon islands'),(199,'so','somalia'),(200,'za','south africa'),(201,'gs','south georgia south sandwich islands'),(202,'es','spain'),(203,'lk','sri lanka'),(204,'sh','st. helena'),(205,'pm','st. pierre and miquelon'),(206,'sd','sudan'),(207,'sr','suriname'),(208,'sj','svalbard and jan mayen islands'),(209,'sz','swaziland'),(210,'se','sweden'),(211,'ch','switzerland'),(212,'sy','syrian arab republic'),(213,'tw','taiwan'),(214,'tj','tajikistan'),(215,'tz','tanzania, united republic of'),(216,'th','thailand'),(217,'tg','togo'),(218,'tk','tokelau'),(219,'to','tonga'),(220,'tt','trinidad and tobago'),(221,'tn','tunisia'),(222,'tr','turkey'),(223,'tm','turkmenistan'),(224,'tc','turks and caicos islands'),(225,'tv','tuvalu'),(226,'ug','uganda'),(227,'ua','ukraine'),(228,'ae','united arab emirates'),(229,'gb','united kingdom'),(230,'us','united states'),(231,'um','united states minor outlying islands'),(232,'uy','uruguay'),(233,'uz','uzbekistan'),(234,'vu','vanuatu'),(235,'va','vatican city state'),(236,'ve','venezuela'),(237,'vn','vietnam'),(238,'vg','virgin islands (british)'),(239,'vi','virgin islands (u.s.)'),(240,'wf','wallis and futuna islands'),(241,'eh','western sahara'),(242,'ye','yemen'),(243,'zr','zaire'),(244,'zm','zambia'),(245,'zw','zimbabwe');

/*Table structure for table `department_permission` */

DROP TABLE IF EXISTS `department_permission`;

CREATE TABLE `department_permission` (
  `department_id` int(11) unsigned NOT NULL,
  `permission_id` int(11) unsigned NOT NULL,
  `created_at` datetime DEFAULT NULL,
  `updated_at` datetime DEFAULT NULL,
  `is_granted` tinyint(1) DEFAULT '0' COMMENT '0 deny, 1 allow',
  `deleted_at` timestamp NULL DEFAULT NULL,
  PRIMARY KEY (`department_id`,`permission_id`),
  KEY `permission_id` (`permission_id`)
) ENGINE=InnoDB DEFAULT CHARSET=utf8;

/*Data for the table `department_permission` */

insert  into `department_permission`(`department_id`,`permission_id`,`created_at`,`updated_at`,`is_granted`,`deleted_at`) values (6,24,'2017-08-28 13:21:54','2017-08-28 13:21:54',0,NULL),(6,25,'2017-08-28 13:21:54','2017-08-28 13:21:54',0,NULL),(6,26,'2017-08-28 13:21:54','2017-08-28 13:21:54',0,NULL),(6,27,'2017-08-28 13:21:54','2017-08-28 13:21:54',0,NULL),(6,31,'2017-08-28 13:21:54','2017-08-28 13:21:54',0,NULL),(6,67,'2017-08-28 13:21:54','2017-08-28 13:21:54',0,NULL),(6,68,'2017-08-28 13:21:54','2017-08-28 13:21:54',0,NULL);

/*Table structure for table `department_role` */

DROP TABLE IF EXISTS `department_role`;

CREATE TABLE `department_role` (
  `department_id` int(11) unsigned NOT NULL,
  `role_id` int(11) unsigned NOT NULL,
  `created_at` datetime DEFAULT NULL,
  `updated_at` datetime DEFAULT NULL,
  `active` tinyint(1) DEFAULT '0',
  `deleted_at` timestamp NULL DEFAULT NULL,
  PRIMARY KEY (`department_id`,`role_id`),
  KEY `role_id` (`role_id`)
) ENGINE=InnoDB DEFAULT CHARSET=utf8;

/*Data for the table `department_role` */

insert  into `department_role`(`department_id`,`role_id`,`created_at`,`updated_at`,`active`,`deleted_at`) values (7,32,'2017-08-23 12:37:30','2017-08-23 12:37:30',0,NULL),(7,33,'2017-08-23 12:37:30','2017-08-23 12:37:30',0,NULL),(19,33,'2017-08-28 12:55:45','2017-08-28 12:55:45',0,NULL),(20,33,'2017-08-29 11:06:36','2017-08-29 11:06:36',0,NULL);

/*Table structure for table `departments` */

DROP TABLE IF EXISTS `departments`;

CREATE TABLE `departments` (
  `id` int(11) unsigned NOT NULL AUTO_INCREMENT,
  `name` varchar(50) NOT NULL,
  `description` text,
  `parent_department_id` int(11) unsigned DEFAULT NULL,
  `created_at` datetime DEFAULT NULL,
  `updated_at` datetime DEFAULT NULL,
  `branch_id` int(11) unsigned NOT NULL,
  `logo` int(11) unsigned DEFAULT NULL,
  `deleted_at` timestamp NULL DEFAULT NULL,
  PRIMARY KEY (`id`),
  KEY `company_id` (`branch_id`),
  KEY `logo` (`logo`),
  CONSTRAINT `departments_ibfk_1` FOREIGN KEY (`branch_id`) REFERENCES `branches` (`id`)
) ENGINE=InnoDB AUTO_INCREMENT=9 DEFAULT CHARSET=utf8;

/*Data for the table `departments` */

insert  into `departments`(`id`,`name`,`description`,`parent_department_id`,`created_at`,`updated_at`,`branch_id`,`logo`,`deleted_at`) values (1,'hr','hr department',NULL,'2017-05-22 00:00:00','2017-05-22 00:00:00',1,NULL,NULL),(2,'IT','IT department',NULL,'2017-05-10 09:51:21','2017-05-10 09:51:23',1,NULL,NULL),(3,'php department','development department',1,'2017-05-22 00:00:00','2017-05-22 00:00:00',1,NULL,NULL),(4,'QA','Quality Assurance',NULL,NULL,NULL,1,NULL,NULL),(5,'Designers','UX/UI',2,NULL,'2017-08-16 07:43:24',1,45,'2017-08-16 07:43:24'),(6,'management ','management dept\r\n',NULL,NULL,NULL,1,NULL,NULL),(7,'PHP Dev Odat','development',NULL,NULL,NULL,2,NULL,NULL),(8,'Mobile Devopment',NULL,2,NULL,NULL,1,NULL,NULL);

/*Table structure for table `devices` */

DROP TABLE IF EXISTS `devices`;

CREATE TABLE `devices` (
  `id` int(11) unsigned NOT NULL AUTO_INCREMENT,
  `ip` varchar(20) DEFAULT NULL,
  `token` text,
  `fcm_token` text,
  `user_id` int(11) unsigned DEFAULT NULL,
  `created_at` datetime DEFAULT NULL,
  `last_login` datetime DEFAULT NULL,
  `active` tinyint(1) DEFAULT '1',
  `browser` varchar(50) DEFAULT NULL,
  `browser_version` varchar(50) DEFAULT NULL,
  `platform` varchar(50) DEFAULT NULL,
  `platform_version` varchar(50) DEFAULT NULL,
  `device` varchar(50) DEFAULT NULL,
  `languages` varchar(10) DEFAULT NULL,
  PRIMARY KEY (`id`),
  KEY `user_id` (`user_id`),
  CONSTRAINT `devices_ibfk_1` FOREIGN KEY (`user_id`) REFERENCES `users` (`id`)
) ENGINE=InnoDB AUTO_INCREMENT=183 DEFAULT CHARSET=utf8;

/*Data for the table `devices` */

insert  into `devices`(`id`,`ip`,`token`,`fcm_token`,`user_id`,`created_at`,`last_login`,`active`,`browser`,`browser_version`,`platform`,`platform_version`,`device`,`languages`) values (177,'192.168.1.111','eyJ0eXAiOiJKV1QiLCJhbGciOiJIUzI1NiJ9.eyJpc3MiOiJpZCIsInN1YiI6IjEiLCJpYXQiOjE1MjI5MTQzMjYsImV4cCI6MTUyMzAwMDcyNn0.ixOMA8KW1IARox9auPj-TRfy2FquWskkDXOSQjF9isc','unknown',1,'2018-04-05 11:45:26','2018-04-05 11:45:26',1,'Chrome','65.0.3325.181','Windows','10.0','WebKit',NULL),(178,'192.168.1.111','eyJ0eXAiOiJKV1QiLCJhbGciOiJIUzI1NiJ9.eyJpc3MiOiJpZCIsInN1YiI6IjEiLCJpYXQiOjE1MjI5MTQ0MTAsImV4cCI6MTUyMzAwMDgxMH0.6BGQgA68Qjn9s1ETUCQ9SaUlOzv8kUjo6S1z4HIv9eM','unknown',1,'2018-04-05 11:46:50','2018-04-05 11:46:50',1,'Chrome','65.0.3325.181','Windows','10.0','WebKit',NULL),(179,'192.168.1.111','eyJ0eXAiOiJKV1QiLCJhbGciOiJIUzI1NiJ9.eyJpc3MiOiJpZCIsInN1YiI6IjEiLCJpYXQiOjE1MjI5MTQ0ODYsImV4cCI6MTUyMzAwMDg4Nn0._-Iwix0vggptRc99_9_h4UwgWbmJfHthqLT9CCTo6jY','unknown',1,'2018-04-05 11:48:06','2018-04-05 11:48:06',1,'Chrome','65.0.3325.181','Windows','10.0','WebKit',NULL),(180,'unknown','eyJ0eXAiOiJKV1QiLCJhbGciOiJIUzI1NiJ9.eyJpc3MiOiJlbWFpbCIsInN1YiI6IjEiLCJpYXQiOjE1MjI5MTQ0OTIsImV4cCI6MTUyMzAwMDg5Mn0.jGFbiZKB5YIsPtdLjD4N8V_nH71zagGL-UZTo7Vd8X8','unknown',1,'2018-04-05 11:48:12','2018-04-05 11:48:12',1,'unknown','unknown','unknown','unknown','unknown','unknown'),(181,'192.168.1.111','eyJ0eXAiOiJKV1QiLCJhbGciOiJIUzI1NiJ9.eyJpc3MiOiJpZCIsInN1YiI6IjEiLCJpYXQiOjE1MjMxMzYzODAsImV4cCI6MTUyMzc0MTE4MH0.QgqaBv665LzRqIU-BQnyehp-kwEzqk4VZ4QXVKTf8wk','unknown',1,'2018-04-08 01:26:20','2018-04-08 01:26:20',1,'Chrome','65.0.3325.181','Windows','10.0','WebKit',NULL),(182,'192.168.1.111','eyJ0eXAiOiJKV1QiLCJhbGciOiJIUzI1NiJ9.eyJpc3MiOiJpZCIsInN1YiI6IjEiLCJpYXQiOjE1MjMxNjY3NDEsImV4cCI6MTUyMzc3MTU0MX0.StdlWavj00CsLTKpwGWzKnxLJ5ov6dF1ewA81h2vzhM','unknown',1,'2018-04-08 09:52:21','2018-04-08 09:52:21',1,'Chrome','65.0.3325.181','Windows','10.0','WebKit',NULL);

/*Table structure for table `document_action` */

DROP TABLE IF EXISTS `document_action`;

CREATE TABLE `document_action` (
  `id` int(11) unsigned NOT NULL AUTO_INCREMENT,
  `notes` text,
  `document_id` int(11) unsigned NOT NULL,
  `account_id` int(11) unsigned NOT NULL,
  `action_id` int(10) unsigned NOT NULL,
  `created_at` datetime DEFAULT NULL,
  PRIMARY KEY (`id`),
  KEY `action_id` (`action_id`),
  KEY `document_id` (`document_id`),
  KEY `account_id` (`account_id`)
) ENGINE=InnoDB DEFAULT CHARSET=utf8;

/*Data for the table `document_action` */

/*Table structure for table `document_categories` */

DROP TABLE IF EXISTS `document_categories`;

CREATE TABLE `document_categories` (
  `id` int(11) unsigned NOT NULL AUTO_INCREMENT,
  `name` varchar(50) DEFAULT NULL,
  `parent_category_id` int(11) unsigned DEFAULT NULL,
  `created_at` datetime DEFAULT NULL,
  `updated_at` datetime DEFAULT NULL,
  `deleted_at` timestamp NULL DEFAULT NULL,
  `default_workflow_id` int(11) unsigned DEFAULT '1',
  PRIMARY KEY (`id`),
  KEY `parent_category_id` (`parent_category_id`)
) ENGINE=InnoDB AUTO_INCREMENT=25 DEFAULT CHARSET=utf8;

/*Data for the table `document_categories` */

insert  into `document_categories`(`id`,`name`,`parent_category_id`,`created_at`,`updated_at`,`deleted_at`,`default_workflow_id`) values (1,'General Documents',NULL,'2017-07-08 19:26:33','2017-07-08 19:26:35',NULL,1),(2,'News Documents ',NULL,'2017-07-08 19:27:10','2017-07-08 19:27:12',NULL,1),(3,'Instructions Documents',NULL,'2017-07-11 10:02:48','2017-07-11 10:03:11',NULL,1),(4,'Record Documents',NULL,'2017-07-11 10:02:51','2017-07-11 10:03:13',NULL,1),(5,'Tentative Documents',NULL,'2017-07-11 10:02:53','2017-07-11 10:03:15',NULL,1),(6,'Templates',NULL,'2017-07-11 10:02:55','2017-07-11 11:03:17',NULL,1),(7,'Circular',1,'2017-07-05 11:28:27','2017-07-06 12:28:31',NULL,1),(8,'Memo',1,'2017-07-04 12:29:32','2017-07-04 12:29:35',NULL,1),(9,'letter',1,'2017-07-12 16:00:16','2017-07-12 16:00:20',NULL,1),(10,'Post Sheet',1,'2017-07-12 16:00:59','2017-07-12 16:01:03',NULL,1),(11,'Report',NULL,'2017-07-12 16:03:06','2017-07-12 16:03:09',NULL,1),(13,'Minutes',4,'2017-07-05 16:07:20','2017-07-12 16:07:24',NULL,1),(14,'Announcement',5,'2017-07-12 16:07:52','2017-07-12 16:07:55',NULL,1),(15,'Notice',5,'2017-07-12 16:08:31','2017-07-12 16:08:34',NULL,1),(16,'Statement',5,'2017-07-12 16:08:45','2017-07-12 16:08:48',NULL,1),(17,'Bulletin',5,'2017-07-12 16:09:09','2017-07-12 16:09:12',NULL,1),(18,'Telegram',5,'2017-07-12 16:09:35','2017-07-12 16:09:38',NULL,1),(19,'Invoices',6,'2017-07-12 16:09:59','2017-07-12 16:10:01',NULL,1),(20,'Receipts',6,'2017-07-12 16:10:21','2017-07-12 16:10:23',NULL,1),(21,'Cards',6,'2017-07-12 16:10:37','2017-07-12 16:10:40',NULL,1),(22,'Material requests ',6,'2017-07-12 16:10:53','2017-07-12 16:10:55',NULL,1),(23,'Certificates',6,'2017-07-12 16:11:09','2017-07-12 16:11:11',NULL,1),(24,'Travel Tickets ',6,'2017-07-12 16:11:25','2017-07-12 16:11:29',NULL,1);

/*Table structure for table `document_category_department` */

DROP TABLE IF EXISTS `document_category_department`;

CREATE TABLE `document_category_department` (
  `category_id` int(11) unsigned NOT NULL,
  `department_id` int(11) unsigned NOT NULL,
  `active` tinyint(1) DEFAULT '0',
  `created_at` timestamp NULL DEFAULT NULL,
  `updated_at` timestamp NULL DEFAULT NULL,
  `deleted_at` timestamp NULL DEFAULT NULL,
  PRIMARY KEY (`category_id`,`department_id`),
  KEY `department_id` (`department_id`)
) ENGINE=InnoDB DEFAULT CHARSET=utf8;

/*Data for the table `document_category_department` */

/*Table structure for table `document_contact_recipient` */

DROP TABLE IF EXISTS `document_contact_recipient`;

CREATE TABLE `document_contact_recipient` (
  `document_id` int(11) unsigned NOT NULL,
  `contact_id` int(11) unsigned NOT NULL,
  `type` enum('To','CC','Signer') NOT NULL,
  `display_name` text,
  `created_at` datetime DEFAULT NULL,
  `notify` tinyint(1) DEFAULT '0',
  `can_read` tinyint(1) DEFAULT '0',
  `is_read` tinyint(1) DEFAULT '0',
  `read_at` datetime DEFAULT NULL,
  PRIMARY KEY (`document_id`,`contact_id`,`type`),
  CONSTRAINT `document_contact_recipient_ibfk_1` FOREIGN KEY (`document_id`) REFERENCES `documents` (`id`)
) ENGINE=InnoDB DEFAULT CHARSET=utf8;

/*Data for the table `document_contact_recipient` */

insert  into `document_contact_recipient`(`document_id`,`contact_id`,`type`,`display_name`,`created_at`,`notify`,`can_read`,`is_read`,`read_at`) values (4,1,'To','السيد معاذ عودات','2018-04-08 10:56:16',0,0,0,NULL),(4,1,'CC','نسخة الى معاذ','2018-04-08 10:56:16',0,0,0,NULL),(4,1,'Signer','السيد معاذ عودات','2018-04-08 10:56:16',1,1,0,NULL),(5,1,'To','السيد معاذ عودات','2018-04-08 10:57:51',0,0,0,NULL),(5,1,'CC','نسخة الى معاذ','2018-04-08 10:57:52',0,0,0,NULL),(5,1,'Signer','السيد معاذ عودات','2018-04-08 10:57:52',1,1,0,NULL);

/*Table structure for table `document_department` */

DROP TABLE IF EXISTS `document_department`;

CREATE TABLE `document_department` (
  `document_id` int(11) unsigned NOT NULL,
  `department_id` int(11) unsigned NOT NULL,
  `created_at` timestamp NULL DEFAULT NULL,
  `updated_at` timestamp NULL DEFAULT NULL,
  `deleted_at` timestamp NULL DEFAULT NULL,
  PRIMARY KEY (`document_id`,`department_id`),
  KEY `department_id` (`department_id`)
) ENGINE=InnoDB DEFAULT CHARSET=utf8;

/*Data for the table `document_department` */

/*Table structure for table `document_file` */

DROP TABLE IF EXISTS `document_file`;

CREATE TABLE `document_file` (
  `document_id` int(11) unsigned NOT NULL,
  `file_id` int(11) unsigned NOT NULL,
  `valid` tinyint(1) DEFAULT '0',
  `created_at` timestamp NULL DEFAULT NULL,
  `updated_at` timestamp NULL DEFAULT NULL,
  `deleted_at` timestamp NULL DEFAULT NULL,
  PRIMARY KEY (`document_id`,`file_id`),
  KEY `file_id` (`file_id`),
  CONSTRAINT `document_file_ibfk_1` FOREIGN KEY (`file_id`) REFERENCES `files` (`id`)
) ENGINE=InnoDB DEFAULT CHARSET=utf8;

/*Data for the table `document_file` */

insert  into `document_file`(`document_id`,`file_id`,`valid`,`created_at`,`updated_at`,`deleted_at`) values (1,154,NULL,'2018-02-25 12:49:06',NULL,NULL),(3,155,NULL,'2018-02-26 09:40:59',NULL,NULL),(5,156,NULL,'2018-02-26 12:15:29',NULL,NULL),(104,131,NULL,'2017-11-01 13:14:53',NULL,NULL),(104,132,NULL,'2017-11-01 13:14:53',NULL,NULL),(117,136,0,'2017-11-29 16:51:13',NULL,NULL),(121,141,0,'2017-11-30 16:47:51',NULL,NULL),(121,142,0,'2017-11-30 16:47:51',NULL,NULL),(137,151,NULL,'2018-02-22 09:35:39',NULL,NULL),(137,152,NULL,'2018-02-22 09:35:39',NULL,NULL),(138,151,NULL,'2018-02-22 09:37:36',NULL,NULL),(138,152,NULL,'2018-02-22 09:37:36',NULL,NULL),(139,153,NULL,'2018-02-22 10:02:05',NULL,NULL);

/*Table structure for table `document_history` */

DROP TABLE IF EXISTS `document_history`;

CREATE TABLE `document_history` (
  `id` int(11) unsigned NOT NULL AUTO_INCREMENT,
  `title` varchar(50) DEFAULT NULL,
  `content` longtext,
  `contact_id` int(11) unsigned NOT NULL,
  `created_at` datetime DEFAULT NULL,
  `updated_at` timestamp NULL DEFAULT NULL,
  `deleted_at` timestamp NULL DEFAULT NULL,
  PRIMARY KEY (`id`),
  KEY `document_id` (`contact_id`)
) ENGINE=InnoDB AUTO_INCREMENT=13 DEFAULT CHARSET=utf8;

/*Data for the table `document_history` */

insert  into `document_history`(`id`,`title`,`content`,`contact_id`,`created_at`,`updated_at`,`deleted_at`) values (2,'create-audit-siign','<div class=\"subject_page\">create-audit-siign</div>\n<div>&nbsp;</div>\n<p>Hello&nbsp;</p>\n<p>This for create audit sign document</p>',30,'2018-03-04 09:42:06',NULL,NULL),(3,'create-audit-siign','<div class=\"subject_page\">create-audit-siign</div>\n<div>&nbsp;</div>\n<p>Hello&nbsp;</p>\n<p>This for create audit sign document</p>',30,'2018-03-04 10:00:07',NULL,NULL),(4,'create-audit-siign','<div class=\"subject_page\">create-audit-siign</div>\n<div>&nbsp;</div>\n<p>Hello&nbsp;</p>\n<p>This for create audit sign document</p>',30,'2018-03-04 10:02:14',NULL,NULL),(5,'create-audit-siign','<div class=\"subject_page\">create-audit-siign</div>\n<div>&nbsp;</div>\n<p>Hello&nbsp;</p>\n<p>2This for create audit sign document</p>',30,'2018-03-04 12:06:06',NULL,NULL),(6,'create-audit-siign','<div class=\"subject_page\">create-audit-siign</div>\n<div>&nbsp;</div>\n<p>Hello&nbsp;</p>\n<p>2This for create audit sign document</p>',30,'2018-03-06 10:34:01',NULL,NULL),(7,'create-audit-siign','<div class=\"subject_page\">create-audit-siign</div>\n<div>&nbsp;</div>\n<p>Hello&nbsp;</p>\n<p>2This for create audit sign document</p>',30,'2018-03-06 11:03:12',NULL,NULL),(8,'create-audit-siign','<div class=\"subject_page\">create-audit-siign</div>\n<div>&nbsp;</div>\n<p>Hello&nbsp;</p>\n<p>2This for create audit sign document</p>',30,'2018-03-06 11:14:53',NULL,NULL),(9,'create-audit-siign','<div class=\"subject_page\">create-audit-siign</div>\n<div>&nbsp;</div>\n<p>Hello&nbsp;</p>\n<p>2This for create audit sign document</p>',30,'2018-03-06 11:17:28',NULL,NULL),(10,'create-audit-siign','<div class=\"subject_page\">create-audit-siign</div>\n<div>&nbsp;</div>\n<p>Hello&nbsp;</p>\n<p>2This for create audit sign document</p>',30,'2018-03-06 11:17:37',NULL,NULL),(11,'create-audit-siign','<div class=\"subject_page\">create-audit-siign</div>\n<div>&nbsp;</div>\n<p>Hello&nbsp;</p>\n<p>2This for create audit sign document</p>',30,'2018-03-06 11:17:50',NULL,NULL),(12,'create-audit-siign','<div class=\"subject_page\">create-audit-siign</div>\n<div>&nbsp;</div>\n<p>Hello&nbsp;</p>\n<p>2This for create audit sign document</p>',30,'2018-03-06 11:53:43',NULL,NULL);

/*Table structure for table `document_layout` */

DROP TABLE IF EXISTS `document_layout`;

CREATE TABLE `document_layout` (
  `id` int(11) unsigned NOT NULL AUTO_INCREMENT,
  `name` varchar(50) NOT NULL,
  `created_at` datetime DEFAULT NULL,
  `updated_at` datetime DEFAULT NULL,
  `deleted_at` timestamp NULL DEFAULT NULL,
  PRIMARY KEY (`id`)
) ENGINE=InnoDB AUTO_INCREMENT=3 DEFAULT CHARSET=utf8;

/*Data for the table `document_layout` */

insert  into `document_layout`(`id`,`name`,`created_at`,`updated_at`,`deleted_at`) values (1,'Layout 1','2017-07-09 01:13:00','2017-07-09 02:13:02',NULL),(2,'layout 2','2017-07-12 12:24:48','2017-07-12 12:24:52',NULL);

/*Table structure for table `document_lock` */

DROP TABLE IF EXISTS `document_lock`;

CREATE TABLE `document_lock` (
  `id` int(11) unsigned NOT NULL AUTO_INCREMENT,
  `document_id` int(11) unsigned NOT NULL,
  `account_id` int(11) unsigned NOT NULL,
  `created_at` datetime NOT NULL,
  `active` tinyint(1) DEFAULT '0',
  PRIMARY KEY (`id`),
  KEY `document_id` (`document_id`),
  KEY `account_id` (`account_id`),
  CONSTRAINT `document_lock_ibfk_1` FOREIGN KEY (`document_id`) REFERENCES `documents` (`id`)
) ENGINE=InnoDB DEFAULT CHARSET=utf8;

/*Data for the table `document_lock` */

/*Table structure for table `document_notes` */

DROP TABLE IF EXISTS `document_notes`;

CREATE TABLE `document_notes` (
  `id` int(11) unsigned NOT NULL AUTO_INCREMENT,
  `content` text,
  `positions` text,
  `action_id` int(11) unsigned NOT NULL,
  `contact_id` int(11) unsigned NOT NULL,
  `deleted` tinyint(1) DEFAULT '0',
  `created_at` datetime DEFAULT NULL,
  `updated_at` datetime DEFAULT NULL,
  `deleted_at` timestamp NULL DEFAULT NULL,
  `document_id` int(11) unsigned NOT NULL,
  PRIMARY KEY (`id`),
  KEY `user_id` (`contact_id`),
  KEY `document_notes_ibfk_1` (`action_id`)
) ENGINE=InnoDB AUTO_INCREMENT=26 DEFAULT CHARSET=utf8;

/*Data for the table `document_notes` */

insert  into `document_notes`(`id`,`content`,`positions`,`action_id`,`contact_id`,`deleted`,`created_at`,`updated_at`,`deleted_at`,`document_id`) values (1,'sadsadsa','top:71.4431px;bottom:588.563px;left:484px;right:29.6875px;',4,1,0,'2018-03-04 16:46:02',NULL,NULL,5),(2,'comment test 1','top:376.616px;bottom:283.395px;left:138.081px;right:375.625px;',4,1,0,'2018-03-04 16:53:28',NULL,NULL,5),(3,'test comment 1','top:407.818px;bottom:262.188px;left:81.6909px;right:432px;',4,1,0,'2018-03-04 16:54:57',NULL,NULL,5),(4,'fdsfdsfds','top:13.0681px;bottom:646.946px;left:30px;right:483.693px;',4,1,0,'2018-03-04 17:06:14',NULL,NULL,5),(5,'gfdgfd','top:597.25px;bottom:72.7557px;left:166.654px;right:347.045px;',4,1,0,'2018-03-04 17:08:36',NULL,NULL,5),(6,'sdfdsfds','top:315.449px;bottom:344.56px;left:387.808px;right:125.895px;',4,1,0,'2018-03-04 17:11:13',NULL,NULL,5),(7,'rerewrewrew','top:0px;bottom:660px;left:353.604px;right:160.099px;',4,1,0,'2018-03-04 17:15:53',NULL,NULL,5),(8,'test test','top:0px;bottom:660px;left:363.612px;right:150.085px;',4,1,0,'2018-03-04 17:16:50',NULL,NULL,5),(9,'tetete','top:513.437px;bottom:146.577px;left:485px;right:28.6932px;',4,1,0,'2018-03-04 17:17:31',NULL,NULL,5),(10,NULL,'top:-1121.92px;bottom:1121.92px;left:-277.815px;right:277.815px;',4,1,0,'2018-03-04 17:17:52',NULL,NULL,5),(11,'sssssssss','top:-956px;bottom:956px;left:83px;right:-83px;',4,1,0,'2018-03-04 17:18:40',NULL,NULL,5),(12,NULL,'top:-1112px;bottom:1112px;left:96.2077px;right:-96.2077px;',4,1,0,'2018-03-04 17:18:59',NULL,NULL,5),(13,'edit the content, this comment by manager','top:98.8834px;bottom:571.122px;left:43.1426px;right:470.554px;',4,1,0,'2018-03-06 10:24:47',NULL,NULL,5),(14,'nnnn','top:352.244px;bottom:315.781px;left:398.441px;right:115.256px;',4,1,0,'2018-03-06 11:03:38',NULL,NULL,5),(15,'ttttt','top:0px;bottom:670px;left:119.381px;right:394.318px;',4,1,0,'2018-03-06 11:03:54',NULL,NULL,5);

/*Table structure for table `document_notification` */

DROP TABLE IF EXISTS `document_notification`;

CREATE TABLE `document_notification` (
  `document_id` int(11) unsigned NOT NULL,
  `notification_id` int(11) unsigned NOT NULL,
  `content` text,
  `created_at` datetime DEFAULT NULL,
  `updated_at` datetime DEFAULT NULL,
  `deleted_at` datetime DEFAULT NULL,
  `sender_id` int(11) unsigned NOT NULL,
  `contact_id` int(11) unsigned NOT NULL,
  `read` tinyint(1) DEFAULT '0',
  KEY `notification_id` (`notification_id`)
) ENGINE=InnoDB DEFAULT CHARSET=utf8;

/*Data for the table `document_notification` */

insert  into `document_notification`(`document_id`,`notification_id`,`content`,`created_at`,`updated_at`,`deleted_at`,`sender_id`,`contact_id`,`read`) values (4,2,'The document كتاب جديد that reference 4 need action Sign','2018-04-08 14:42:22','2018-04-08 14:42:22',NULL,1,1,0),(5,2,'The document كتاب جديد that reference 5 need action Sign','2018-04-08 14:42:22','2018-04-08 14:42:22',NULL,1,1,0),(4,2,'The document كتاب جديد that reference 4 need action Sign','2018-04-08 14:42:22','2018-04-08 14:42:22',NULL,1,1,1);

/*Table structure for table `document_sign_data` */

DROP TABLE IF EXISTS `document_sign_data`;

CREATE TABLE `document_sign_data` (
  `id` int(11) unsigned NOT NULL AUTO_INCREMENT,
  `sign_code` text,
  `sign_image` longblob,
  `created_at` datetime DEFAULT NULL,
  PRIMARY KEY (`id`)
) ENGINE=InnoDB DEFAULT CHARSET=utf8;

/*Data for the table `document_sign_data` */

/*Table structure for table `document_stamps` */

DROP TABLE IF EXISTS `document_stamps`;

CREATE TABLE `document_stamps` (
  `document_id` int(11) unsigned NOT NULL,
  `stamp_id` int(11) unsigned NOT NULL,
  `is_stamp` tinyint(1) DEFAULT '0',
  `stamp_by` int(11) DEFAULT NULL,
  `created_at` datetime DEFAULT NULL,
  `updated_at` datetime DEFAULT NULL,
  `deleted_at` timestamp NULL DEFAULT NULL,
  PRIMARY KEY (`document_id`,`stamp_id`),
  KEY `stamps_id` (`stamp_id`)
) ENGINE=InnoDB DEFAULT CHARSET=utf8;

/*Data for the table `document_stamps` */

/*Table structure for table `document_user_read` */

DROP TABLE IF EXISTS `document_user_read`;

CREATE TABLE `document_user_read` (
  `id` int(11) unsigned NOT NULL AUTO_INCREMENT,
  `document_id` int(11) unsigned NOT NULL,
  `user_id` int(11) unsigned NOT NULL,
  `read_at` datetime DEFAULT NULL,
  PRIMARY KEY (`id`),
  KEY `document_id` (`document_id`),
  KEY `account_id` (`user_id`),
  CONSTRAINT `document_user_read_ibfk_1` FOREIGN KEY (`user_id`) REFERENCES `users` (`id`),
  CONSTRAINT `document_user_read_ibfk_2` FOREIGN KEY (`document_id`) REFERENCES `documents` (`id`)
) ENGINE=InnoDB AUTO_INCREMENT=64 DEFAULT CHARSET=utf8;

/*Data for the table `document_user_read` */

insert  into `document_user_read`(`id`,`document_id`,`user_id`,`read_at`) values (1,5,1,'2018-04-08 11:09:47'),(2,5,1,'2018-04-08 11:10:10'),(3,5,1,'2018-04-08 11:16:57'),(4,5,1,'2018-04-08 11:17:09'),(5,5,1,'2018-04-08 11:21:46'),(6,5,1,'2018-04-08 11:22:22'),(7,5,1,'2018-04-08 11:22:43'),(8,5,1,'2018-04-08 11:27:06'),(9,5,1,'2018-04-08 11:29:36'),(10,5,1,'2018-04-08 11:30:45'),(11,5,1,'2018-04-08 11:32:35'),(12,5,1,'2018-04-08 11:34:18'),(13,5,1,'2018-04-08 11:35:55'),(14,5,1,'2018-04-08 11:36:28'),(15,5,1,'2018-04-08 11:36:50'),(16,5,1,'2018-04-08 11:44:02'),(17,5,1,'2018-04-08 11:44:20'),(18,5,1,'2018-04-08 11:45:05'),(19,5,1,'2018-04-08 11:45:19'),(20,5,1,'2018-04-08 11:46:21'),(21,5,1,'2018-04-08 11:46:53'),(22,5,1,'2018-04-08 11:47:33'),(23,5,1,'2018-04-08 11:48:39'),(24,5,1,'2018-04-08 11:49:09'),(25,5,1,'2018-04-08 11:49:39'),(26,5,1,'2018-04-08 12:00:59'),(27,5,1,'2018-04-08 12:07:13'),(28,5,1,'2018-04-08 12:18:04'),(29,5,1,'2018-04-08 13:10:16'),(30,5,1,'2018-04-08 13:17:22'),(31,5,1,'2018-04-08 13:18:35'),(32,5,1,'2018-04-08 13:20:33'),(33,5,1,'2018-04-08 13:20:48'),(34,5,1,'2018-04-08 13:22:17'),(35,5,1,'2018-04-08 13:23:41'),(36,5,1,'2018-04-08 13:24:41'),(37,5,1,'2018-04-08 13:25:36'),(38,5,1,'2018-04-08 13:26:28'),(39,5,1,'2018-04-08 13:34:20'),(40,5,1,'2018-04-08 13:34:33'),(41,5,1,'2018-04-08 13:35:33'),(42,5,1,'2018-04-08 13:58:47'),(43,5,1,'2018-04-08 13:58:56'),(44,5,1,'2018-04-08 13:59:48'),(45,5,1,'2018-04-08 14:00:49'),(46,5,1,'2018-04-08 14:07:54'),(47,5,1,'2018-04-08 14:21:35'),(48,5,1,'2018-04-08 14:23:29'),(49,5,1,'2018-04-08 14:24:47'),(50,5,1,'2018-04-08 14:25:13'),(51,5,1,'2018-04-08 14:27:22'),(52,5,1,'2018-04-08 14:42:41'),(53,4,1,'2018-04-08 14:42:48'),(54,4,1,'2018-04-08 14:43:34'),(55,4,1,'2018-04-08 14:44:49'),(56,4,1,'2018-04-08 14:47:25'),(57,4,1,'2018-04-08 14:52:31'),(58,4,1,'2018-04-08 14:52:58'),(59,4,1,'2018-04-08 14:53:52'),(60,4,1,'2018-04-08 15:12:13'),(61,4,1,'2018-04-08 15:32:21'),(62,5,1,'2018-04-08 17:27:55'),(63,4,1,'2018-04-08 17:28:02');

/*Table structure for table `document_workflow_action_history` */

DROP TABLE IF EXISTS `document_workflow_action_history`;

CREATE TABLE `document_workflow_action_history` (
  `id` int(11) unsigned NOT NULL AUTO_INCREMENT,
  `document_id` int(11) unsigned NOT NULL,
  `action_id` int(11) DEFAULT NULL,
  `stage_id` int(11) unsigned NOT NULL,
  `contact_id` int(11) NOT NULL,
  `action_date` datetime DEFAULT NULL,
  `note` text CHARACTER SET utf8,
  `created_at` timestamp NULL DEFAULT NULL,
  `updated_at` timestamp NULL DEFAULT NULL,
  `deleted_at` timestamp NULL DEFAULT NULL,
  PRIMARY KEY (`id`),
  KEY `FK_document_workflow_action_history` (`document_id`),
  KEY `FK_document_workflow_action_history_stage` (`stage_id`),
  CONSTRAINT `FK_document_workflow_action_history` FOREIGN KEY (`document_id`) REFERENCES `documents` (`id`),
  CONSTRAINT `FK_document_workflow_action_history_stage` FOREIGN KEY (`stage_id`) REFERENCES `wf_stage` (`id`)
) ENGINE=InnoDB AUTO_INCREMENT=4 DEFAULT CHARSET=latin1;

/*Data for the table `document_workflow_action_history` */

insert  into `document_workflow_action_history`(`id`,`document_id`,`action_id`,`stage_id`,`contact_id`,`action_date`,`note`,`created_at`,`updated_at`,`deleted_at`) values (1,4,2,2,1,'2018-04-08 15:12:14',NULL,'2018-04-08 15:12:14',NULL,NULL),(2,4,2,2,1,'2018-04-08 15:12:21',NULL,'2018-04-08 15:12:21',NULL,NULL),(3,4,2,2,1,'2018-04-08 15:32:19',NULL,'2018-04-08 15:32:19',NULL,NULL);

/*Table structure for table `documents` */

DROP TABLE IF EXISTS `documents`;

CREATE TABLE `documents` (
  `id` int(11) unsigned NOT NULL AUTO_INCREMENT,
  `title` varchar(255) DEFAULT NULL,
  `content` longtext,
  `text_content` longtext,
  `status` enum('start','inprogress','expired','archived','rejected','deleted','completed','draft','template') DEFAULT 'start',
  `category_id` int(11) unsigned NOT NULL,
  `privacy` enum('public','private','copy link') DEFAULT 'private',
  `expiry_date` datetime DEFAULT NULL,
  `contact_id` int(11) unsigned DEFAULT NULL,
  `user_id` int(11) unsigned DEFAULT NULL,
  `parent_document_id` int(11) DEFAULT NULL,
  `layout_id` int(11) unsigned NOT NULL,
  `outbox_number` varchar(100) DEFAULT NULL,
  `created_at` datetime DEFAULT NULL,
  `updated_at` datetime DEFAULT NULL,
  `deleted_at` timestamp NULL DEFAULT NULL,
  `qr_code_id` int(11) unsigned DEFAULT NULL,
  `document_date` date DEFAULT NULL,
  `notify` tinyint(1) DEFAULT '0',
  PRIMARY KEY (`id`),
  KEY `user_id` (`contact_id`),
  KEY `design_id` (`layout_id`),
  KEY `type_id` (`category_id`),
  KEY `qr_code_id` (`qr_code_id`),
  CONSTRAINT `documents_ibfk_2` FOREIGN KEY (`qr_code_id`) REFERENCES `qr_codes` (`id`),
  CONSTRAINT `documents_ibfk_3` FOREIGN KEY (`category_id`) REFERENCES `document_categories` (`id`)
) ENGINE=InnoDB AUTO_INCREMENT=6 DEFAULT CHARSET=utf8;

/*Data for the table `documents` */

insert  into `documents`(`id`,`title`,`content`,`text_content`,`status`,`category_id`,`privacy`,`expiry_date`,`contact_id`,`user_id`,`parent_document_id`,`layout_id`,`outbox_number`,`created_at`,`updated_at`,`deleted_at`,`qr_code_id`,`document_date`,`notify`) values (4,'كتاب جديد','<div class=\"subject_page\">كتاب جديد</div>\n<div>&nbsp;</div>\n<p>بسم الله الرحمن الرحيم ، كتاب جديد</p>','كتاب جديد\n&nbsp;\nبسم الله الرحمن الرحيم ، كتاب جديد','start',1,'private',NULL,1,1,NULL,1,'12412','2018-04-08 10:56:16',NULL,NULL,606,'2018-04-08',0),(5,'كتاب جديد','<div class=\"subject_page\">كتاب جديد</div>\n<div>&nbsp;</div>\n<p>بسم الله الرحمن الرحيم ، كتاب جديد</p>','كتاب جديد\n&nbsp;\nبسم الله الرحمن الرحيم ، كتاب جديد','start',1,'private',NULL,1,1,NULL,1,'12412','2018-04-08 10:57:51',NULL,NULL,607,'2018-04-08',0);

/*Table structure for table `files` */

DROP TABLE IF EXISTS `files`;

CREATE TABLE `files` (
  `id` int(11) unsigned NOT NULL AUTO_INCREMENT,
  `name` varchar(255) CHARACTER SET utf8 DEFAULT NULL,
  `path` text CHARACTER SET utf8,
  `hash_name` varchar(255) CHARACTER SET utf8 DEFAULT NULL,
  `hash_path` varchar(255) CHARACTER SET utf8 DEFAULT NULL,
  `url` varchar(255) COLLATE utf8_bin DEFAULT NULL,
  `is_private` tinyint(1) DEFAULT '0',
  `account_id` int(11) unsigned DEFAULT NULL,
  `created_at` datetime DEFAULT NULL,
  `updated_at` datetime DEFAULT NULL,
  `size` varchar(50) CHARACTER SET utf8 DEFAULT '0',
  `deleted_at` timestamp NULL DEFAULT NULL,
  PRIMARY KEY (`id`)
) ENGINE=InnoDB AUTO_INCREMENT=167 DEFAULT CHARSET=utf8 COLLATE=utf8_bin;

/*Data for the table `files` */

insert  into `files`(`id`,`name`,`path`,`hash_name`,`hash_path`,`url`,`is_private`,`account_id`,`created_at`,`updated_at`,`size`,`deleted_at`) values (1,'a','common','gvTF3M53OuYErAYMw3nxv9OlK79pEF2HWFl9q9FE.jpeg',NULL,'http://cdn.mycompose.local',0,1,NULL,NULL,'0',NULL),(2,'a2','https://ig-s-d-a.akamaihd.net/h-ak-igx/t51.2885-15/e35/17267985_445234402479759_647574080601456640_n.jpg',NULL,NULL,'http://cdn.mycompose.local',0,1,NULL,NULL,'0',NULL),(3,'a3','https://s-media-cache-ak0.pinimg.com/736x/a2/e1/8c/a2e18cbfbcaa8756fe5b40f472eeff45--profile-picture-profile-pics.jpg',NULL,NULL,'http://cdn.mycompose.local',0,1,NULL,NULL,'0',NULL),(4,'a4','http://wx.qlogo.cn/mmopen/g3MonUZtNHkdmzicIlibx6iaFqAc56vxLSUfpb6n5WKSYVY0ChQKkiaJSgQ1dZuTOgvLLrhJbERQQ4eMsv84eavHiaiceqxibJxCfHe/0',NULL,NULL,'http://cdn.mycompose.local',0,1,NULL,NULL,'0',NULL),(5,NULL,'https://encrypted-tbn0.gstatic.com/images?q=tbn:ANd9GcTvVGSWPvBSC_P4H7iKvxG7S_nQQlXqAFlcFupjhjgWLlqn92XKzQ',NULL,NULL,'http://cdn.mycompose.local',0,1,NULL,NULL,'0',NULL),(6,'Mohammad Alaqtash','https://ig-s-c-a.akamaihd.net/h-ak-igx/t51.2885-19/13116551_518032105050898_952238791_a.jpg',NULL,NULL,'http://cdn.mycompose.local',0,1,NULL,NULL,'0',NULL),(7,'uae.jpg','common','gvTF3M53OuYErAYMw3nxv9OlK79pEF2HWFl9q9FE.jpeg',NULL,'http://cdn.mycompose.local',0,1,'2017-08-02 09:00:31','2017-08-02 09:00:31','53118',NULL),(8,'uae.jpg','common','xHUx4LOPmgWFpRZUly9o3OX9EVOCP1qMCq5dUzN2.jpeg',NULL,'http://cdn.mycompose.local',0,1,'2017-08-02 09:04:55','2017-08-02 09:04:55','53118',NULL),(9,'uae.jpg','common','cPi5rp9pxMLLirUqZZyBwNSRFEYUUcneBGxr2bjr.jpeg',NULL,'http://cdn.mycompose.local',0,1,'2017-08-02 09:05:56','2017-08-02 09:05:56','53118',NULL),(10,'uae.jpg','common','eYpfZNlBajmhdfQ8SFo4T3m9h6krNlqJ3xSvZzzw.jpeg',NULL,'http://cdn.mycompose.local',0,1,'2017-08-02 09:09:19','2017-08-02 09:09:19','53118',NULL),(11,'download.png','common','rHSoOXC4g3QaGQQeNIuBsDsahQVJ7GpvI1JZVNyd.png',NULL,'http://cdn.mycompose.local',0,1,'2017-08-02 09:17:29','2017-08-02 09:17:29','43228',NULL),(12,'indooooex.jpeg','common','qfrakXa2zl3pulzWBmv4SxQTc26otV6SQarRGiGM.jpeg',NULL,'http://cdn.mycompose.local',0,NULL,'2017-08-02 14:11:26','2017-08-02 14:11:26','9523',NULL),(13,'atomix_user31.png','common','OjCeuFyxailj749bIT2y1kONsqiXloGpFE17iVVl.png',NULL,'http://cdn.mycompose.local',0,NULL,'2017-08-02 14:12:04','2017-08-02 14:12:04','7538',NULL),(14,'uae.jpg','common','mYomsqQ96gMWTQn6AzQete7BtaCMpFMa5qgYvXYa.jpeg',NULL,'http://cdn.mycompose.local',0,1,'2017-08-02 14:33:22','2017-08-02 14:33:22','53118',NULL),(15,'download.png','common','nV3GmN5tOLWFgULvi69sUi5mZzKLtrbQUJ9SmWmr.png',NULL,'http://cdn.mycompose.local',0,1,'2017-08-02 14:34:47','2017-08-02 14:34:47','43228',NULL),(16,'uae.jpg','common','9HpNIwDjaonl70Soe1Sm18cIaGjLD7QNUCEJohr4.jpeg',NULL,'http://cdn.mycompose.local',0,1,'2017-08-03 08:11:05','2017-08-03 08:11:05','53118',NULL),(17,'Chulito_verde.jpg','common','3g8ixPZ6ph19ApwUvdspLLWXGhbiC3G51i2gV6jP.jpeg',NULL,'http://cdn.mycompose.local',0,1,'2017-08-03 08:12:59','2017-08-03 08:12:59','3985',NULL),(18,'Chulito_verde.jpg','common','VF5GVSmuBDUBeZx3ObB5nBbTaVsnoflrn6UjySH4.jpeg',NULL,'http://cdn.mycompose.local',0,1,'2017-08-03 10:15:11','2017-08-03 10:15:11','3985',NULL),(19,'Screenshot (7).png','common','zm1UIwR4biTT7dl8t9zKlpivjOxFAcKsOB0azRGO.png',NULL,'http://cdn.mycompose.local',0,NULL,'2017-08-08 07:28:39','2017-08-08 07:28:39','1258404',NULL),(20,'Screenshot (11).png','common','OQT93pDznJ47YDtcj2SpRJ0MiZrjCEjage39ZRcM.png',NULL,'http://cdn.mycompose.local',0,NULL,'2017-08-08 07:29:05','2017-08-08 07:29:05','413627',NULL),(21,'map1.jpg','common','Oy8nFirvaYg9FZtQU1iMyRvyIMB2Zq9Xg1fDMpiJ.jpeg',NULL,'http://cdn.mycompose.local',0,NULL,'2017-08-10 12:32:55','2017-08-10 12:32:55','38264',NULL),(22,'map1.jpg','common','ihtWrME6Ded8BgRS8XumhfkWvwDocEIlqzRbzK8c.jpeg',NULL,'http://cdn.mycompose.local',0,NULL,'2017-08-10 12:33:22','2017-08-10 12:33:22','38264',NULL),(23,'harrypotter975357.jpg','common','EaoSu0Mo2GoIzXw04ZlQtoNobXXOyt3lHXGoM88j.jpeg',NULL,'http://cdn.mycompose.local',0,NULL,'2017-08-13 10:13:29','2017-08-13 10:13:29','102462',NULL),(24,'harrypotter975357.jpg','common','e35RJYNOhDV5VvBMIZm8tnRySawXCzNJtcA3hF7P.jpeg',NULL,'http://cdn.mycompose.local',0,NULL,'2017-08-13 10:16:21','2017-08-13 10:16:21','102462',NULL),(25,'harrypotter975357.jpg','common','rs90p8pXFxxmwUBvff755MrhLxg7g5m10cyKbM0l.jpeg',NULL,'http://cdn.mycompose.local',0,NULL,'2017-08-13 10:16:32','2017-08-13 10:16:32','102462',NULL),(26,'harrypotter975357.jpg','common','r96wQFZerzHRQvtYbomiuqv6rwgP67jC32uuPxx9.jpeg',NULL,'http://cdn.mycompose.local',0,NULL,'2017-08-13 10:21:27','2017-08-13 10:21:27','102462',NULL),(27,'harrypotter975357.jpg','common','E5BZybfL7hdZmbhkOxemaiRP72fOvZ1g2QDXccxq.jpeg',NULL,'http://cdn.mycompose.local',0,NULL,'2017-08-13 10:22:30','2017-08-13 10:22:30','102462',NULL),(28,'harrypotter975357.jpg','common','jvIGGi7301GbiQAZ2AwLOOv1QyFI8jJEPV2cIOdJ.jpeg',NULL,'http://cdn.mycompose.local',0,NULL,'2017-08-13 10:23:42','2017-08-13 10:23:42','102462',NULL),(29,'harrypotter975357.jpg','common','chavozeP3MCmwyMQimYvUw3YRLfrTr1bMMNsx6TH.jpeg',NULL,'http://cdn.mycompose.local',0,NULL,'2017-08-13 10:33:17','2017-08-13 10:33:17','102462',NULL),(30,'harrypotter975357.jpg','common','vw2XqGnHpeZexZryQFOpLukYSoEf34ZHe4ODKfvo.jpeg',NULL,'http://cdn.mycompose.local',0,NULL,'2017-08-13 10:34:01','2017-08-13 10:34:01','102462',NULL),(31,'harrypotter975357.jpg','common','zZsKN4ZTBr7Tp2wFvU4WtgF1MfFPbQOPGCvF4cit.jpeg',NULL,'http://cdn.mycompose.local',0,NULL,'2017-08-14 06:23:49','2017-08-14 06:23:49','102462',NULL),(32,'harrypotter975357.jpg','common','4KIJUJIPuRsZofNXuViMtIbCRopeZ038rREzEV1q.jpeg',NULL,'http://cdn.mycompose.local',0,NULL,'2017-08-14 06:32:48','2017-08-14 06:32:48','102462',NULL),(33,'harrypotter975357.jpg','common','UJFncOri0YQi5FNOiWFriFQBc2cmue2YgqInys6e.jpeg',NULL,'http://cdn.mycompose.local',0,NULL,'2017-08-14 06:33:09','2017-08-14 06:33:09','102462',NULL),(34,'harrypotter975357.jpg','common','FuWpADXTeyvu2BLpR1tQakQRJLJ1WZxvREMxaN15.jpeg',NULL,'http://cdn.mycompose.local',0,NULL,'2017-08-14 08:02:44','2017-08-14 08:02:44','102462',NULL),(35,'harrypotter975357.jpg','common','OMrIeq7sXAssJXAPsJoG6s0l6BRWJlJzdI4rQsKw.jpeg',NULL,'http://cdn.mycompose.local',0,NULL,'2017-08-14 08:04:52','2017-08-14 08:04:52','102462',NULL),(36,'harrypotter975357.jpg','common','mFaD6ONa1J1h6MfvRLKnWav6DzJYLSmenhirYvOv.jpeg',NULL,'http://cdn.mycompose.local',0,NULL,'2017-08-14 09:44:19','2017-08-14 09:44:19','102462',NULL),(37,'harrypotter975357.jpg','common','VqhUAwHfT3XemN0gyjEaf2LQxvxoVddbKMpa24Af.jpeg',NULL,'http://cdn.mycompose.local',0,NULL,'2017-08-14 09:44:47','2017-08-14 09:44:47','102462',NULL),(38,'harrypotter975357.jpg','common','E4BgmxFyWnLDbSuNq5CCM4qvtNnPqnaz00Bb9ozg.jpeg',NULL,'http://cdn.mycompose.local',0,NULL,'2017-08-14 09:49:29','2017-08-14 09:49:29','102462',NULL),(39,'harrypotter975357.jpg','common','E34etCHYMBu9seX9zBHBxPWjpgSXPy1fwAqFaarv.jpeg',NULL,'http://cdn.mycompose.local',0,NULL,'2017-08-14 09:51:59','2017-08-14 09:51:59','102462',NULL),(40,'harrypotter975357.jpg','common','Jc2AizvESM1Ms6sBbwJDIvY1ZpIerL1E4unB9Tp5.jpeg',NULL,'http://cdn.mycompose.local',0,NULL,'2017-08-14 09:54:20','2017-08-14 09:54:20','102462',NULL),(41,'harrypotter975357.jpg','common','ZxElHYwnBgjOvKCi3dvjtbhDUhfxGRXLsjWdYM0f.jpeg',NULL,'http://cdn.mycompose.local',0,NULL,'2017-08-14 10:25:57','2017-08-14 10:25:57','102462',NULL),(42,'harrypotter975357.jpg','common','LZDU4Yl8rb0YVZ8ztFZPc9ewNvbqANeU3LaSxQAr.jpeg',NULL,'http://cdn.mycompose.local',0,NULL,'2017-08-14 10:26:43','2017-08-14 10:26:43','102462',NULL),(43,'harrypotter975357.jpg','common','FmsMnmW3oG2jf8CJUYEOsCOsuKuAUhazCkDQpTzD.jpeg',NULL,'http://cdn.mycompose.local',0,NULL,'2017-08-14 11:49:00','2017-08-14 11:49:00','102462',NULL),(44,'harrypotter975357.jpg','common','gLKROgnItGIaH4axvWKceV0X1BiNTACyY9gSBFrz.jpeg',NULL,'http://cdn.mycompose.local',0,NULL,'2017-08-14 12:18:55','2017-08-14 12:18:55','102462',NULL),(45,'68747470733a2f2f692e696d6775722e636f6d2f6a7a3478726c512e706e67.png','common','HBwOVlK1kbvqehdtK31bD3EsN1BikUImQh3WcTob.png',NULL,'http://cdn.mycompose.local',0,NULL,'2017-08-16 07:06:56','2017-08-16 07:06:56','341139',NULL),(46,'68747470733a2f2f692e696d6775722e636f6d2f6a7a3478726c512e706e67.png','common','APdvjwZWAhdfhtLurmi2hfOHIA2zNmhzIjO4vGRE.png',NULL,'http://cdn.mycompose.local',0,NULL,'2017-08-17 13:21:44','2017-08-17 13:21:44','341139',NULL),(47,'68747470733a2f2f692e696d6775722e636f6d2f6a7a3478726c512e706e67.png','common','sdFGSS3iIXxDrPKl7wJaleAhP46R1SnVPDF7XUyF.png',NULL,'http://cdn.mycompose.local',0,NULL,'2017-08-17 13:26:06','2017-08-17 13:26:06','341139',NULL),(48,'68747470733a2f2f692e696d6775722e636f6d2f6a7a3478726c512e706e67.png','common','gNLrObava6GEEHJ2cQsjkS3jGZUmgG8nqNjlZpIO.png',NULL,'http://cdn.mycompose.local',0,NULL,'2017-08-17 13:27:06','2017-08-17 13:27:06','341139',NULL),(49,'800px-greenwich_palace_anonymous.jpg','common','R6mWRQruqCbJoiLMRrEfFKgyQIyQ7GoNKHQfBLvX.jpeg',NULL,'http://cdn.mycompose.local',0,NULL,'2017-08-21 08:57:25','2017-08-21 08:57:25','119301',NULL),(50,'800px-greenwich_palace_anonymous.jpg','common','nc6JsSKY4PCEIf4B1FShqQJxPr93piWebqYRqVwm.jpeg',NULL,'http://cdn.mycompose.local',0,NULL,'2017-08-23 14:01:06','2017-08-23 14:01:06','119301',NULL),(51,'800px-greenwich_palace_anonymous.jpg','common','oYnJwYBEfCgvUlZjC7ObF2sIwYI8IPFbr3byZV5V.jpeg',NULL,'http://cdn.mycompose.local',0,NULL,'2017-08-24 11:35:16','2017-08-24 11:35:16','119301',NULL),(52,'download.jpg','common','mrh3XxjDfkGtSeVcoYmdZlNEB3zf0cGqblA7JZTm.jpeg',NULL,'http://cdn.mycompose.local',0,NULL,'2017-08-27 09:40:16','2017-08-27 09:40:16','13310',NULL),(53,'download.jpg','common','fyxJaiDTR9DbiMJOAbwklny5ODQgmDUdJLDO4iqL.jpeg',NULL,'http://cdn.mycompose.local',0,NULL,'2017-08-27 09:46:32','2017-08-27 09:46:32','13310',NULL),(54,'download.jpg','common','UYMJxDt2USvr2XYunsOhwQCBnn6PQBaWBsEGGdKy.jpeg',NULL,'http://cdn.mycompose.local',0,NULL,'2017-08-27 10:35:11','2017-08-27 10:35:11','13310',NULL),(55,'download.jpg','common','Wk4lPJBTCqM4VIlOEbORxiulEIEXShQyIkbzoDog.jpeg',NULL,'http://cdn.mycompose.local',0,NULL,'2017-08-27 13:25:33','2017-08-27 13:25:33','13310',NULL),(56,'download.jpg','common','ipzzvX7dXW6K22at14plscF2u7dnWeSwrf2kcw0L.jpeg',NULL,'http://cdn.mycompose.local',0,6,'2017-08-28 11:42:20','2017-08-28 11:42:20','9185',NULL),(57,'images.jpg','common','rGoSBwh8C2bFailgrLCSY9ds84l07bHlfu6CyJtm.jpeg',NULL,'http://cdn.mycompose.local',0,6,'2017-08-29 11:37:13','2017-08-29 11:37:13','9750',NULL),(58,'images.jpg','common','dxddpikdnDxsH4JQP0IKGLIxGrGNgUtfngwkt21G.jpeg',NULL,'http://cdn.mycompose.local',0,6,'2017-08-29 11:50:09','2017-08-29 11:50:09','9750',NULL),(59,'images.jpg','common','v9iXhA1ZjGrwqt73jhgZ8GsCsuikI02UrYdpd8Nf.jpeg',NULL,'http://cdn.mycompose.local',0,NULL,'2017-08-29 12:00:57','2017-08-29 12:00:57','9750',NULL),(60,'images.jpg','common','H8gXkKagoPnFAzFJ4xXl6Lz9GyIL13gdleoduenv.jpeg',NULL,'http://cdn.mycompose.local',0,NULL,'2017-08-30 05:54:49','2017-08-30 05:54:49','9750',NULL),(61,'images.jpg','common','mNf6Es7fUWhDJaG0tXSQraB5tb5YfjDK9bGU0hyI.jpeg',NULL,'http://cdn.mycompose.local',0,NULL,'2017-08-30 06:04:13','2017-08-30 06:04:13','9750',NULL),(62,'images.jpg','common','1oMwIYbS5a4oEQwsLm3aBtIjhR2w5tDjKwFob8AQ.jpeg',NULL,'http://cdn.mycompose.local',0,6,'2017-08-30 07:31:00','2017-08-30 07:31:00','9750',NULL),(63,'images.jpg','common','fzZpfjH9hGtkMtLmpmHUkANXwRtTCsSgYpvzlOrR.jpeg',NULL,'http://cdn.mycompose.local',0,6,'2017-08-30 07:53:14','2017-08-30 07:53:14','9750',NULL),(64,'images.jpg','common','Cb68uK1VNtLpH6Jr4Xr6z44HQGrnBI22rBmTW8zY.jpeg',NULL,'http://cdn.mycompose.local',0,6,'2017-08-30 07:53:37','2017-08-30 07:53:37','9750',NULL),(65,'images.jpg','common','FKKJOxmNy32n8G5umAMbb6btpFA8NUPgDR2IMUaQ.jpeg',NULL,'http://cdn.mycompose.local',0,6,'2017-08-30 07:53:53','2017-08-30 07:53:53','9750',NULL),(66,'97e1dd3f8a3ecb81356fe754a1a113f31b6dbfd4-stock-photo-photo-of-a-common-kingfisher-alcedo-atthis-adult-male-perched-on-a-lichen-covered-branch-107647640.jpg','common','Lw1ZmXQdKTvBYZmYLPVIb6qUY2iVFNR18KGmblrf.jpeg',NULL,'http://cdn.mycompose.local',0,6,'2017-09-05 10:23:03','2017-09-05 10:23:03','143578',NULL),(67,'download.jpg','common','BfC8VlYFieJBXoypuCf5IYBWBUYaGsdwQLAgYpCw.jpeg',NULL,'http://cdn.mycompose.local',0,6,'2017-09-05 10:24:07','2017-09-05 10:24:07','5528',NULL),(68,'download.jpg','common','X5FU1VKYRUo2zIq5yHiSrHp59sCtAM0dU2d4ucKC.jpeg',NULL,'http://cdn.mycompose.local',0,6,'2017-09-05 13:18:31','2017-09-05 13:18:31','5528',NULL),(69,'download.jpg','common','ssfEEvu974uLw2prkVXNIjDXcInH7Q1OO6hlavq5.jpeg',NULL,'http://cdn.mycompose.local',0,6,'2017-09-05 13:25:30','2017-09-05 13:25:30','5528',NULL),(70,'download.jpg','common','aJbLzvMJlPtEKVe6dMdKlcAqi9N1269eTSJF5ksh.jpeg',NULL,'http://cdn.mycompose.local',0,6,'2017-09-05 13:34:51','2017-09-05 13:34:51','5528',NULL),(71,'download.jpg','common','CErwUIe0M3R3sq9WUUJ9UBfAPHwe2NHv8H6VZxWV.jpeg',NULL,'http://cdn.mycompose.local',0,6,'2017-09-05 13:40:37','2017-09-05 13:40:37','5528',NULL),(72,'download.jpg','common','8bGf8dEA5Ze5o6QYZp7ZkRs3QYG6tWr4iLOCtR2v.jpeg',NULL,'http://cdn.mycompose.local',0,6,'2017-09-05 14:15:33','2017-09-05 14:15:33','5528',NULL),(73,'17361856_10155123151771465_3936260950716022497_n.jpg','common','9jMlIiaPJnAIwTfdSQ66HSyIZ1scqwnk2tAqzHKh.jpeg',NULL,'http://cdn.mycompose.local',0,3,'2017-09-06 13:20:40','2017-09-06 13:20:40','27740',NULL),(74,'17361856_10155123151771465_3936260950716022497_n.jpg','common','gACtP8wHYGl4OIAUkWd2lDrrxQslsOm1FYta3Xlp.jpeg',NULL,'http://cdn.mycompose.local',0,3,'2017-09-06 14:03:24','2017-09-06 14:03:24','27740',NULL),(75,'17361856_10155123151771465_3936260950716022497_n.jpg','document_attachment','9z4ATBqUOePERhD9yA2tVczuyOZt1bHjNXiEO8XK.jpeg',NULL,'http://cdn.mycompose.local',0,3,'2017-09-06 14:06:35','2017-09-06 14:06:35','27740',NULL),(76,'17361856_10155123151771465_3936260950716022497_n.jpg','document_attachment','s1OnVMcy7DX57JKdwerGE0MlvkXeefS66Nojbdv6.jpeg',NULL,'http://cdn.mycompose.local',0,3,'2017-09-06 14:55:53','2017-09-06 14:55:53','27740',NULL),(77,'17361856_10155123151771465_3936260950716022497_n.jpg','document_attachment','LXPZtryEzGTa3aasRrrb6ZuUz0mrDY4v2yUKdUgC.jpeg',NULL,'http://cdn.mycompose.local',0,1,'2017-09-06 20:35:53','2017-09-06 20:35:53','27740',NULL),(78,'download1111.png','document_attachment','qD49RrJAFFNZ42Fqgi4KG734u81CBK3fINUj30aH.png',NULL,'http://cdn.mycompose.local',0,3,'2017-09-06 22:00:38','2017-09-06 22:00:38','309',NULL),(79,'download1111.png','document_attachment','Xqnjniks7lwEJqtvbUuDUNyp5oHco91Kp8c2H0DT.png',NULL,'http://cdn.mycompose.local',0,3,'2017-09-06 22:01:59','2017-09-06 22:01:59','309',NULL),(80,'21105849_1588764984515651_5839958724622020094_n.png','document_attachment','NMjiAaNO4rG5GQuHpVn6AuBmrBNw7jBltw98dQxt.png',NULL,'http://cdn.mycompose.local',0,3,'2017-09-06 22:02:51','2017-09-06 22:02:51','249737',NULL),(81,'17361856_10155123151771465_3936260950716022497_n.jpg','document_attachment','vQYq5wwm2JHr3jZO0llSmI2ThGEXUWNNbSdlUGpy.jpeg',NULL,'http://cdn.mycompose.local',0,3,'2017-09-06 22:08:30','2017-09-06 22:08:30','27740',NULL),(82,'996899_10151759159786465_1182123551_n.jpg','document_attachment','JAIDGmhijT9HvCDV9vuA9YOyiIIFOksCeNcsk0Vi.jpeg',NULL,'http://cdn.mycompose.local',0,3,'2017-09-06 22:10:13','2017-09-06 22:10:13','11029',NULL),(83,'17361856_10155123151771465_3936260950716022497_n.jpg','document_attachment','6y3d2EFBnui6waGb0xXK6yc7ns7nJLQxJG4E7CKT.jpeg',NULL,'http://cdn.mycompose.local',0,3,'2017-09-06 22:11:09','2017-09-06 22:11:09','27740',NULL),(84,'download1111.png','document_attachment','7V932qmXepAuXiFdxamsCM3YQcOIXTl0O85SjJut.png',NULL,'http://cdn.mycompose.local',0,3,'2017-09-06 22:11:55','2017-09-06 22:11:55','309',NULL),(85,'17361856_10155123151771465_3936260950716022497_n.jpg','document_attachment','Gdy4HjswpQQU89Dso6dows1YyVrUOX7w2gHNsW06.jpeg',NULL,'http://cdn.mycompose.local',0,3,'2017-09-06 22:33:29','2017-09-06 22:33:29','27740',NULL),(86,'11031937_10153261036401465_4904533418977099083_n.jpg','document_attachment','KaIOxiw6F33mR1rtQM04QCYNL5eRs0gGqYwTFmtx.jpeg',NULL,'http://cdn.mycompose.local',0,3,'2017-09-06 22:35:46','2017-09-06 22:35:46','47282',NULL),(87,'17361856_10155123151771465_3936260950716022497_n.jpg','document_attachment','mWcUF6En92wnLyhDwa1ExpDhK1ABzxMu5lCEZc7x.jpeg',NULL,'http://cdn.mycompose.local',0,3,'2017-09-06 22:35:46','2017-09-06 22:35:46','27740',NULL),(88,'21105849_1588764984515651_5839958724622020094_n.png','document_attachment','NyI4Y0uggDETBdsV1M5ITUlkpIq8qnOHzMFTs1jV.png',NULL,'http://cdn.mycompose.local',0,3,'2017-09-06 22:35:47','2017-09-06 22:35:47','249737',NULL),(89,'97e1dd3f8a3ecb81356fe754a1a113f31b6dbfd4-stock-photo-photo-of-a-common-kingfisher-alcedo-atthis-adult-male-perched-on-a-lichen-covered-branch-107647640.jpg','common','0u82hm2YRJIO3gnvzS9STaqE2w2kRXh6ybtBO6d6.jpeg',NULL,'http://cdn.mycompose.local',0,NULL,'2017-09-07 10:33:50','2017-09-07 10:33:50','143578',NULL),(90,'download.jpg','common','Qa4STj6ZD9DPZoczXGYH5T5Gv9JhTpBKa1qPtT7y.jpeg',NULL,'http://cdn.mycompose.local',0,NULL,'2017-09-07 10:37:31','2017-09-07 10:37:31','5528',NULL),(91,'97e1dd3f8a3ecb81356fe754a1a113f31b6dbfd4-stock-photo-photo-of-a-common-kingfisher-alcedo-atthis-adult-male-perched-on-a-lichen-covered-branch-107647640.jpg','common','oSBq97an1mdEu4i5QUxg8DGOg4tmzxGym1zbVcnL.jpeg',NULL,'http://cdn.mycompose.local',0,NULL,'2017-09-07 13:47:07','2017-09-07 13:47:07','143578',NULL),(92,'97e1dd3f8a3ecb81356fe754a1a113f31b6dbfd4-stock-photo-photo-of-a-common-kingfisher-alcedo-atthis-adult-male-perched-on-a-lichen-covered-branch-107647640.jpg','common','QJ6SRCKltKOFx9EXYbDYUAHko21WRyYaPekHOlJR.jpeg',NULL,'http://cdn.mycompose.local',0,NULL,'2017-09-07 14:05:05','2017-09-07 14:05:05','143578',NULL),(93,'images.jpg','common','N1paN9KETwMUkrHznNWorr08NXh1gGIZ1ZsE1N7P.jpeg',NULL,'http://cdn.mycompose.local',0,6,'2017-09-10 07:51:08','2017-09-10 07:51:08','4467',NULL),(94,'images.jpg','common','HI266aB43NggevgfC6cSm81RwjymOXchs996wEyx.jpeg',NULL,'http://cdn.mycompose.local',0,6,'2017-09-10 07:52:12','2017-09-10 07:52:12','4467',NULL),(95,'images.jpg','common','WrLAVM2sGhSKumIwhV0djn0cHxN5gyhF9RKsMMO4.jpeg',NULL,'http://cdn.mycompose.local',0,6,'2017-09-10 12:00:14','2017-09-10 12:00:14','4467',NULL),(96,'images.jpg','common','HZ28sJdZMcGonkLoTu7Owa9N2ji6khIKPMmmVNLf.jpeg',NULL,'http://cdn.mycompose.local',0,6,'2017-09-10 12:01:01','2017-09-10 12:01:01','4467',NULL),(97,'images.jpg','common','qLbdDnnng6CY5xuL2LVA8UHorXb1YUMlSY4xCH8x.jpeg',NULL,'http://cdn.mycompose.local',0,6,'2017-09-10 12:10:36','2017-09-10 12:10:36','4467',NULL),(98,'images.jpg','common','SHTTcbFu8VyCe3KiwBRz5Phhh0NKu5bXa3ZnGmL3.jpeg',NULL,'http://cdn.mycompose.local',0,6,'2017-09-10 12:13:06','2017-09-10 12:13:06','4467',NULL),(99,'images.jpg','common','wqtlxs3aOyiLsWnD9yzhXNByM7AIv9cKeZQuwHlG.jpeg',NULL,'http://cdn.mycompose.local',0,6,'2017-09-10 12:14:08','2017-09-10 12:14:08','4467',NULL),(100,'images.jpg','common','iF29CNiJ5rPRt8If0jZe72k9TWBghjYt6KGT6xTB.jpeg',NULL,'http://cdn.mycompose.local',0,6,'2017-09-10 12:15:40','2017-09-10 12:15:40','4467',NULL),(101,'images.jpg','common','GDrgXgvl8A1H7XilLCzC19V52hpKYFKukDbf6LkP.jpeg',NULL,'http://cdn.mycompose.local',0,6,'2017-09-10 12:16:41','2017-09-10 12:16:41','4467',NULL),(102,'images.jpg','common','MM3voIi5rvheN7PQF64Tr1vpATrX6Q1Kb8knPX4Z.jpeg',NULL,'http://cdn.mycompose.local',0,6,'2017-09-10 12:17:08','2017-09-10 12:17:08','4467',NULL),(103,'images.jpg','common','T4lnfRQR0biNyfvGpdBWuz3UGcLhpMQW20H0R74a.jpeg',NULL,'http://cdn.mycompose.local',0,6,'2017-09-10 12:17:09','2017-09-10 12:17:09','4467',NULL),(104,'images.jpg','common','dSQQC8hiBV1g3Ggk83eV2xAheCDSvUynjD8y8qxT.jpeg',NULL,'http://cdn.mycompose.local',0,6,'2017-09-10 12:18:11','2017-09-10 12:18:11','4467',NULL),(105,'images.jpg','common','MFGu2LEanNEoQnFPsmWcl6v78U3XhMQcUgQcc5IO.jpeg',NULL,'http://cdn.mycompose.local',0,6,'2017-09-10 12:22:08','2017-09-10 12:22:08','4467',NULL),(106,'images.jpg','common','mcKZd3yWrhzd1QeYUFMsWMqX9bJK9UflLMx3pjM4.jpeg',NULL,'http://cdn.mycompose.local',0,6,'2017-09-10 12:24:07','2017-09-10 12:24:07','4467',NULL),(107,'996899_10151759159786465_1182123551_n.jpg','document_attachment','oFBk3jQJqXAc6VaDkMO87e7l21gVqLrUa8kW3T1O.jpeg',NULL,'http://cdn.mycompose.local',0,1,'2017-09-10 14:11:19','2017-09-10 14:11:19','11029',NULL),(108,'996899_10151759159786465_1182123551_n.jpg','document_attachment','kWPDllzAq9KCs6xXKyoqN2UK01pp6fdneEELv17j.jpeg',NULL,'http://cdn.mycompose.local',0,1,'2017-09-10 14:12:08','2017-09-10 14:12:08','11029',NULL),(109,'11031937_10153261036401465_4904533418977099083_n.jpg','document_attachment','6KcWBeYGwEiKFAWbx8AOtWgCgzrGoNpj1qN2cOcL.jpeg',NULL,'http://cdn.mycompose.local',0,1,'2017-09-10 14:12:08','2017-09-10 14:12:08','47282',NULL),(110,NULL,NULL,NULL,NULL,'http://cdn.mycompose.local',0,NULL,'2017-09-13 16:33:35',NULL,'0',NULL),(111,'img7.jpg','common','RFBcV68HAxUCs8FUtFqgzM84bs7SesFisOokX24N.jpeg',NULL,'http://cdn.mycompose.local',0,1,NULL,NULL,'158112',NULL),(112,'img7.jpg','common','xtdHyQbmaEfC798Ikz3rrNkqXap3PLY2cPf3QGr5.',NULL,'http://cdn.mycompose.local',0,1,NULL,NULL,'158112',NULL),(113,'img7.jpg','common','oFxYpdzsxZgN54qLbNeEUvGFtWrt93E69ctGK05h.',NULL,'http://cdn.mycompose.local',0,1,NULL,NULL,'158112',NULL),(114,'img7.jpg','common','jkJ4uVCXmoz3ln39RmhK3XLcBalKVAlEdX9iso0Z.',NULL,'http://cdn.mycompose.local',0,1,NULL,NULL,'158112',NULL),(115,'img7.jpg','common','42Bh6iXq9Nbj1FPIsGO07Tp9DiypJbsw5fHx9bIx.jpeg',NULL,'http://cdn.mycompose.local',0,1,NULL,NULL,'158112',NULL),(116,'img7.jpg','common','92CYZWczRM5wlvn1NQIJD00SmFxNN8cwH7HxM05S.jpeg',NULL,'http://cdn.mycompose.local',0,1,NULL,NULL,'158112',NULL),(117,'img7.jpg','common','VJSoTnBWqH7859xVqdwG3kRxK4JaANf6qwWl3uAs.jpeg',NULL,'http://cdn.mycompose.local',0,1,NULL,NULL,'158112',NULL),(118,'img12.jpg','common','XxUATdmWeRhJTAdr7z5vGkz3PwMQsFmCwfnqEYjv.jpeg',NULL,'http://cdn.mycompose.local',0,1,NULL,NULL,'124505',NULL),(119,'img12.jpg','common','tP6oXaoXDZAkCG5V6X3A8r76ARFKFz2Basr12bNT.jpeg',NULL,'http://cdn.mycompose.local',0,1,NULL,NULL,'124505',NULL),(120,'img12.jpg','common','6r3I0gRLs9QxNWzIbNXhMG8wUbdgqySwOLaEYI51.jpeg',NULL,'http://cdn.mycompose.local',0,1,NULL,NULL,'124505',NULL),(121,'img12.jpg','common','SKWnZgqY7FSG8UL8lYSttbNJ0sdlSthrLVHdmARR.jpeg',NULL,'http://cdn.mycompose.local',0,1,NULL,NULL,'124505',NULL),(122,'img12.jpg','common','PdmGFhpIdoK9iq6Dq4Sl8KVyidkXWrFsiEkqkp03.jpeg',NULL,'http://cdn.mycompose.local',0,1,NULL,NULL,'124505',NULL),(123,'img12.jpg','common','UuePtutjzmOYSPlM2sdVBmUlEJNRwYU7WURJaFAR.jpeg',NULL,'http://cdn.mycompose.local',0,1,NULL,NULL,'124505',NULL),(124,'download.png','common','CCIKmaW2ej8WtAlwwaR8zB7oNKIUUv4j6oS2wiqT.png',NULL,'http://cdn.mycompose.local',0,1,NULL,NULL,'32346',NULL),(125,'196','common','5TGVBp5baQ5F91GcSzIDcSwmzGv8B9eav8qFwAqg.jpeg',NULL,'http://cdn.mycompose.local',0,1,NULL,NULL,'124505',NULL),(126,'Resource id #7','common','',NULL,'http://cdn.mycompose.local',0,NULL,NULL,NULL,'0',NULL),(127,'Resource id #6','common','',NULL,'http://cdn.mycompose.local',0,NULL,NULL,NULL,'0',NULL),(128,'Resource id #6','common','',NULL,'http://cdn.mycompose.local',0,NULL,NULL,NULL,'0',NULL),(129,'Resource id #6','common','',NULL,'http://cdn.mycompose.local',0,NULL,NULL,NULL,'0',NULL),(130,'sss.jpg','common','sdsdsds.jpg',NULL,'http://cdn.mycompose.local',0,NULL,NULL,NULL,'0',NULL),(131,'exit procedure.jpeg','common','7dsN7neV2kQ2yTkG8OHXUdIstoIMJQhKhW136OkX.jpeg',NULL,'http://cdn.mycompose.local',0,36,NULL,NULL,'130799',NULL),(132,'LI_Profile_Export_Search_20170613.pdf','common','etJyGNYDzu813STPFAlEDNntWMuHG33QiQuOzLqj.pdf',NULL,'http://cdn.mycompose.local',0,36,NULL,NULL,'907709',NULL),(133,'audio_566.m4a','common','r1VkttdrjMbns5kzv2n9T2O1nEoTmKUX5Ym2p9MZ.',NULL,'http://cdn.mycompose.local',0,4,NULL,NULL,'91065',NULL),(134,'BEC57D98-839F-4C4A-B307-14C4BDE64180.jpeg','common','YvOV7qftX58HR4S97Aa7CtTLDSeYc1SUmBu4J8q2.jpeg',NULL,'http://cdn.mycompose.local',0,4,NULL,NULL,'1268382',NULL),(135,'C2DC4777-F7BC-490A-91A2-A032CD9108FB.jpeg','common','SsFN32MHqsMZEk1wunLbi1AQmUdVjY0nSZTNNdMR.jpeg',NULL,'http://cdn.mycompose.local',0,4,NULL,NULL,'1268382',NULL),(136,'0B162EF7-F3DC-4E3F-80F0-D282FC25F9FE.jpeg','common','J2XSg9F3t8OpMVmFbKMtUm53WMHLYhzLCUEpqKzL.jpeg',NULL,'http://cdn.mycompose.local',0,1,NULL,NULL,'1268382',NULL),(137,'2017_10_11_13.39.46.png','common','p5TXlqeUJiM5Cof1jb1WY4ghClmry8cbYkpiwn63.png',NULL,'http://cdn.mycompose.local',0,4,NULL,NULL,'962761',NULL),(138,'1502100600644.png','common','G5i8uXwmafe9XGLu017AAqc2hagOP3BZhHQuWSJG.png',NULL,'http://cdn.mycompose.local',0,4,NULL,NULL,'810823',NULL),(139,'IMG_20170731_140349.jpg','common','rVcVdzv4CKMMJCncLRi96cyYSs2giKMcZGqLAmWZ.jpeg',NULL,'http://cdn.mycompose.local',0,4,NULL,NULL,'2831024',NULL),(140,'IMG_20170731_135245.jpg','common','gwPToKIDTEIjtYsl51f8PJDYW5qXUCQWCCey6SNM.jpeg',NULL,'http://cdn.mycompose.local',0,4,NULL,NULL,'2635077',NULL),(141,'75F52AB5-02F4-40C8-B853-8C60D7B9CB90.jpeg','common','AlNiVyDHkR2IhAJR1Tp37GW9tXGovFuJBZM4yEWb.jpeg',NULL,'http://cdn.mycompose.local',0,1,NULL,NULL,'1852262',NULL),(142,'audio_102.m4a','common','js2n1V0CxETfR9DoGMtiXvC8TsBXw24LfmpvrhFX.',NULL,'http://cdn.mycompose.local',0,1,NULL,NULL,'97959',NULL),(143,'a.png','common','aL2DRwlkeNCC3IrQA2hMkbd6QoFabi15qpnFkbNc.',NULL,'http://cdn.mycompose.local',0,1,NULL,NULL,'8817',NULL),(144,'10429461_10153040715781465_3609253491526310604_n.jpg','common','hLsho17kwWkgrnzQhxuMPGduquL0poudmfc8AUkA.',NULL,'http://cdn.mycompose.local',0,1,NULL,NULL,'27034',NULL),(145,'10429461_10153040715781465_3609253491526310604_n.jpg','common','iLG2JLmaQH4IC278hagUCZvSXWofopmRV1g9hs0U.',NULL,'http://cdn.mycompose.local',0,1,NULL,NULL,'27034',NULL),(146,'10429461_10153040715781465_3609253491526310604_n.jpg','common','pZXXhr2tNUxdrgepxKNvP7xdKcLFASMdH0qx8zEv.',NULL,'http://cdn.mycompose.local',0,1,NULL,NULL,'27034',NULL),(147,'10429461_10153040715781465_3609253491526310604_n.jpg','common','K8jD0NsM5tIVZ6Pw75maDJMq4P74iNaRHP3rUbQ7.',NULL,'http://cdn.mycompose.local',0,1,NULL,NULL,'27034',NULL),(148,'10429461_10153040715781465_3609253491526310604_n.jpg','common','KN5oqC3K4dRnd7uO7Ncuos6SgQw1o0vOd0usz9Tk.',NULL,'http://cdn.mycompose.local',0,1,NULL,NULL,'27034',NULL),(149,'10429461_10153040715781465_3609253491526310604_n.jpg','common','inNx1Al52qESssCTEu2GPpNZ54YerPwsP5ipY3sZ.jpeg',NULL,'http://cdn.mycompose.local',0,1,NULL,NULL,'27034',NULL),(150,'10429461_10153040715781465_3609253491526310604_n.jpg','common','62Ys5da7q9sPoa6T2XsDM04xQNkBrl0Ed4C3EiPM.jpeg',NULL,'http://cdn.mycompose.local',0,1,NULL,NULL,'27034',NULL),(151,'10429461_10153040715781465_3609253491526310604_n.jpg','common','a7Z7FbPY5NidO0q2TD7dR2CWISVt3eVVq1UhgV49.jpeg',NULL,'http://cdn.mycompose.local',0,1,NULL,NULL,'27034',NULL),(152,'10429461_10153040715781465_3609253491526310604_n.jpg','common','KnRqJzOoVWdPQzr75RYJ400AErPwM0NUykph571c.jpeg',NULL,'http://cdn.mycompose.local',0,1,NULL,NULL,'27034',NULL),(153,'gerbera-brights-teleflora_9.jpg','common','AjqOpeg5X1kHAoJXpq41qMWjVAL4m492Wsj4AHYv.jpeg',NULL,'http://cdn.mycompose.local',0,1,NULL,NULL,'72413',NULL),(154,'10429461_10153040715781465_3609253491526310604_n.jpg','common','B5OPNCgGeeaLyt6y9Ew3R8yffRHxIfsafoFTVTHc.jpeg',NULL,'http://cdn.mycompose.local',0,1,NULL,NULL,'27034',NULL),(155,'surprise-happy-birthday-gifts-5.jpg','common','OjpTDahRkJcgNg2FOyflJ81Nb7hmlOPSTGclH0Ve.jpeg',NULL,'http://cdn.mycompose.local',0,1,NULL,NULL,'936282',NULL),(156,'10429461_10153040715781465_3609253491526310604_n.jpg','common','5F9vnSRb9K4gCYJHSisY32ezUyEZ7FeDDj2sU7zU.jpeg',NULL,'http://cdn.mycompose.local',0,1,NULL,NULL,'27034',NULL),(157,'868d2a3f8b27569d08bd19a47658c994.png','common','YEgqMiR0aNX9tNQoG22EeQCGN6M3u94ky4cBfhK2.png',NULL,'http://cdn.mycompose.local',0,53,NULL,NULL,'12344',NULL),(158,'facebook',NULL,NULL,NULL,'https://graph.facebook.com/v2.10/10156228862281465/picture?type=normal',0,NULL,'2018-04-03 17:35:42','2018-04-05 11:48:06','0',NULL),(159,'facebook',NULL,NULL,NULL,'https://graph.facebook.com/v2.10/10156228862281465/picture?type=normal',0,NULL,'2018-04-03 17:37:12',NULL,'0',NULL),(160,'facebook',NULL,NULL,NULL,'https://graph.facebook.com/v2.10/10156228862281465/picture?type=normal',0,NULL,'2018-04-03 17:48:51',NULL,'0',NULL),(161,'facebook',NULL,NULL,NULL,'https://graph.facebook.com/v2.10/10156228862281465/picture?type=normal',0,NULL,'2018-04-04 00:17:08',NULL,'0',NULL),(162,'facebook',NULL,NULL,NULL,'https://graph.facebook.com/v2.10/10156228862281465/picture?type=normal',0,NULL,'2018-04-04 10:26:45',NULL,'0',NULL),(163,'facebook',NULL,NULL,NULL,'https://lh3.googleusercontent.com/-fTegu-WyBBI/AAAAAAAAAAI/AAAAAAAABK0/Su9Ugk-si6w/photo.jpg?sz=50',0,NULL,'2018-04-04 10:47:49','2018-04-05 11:48:12','0',NULL),(164,'facebook',NULL,NULL,NULL,'https://graph.facebook.com/v2.10/10156228862281465/picture?type=normal',0,NULL,'2018-04-05 11:00:30',NULL,'0',NULL),(165,'facebook',NULL,NULL,NULL,'https://graph.facebook.com/v2.10/10156228862281465/picture?type=normal',0,NULL,'2018-04-05 11:06:18',NULL,'0',NULL),(166,'facebook',NULL,NULL,NULL,'https://graph.facebook.com/v2.10/10156228862281465/picture?type=normal',0,NULL,'2018-04-05 11:26:21',NULL,'0',NULL);

/*Table structure for table `folders` */

DROP TABLE IF EXISTS `folders`;

CREATE TABLE `folders` (
  `id` int(11) unsigned NOT NULL,
  `name` varchar(50) DEFAULT NULL,
  `account_id` int(11) unsigned NOT NULL,
  `parent_folder_id` int(11) unsigned NOT NULL,
  `deleted` tinyint(1) DEFAULT '0',
  `sort` int(11) DEFAULT NULL,
  `created_at` datetime DEFAULT NULL,
  `updated_at` datetime DEFAULT NULL,
  `deleted_at` timestamp NULL DEFAULT NULL,
  PRIMARY KEY (`id`),
  KEY `parent_folder_id` (`parent_folder_id`)
) ENGINE=InnoDB DEFAULT CHARSET=utf8;

/*Data for the table `folders` */

/*Table structure for table `friend_requests` */

DROP TABLE IF EXISTS `friend_requests`;

CREATE TABLE `friend_requests` (
  `id` int(11) unsigned NOT NULL AUTO_INCREMENT,
  `requested_id` int(11) unsigned NOT NULL,
  `requester_id` int(11) unsigned NOT NULL,
  `created_at` datetime DEFAULT NULL,
  PRIMARY KEY (`requested_id`,`requester_id`),
  UNIQUE KEY `id` (`id`),
  KEY `requester_id` (`requester_id`),
  CONSTRAINT `friend_requests_ibfk_1` FOREIGN KEY (`requested_id`) REFERENCES `users` (`id`),
  CONSTRAINT `friend_requests_ibfk_2` FOREIGN KEY (`requester_id`) REFERENCES `users` (`id`)
) ENGINE=InnoDB DEFAULT CHARSET=utf8;

/*Data for the table `friend_requests` */

/*Table structure for table `friends` */

DROP TABLE IF EXISTS `friends`;

CREATE TABLE `friends` (
  `id` int(11) unsigned NOT NULL AUTO_INCREMENT,
  `requested_id` int(11) unsigned NOT NULL,
  `requester_id` int(11) unsigned NOT NULL,
  `created_at` datetime DEFAULT NULL,
  `deleted_at` datetime DEFAULT NULL,
  PRIMARY KEY (`id`),
  KEY `requested_id` (`requested_id`),
  KEY `requester_id` (`requester_id`),
  CONSTRAINT `friends_ibfk_1` FOREIGN KEY (`requested_id`) REFERENCES `users` (`id`),
  CONSTRAINT `friends_ibfk_2` FOREIGN KEY (`requester_id`) REFERENCES `users` (`id`)
) ENGINE=InnoDB DEFAULT CHARSET=utf8;

/*Data for the table `friends` */

/*Table structure for table `invitations` */

DROP TABLE IF EXISTS `invitations`;

CREATE TABLE `invitations` (
  `id` int(11) unsigned NOT NULL AUTO_INCREMENT,
  `email` varchar(100) DEFAULT NULL,
  `mobile` varchar(50) DEFAULT NULL,
  `user_id` int(11) unsigned NOT NULL,
  `account_id` int(11) unsigned NOT NULL,
  `approved` tinyint(1) NOT NULL DEFAULT '0',
  `created_at` datetime DEFAULT NULL,
  `aprroved_at` datetime DEFAULT NULL,
  `approved_user_id` int(11) unsigned DEFAULT NULL,
  PRIMARY KEY (`id`),
  KEY `user_id` (`user_id`),
  KEY `account_id` (`account_id`),
  CONSTRAINT `invitations_ibfk_1` FOREIGN KEY (`user_id`) REFERENCES `users` (`id`)
) ENGINE=InnoDB DEFAULT CHARSET=utf8;

/*Data for the table `invitations` */

/*Table structure for table `invoices` */

DROP TABLE IF EXISTS `invoices`;

CREATE TABLE `invoices` (
  `id` int(10) unsigned NOT NULL AUTO_INCREMENT,
  `title` varchar(255) COLLATE utf8mb4_unicode_ci NOT NULL,
  `price` double NOT NULL,
  `paid` tinyint(1) NOT NULL,
  `created_at` timestamp NULL DEFAULT NULL,
  `updated_at` timestamp NULL DEFAULT NULL,
  `user_id` int(11) unsigned NOT NULL,
  PRIMARY KEY (`id`)
) ENGINE=InnoDB AUTO_INCREMENT=6 DEFAULT CHARSET=utf8mb4 COLLATE=utf8mb4_unicode_ci;

/*Data for the table `invoices` */

insert  into `invoices`(`id`,`title`,`price`,`paid`,`created_at`,`updated_at`,`user_id`) values (3,'Order #3 Invoice',200,0,'2018-03-11 09:45:20','2018-03-11 09:45:20',0),(4,'Order #4 Invoice',200,0,'2018-03-11 09:48:27','2018-03-11 09:48:27',0),(5,'Order #5 Invoice',1000,0,'2018-03-11 10:02:55','2018-03-11 10:02:55',0);

/*Table structure for table `io_numbering` */

DROP TABLE IF EXISTS `io_numbering`;

CREATE TABLE `io_numbering` (
  `id` int(11) unsigned NOT NULL AUTO_INCREMENT,
  `prefix` varchar(50) DEFAULT NULL,
  `counter` int(11) DEFAULT NULL,
  `postfix` varchar(50) DEFAULT NULL,
  `sperator` varchar(10) DEFAULT NULL,
  `year` date DEFAULT NULL,
  `type` enum('inbox','outbox') DEFAULT NULL,
  `departmint_id` int(11) unsigned NOT NULL,
  `created_at` timestamp NULL DEFAULT NULL,
  `updated_at` timestamp NULL DEFAULT NULL,
  `deleted_at` timestamp NULL DEFAULT NULL,
  PRIMARY KEY (`id`)
) ENGINE=InnoDB DEFAULT CHARSET=utf8;

/*Data for the table `io_numbering` */

/*Table structure for table `io_variables` */

DROP TABLE IF EXISTS `io_variables`;

CREATE TABLE `io_variables` (
  `id` int(11) unsigned NOT NULL AUTO_INCREMENT,
  `type` varchar(50) DEFAULT NULL,
  `type_id` int(11) unsigned DEFAULT NULL,
  `io_numbering_id` int(10) unsigned NOT NULL,
  `created_at` timestamp NULL DEFAULT NULL,
  `updated_at` timestamp NULL DEFAULT NULL,
  `deleted_at` timestamp NULL DEFAULT NULL,
  PRIMARY KEY (`id`),
  KEY `io_numbering_id` (`io_numbering_id`)
) ENGINE=InnoDB DEFAULT CHARSET=utf8;

/*Data for the table `io_variables` */

/*Table structure for table `items` */

DROP TABLE IF EXISTS `items`;

CREATE TABLE `items` (
  `id` int(10) unsigned NOT NULL AUTO_INCREMENT,
  `invoice_id` int(10) unsigned NOT NULL,
  `item_name` varchar(255) COLLATE utf8mb4_unicode_ci NOT NULL,
  `item_price` double NOT NULL,
  `item_qty` int(11) NOT NULL,
  `created_at` timestamp NULL DEFAULT NULL,
  `updated_at` timestamp NULL DEFAULT NULL,
  PRIMARY KEY (`id`),
  KEY `items_invoice_id_foreign` (`invoice_id`),
  CONSTRAINT `items_invoice_id_foreign` FOREIGN KEY (`invoice_id`) REFERENCES `invoices` (`id`) ON DELETE CASCADE ON UPDATE CASCADE
) ENGINE=InnoDB AUTO_INCREMENT=8 DEFAULT CHARSET=utf8mb4 COLLATE=utf8mb4_unicode_ci;

/*Data for the table `items` */

insert  into `items`(`id`,`invoice_id`,`item_name`,`item_price`,`item_qty`,`created_at`,`updated_at`) values (5,3,'Business',200,1,'2018-03-11 09:45:20','2018-03-11 09:45:20'),(6,4,'Business',200,1,'2018-03-11 09:48:27','2018-03-11 09:48:27'),(7,5,'Enterprise',1000,1,'2018-03-11 10:02:55','2018-03-11 10:02:55');

/*Table structure for table `languages` */

DROP TABLE IF EXISTS `languages`;

CREATE TABLE `languages` (
  `id` int(11) unsigned NOT NULL AUTO_INCREMENT,
  `name` varchar(50) NOT NULL,
  `code` varchar(5) NOT NULL,
  `direction` enum('ltr','rtl') NOT NULL DEFAULT 'ltr',
  `flag` varchar(100) DEFAULT NULL,
  `active` tinyint(1) DEFAULT '1',
  `created_at` timestamp NULL DEFAULT NULL,
  `updated_at` timestamp NULL DEFAULT NULL,
  `deleted_at` timestamp NULL DEFAULT NULL,
  PRIMARY KEY (`id`)
) ENGINE=InnoDB AUTO_INCREMENT=3 DEFAULT CHARSET=utf8;

/*Data for the table `languages` */

insert  into `languages`(`id`,`name`,`code`,`direction`,`flag`,`active`,`created_at`,`updated_at`,`deleted_at`) values (1,'English','en','ltr',NULL,1,NULL,NULL,NULL),(2,'Arabic','ar','rtl',NULL,1,NULL,NULL,NULL);

/*Table structure for table `layout_categories` */

DROP TABLE IF EXISTS `layout_categories`;

CREATE TABLE `layout_categories` (
  `category_id` int(11) unsigned NOT NULL,
  `layout_id` int(11) unsigned NOT NULL,
  `created_at` datetime DEFAULT NULL,
  `updated_at` timestamp NULL DEFAULT NULL,
  `deleted_at` timestamp NULL DEFAULT NULL,
  PRIMARY KEY (`category_id`,`layout_id`),
  KEY `layout_id` (`layout_id`)
) ENGINE=InnoDB DEFAULT CHARSET=utf8;

/*Data for the table `layout_categories` */

insert  into `layout_categories`(`category_id`,`layout_id`,`created_at`,`updated_at`,`deleted_at`) values (1,1,NULL,NULL,NULL),(1,2,NULL,NULL,NULL),(2,1,NULL,NULL,NULL),(4,2,NULL,NULL,NULL),(7,1,NULL,NULL,NULL),(7,2,NULL,NULL,NULL),(8,1,NULL,NULL,NULL),(9,1,NULL,NULL,NULL),(10,1,NULL,NULL,NULL),(11,1,NULL,NULL,NULL),(11,2,NULL,NULL,NULL),(13,1,NULL,NULL,NULL),(14,1,NULL,NULL,NULL),(15,2,NULL,NULL,NULL),(16,2,NULL,NULL,NULL),(23,1,NULL,NULL,NULL);

/*Table structure for table `logs` */

DROP TABLE IF EXISTS `logs`;

CREATE TABLE `logs` (
  `id` int(11) unsigned NOT NULL AUTO_INCREMENT,
  `object_id` int(11) DEFAULT NULL,
  `table_name` varchar(50) DEFAULT NULL,
  `action` text,
  `created_by` int(11) DEFAULT NULL,
  `created_at` datetime DEFAULT NULL,
  `old_value` varchar(50) DEFAULT NULL,
  `new_value` varchar(50) DEFAULT NULL,
  `updated_at` timestamp NULL DEFAULT NULL,
  `deleted_at` timestamp NULL DEFAULT NULL,
  PRIMARY KEY (`id`)
) ENGINE=MyISAM DEFAULT CHARSET=utf8;

/*Data for the table `logs` */

/*Table structure for table `messages_queue` */

DROP TABLE IF EXISTS `messages_queue`;

CREATE TABLE `messages_queue` (
  `id` int(11) unsigned NOT NULL AUTO_INCREMENT,
  `type` enum('email','sms') DEFAULT NULL,
  `created_at` datetime DEFAULT NULL,
  `notify` tinyint(1) DEFAULT '0',
  `contact` varchar(255) DEFAULT NULL,
  `message` text,
  `template` varchar(100) DEFAULT NULL,
  `recipient_type` enum('account','contact') DEFAULT NULL,
  PRIMARY KEY (`id`)
) ENGINE=InnoDB AUTO_INCREMENT=10 DEFAULT CHARSET=utf8;

/*Data for the table `messages_queue` */

insert  into `messages_queue`(`id`,`type`,`created_at`,`notify`,`contact`,`message`,`template`,`recipient_type`) values (2,'sms','2018-04-01 14:20:59',1,'+971 52 776 4449',NULL,'sign_mobile','contact'),(3,'email','2018-04-01 14:43:51',1,'moad.odat@gmail.com',NULL,'sign_email','contact'),(4,'sms','2018-04-01 14:43:51',1,'+971 52 776 4449',NULL,'sign_mobile','contact'),(5,'email','2018-04-01 15:35:27',1,'moad.odat@gmail.com',NULL,'sign_email','account'),(6,'email','2018-04-08 10:56:16',1,'moad.odat@gmail.com',NULL,'sign_email','contact'),(7,'email','2018-04-08 10:57:52',1,'moad.odat@gmail.com',NULL,'sign_email','contact'),(8,'email','2018-04-08 15:32:19',1,'moad.odat@gmail.com',NULL,'sign_email','contact'),(9,'email','2018-04-08 15:32:19',1,'moad.odat@gmail.com',NULL,'sign_email','contact');

/*Table structure for table `migrations` */

DROP TABLE IF EXISTS `migrations`;

CREATE TABLE `migrations` (
  `id` int(10) unsigned NOT NULL AUTO_INCREMENT,
  `migration` varchar(255) COLLATE utf8_unicode_ci NOT NULL,
  `batch` int(11) NOT NULL,
  PRIMARY KEY (`id`)
) ENGINE=InnoDB AUTO_INCREMENT=33 DEFAULT CHARSET=utf8 COLLATE=utf8_unicode_ci;

/*Data for the table `migrations` */

insert  into `migrations`(`id`,`migration`,`batch`) values (7,'2013_07_25_145943_create_languages_table',1),(8,'2013_07_25_145958_create_translations_table',1),(9,'2016_06_02_124154_increase_locale_length',1),(10,'2017_06_21_075630_create_sessions_table',1),(11,'2014_10_12_100000_create_password_resets_table',1),(12,'2017_06_22_074710_create_users_table',1),(13,'2017_06_22_113852_entrust_setup_tables',1),(19,'2017_07_31_082202_create_wf_workflow_table',2),(20,'2017_07_31_084122_create_wf_document_workflow_table',2),(21,'2017_07_31_084253_create_wf_stage_table',2),(22,'2017_08_06_074743_create_wf_stage_state',2),(26,'2017_08_11_173556_create_wf_requirement_table',3),(27,'2017_08_11_180055_create_wf_state_requirement_table',3),(29,'2017_08_13_111424_create_wf_state_requirement_assignee_table',4),(30,'2017_08_16_085519_create_wf_document_action_table',5),(31,'2016_10_31_160156_create_invoices_table',6),(32,'2016_10_31_160339_create_items_table',6);

/*Table structure for table `modules` */

DROP TABLE IF EXISTS `modules`;

CREATE TABLE `modules` (
  `id` int(11) unsigned NOT NULL AUTO_INCREMENT,
  `name` varchar(50) DEFAULT NULL,
  `controller` varchar(100) DEFAULT NULL,
  PRIMARY KEY (`id`)
) ENGINE=InnoDB AUTO_INCREMENT=11 DEFAULT CHARSET=utf8;

/*Data for the table `modules` */

insert  into `modules`(`id`,`name`,`controller`) values (1,'companies','CompaniesController'),(2,'branches','BranchesController'),(4,'departments','DepartmentsController'),(5,'users','UsersController'),(6,'roles','RolesController'),(7,'permissions','PermissionsController'),(8,'accounts','AccountsController'),(9,'workflow','WorkflowController'),(10,'requirements','RequirementController');

/*Table structure for table `my_contact` */

DROP TABLE IF EXISTS `my_contact`;

CREATE TABLE `my_contact` (
  `contact_id` int(11) unsigned NOT NULL,
  `my_id` int(11) unsigned NOT NULL,
  `user_id` int(11) unsigned NOT NULL,
  `by` enum('email','mobile','','all') NOT NULL,
  `created_at` datetime DEFAULT NULL,
  PRIMARY KEY (`contact_id`,`user_id`,`my_id`),
  KEY `user_id` (`user_id`),
  CONSTRAINT `my_contact_ibfk_1` FOREIGN KEY (`contact_id`) REFERENCES `contacts` (`id`),
  CONSTRAINT `my_contact_ibfk_2` FOREIGN KEY (`user_id`) REFERENCES `users` (`id`)
) ENGINE=InnoDB DEFAULT CHARSET=utf8;

/*Data for the table `my_contact` */

insert  into `my_contact`(`contact_id`,`my_id`,`user_id`,`by`,`created_at`) values (1,1,1,'all','2018-04-08 09:59:58');

/*Table structure for table `need_help` */

DROP TABLE IF EXISTS `need_help`;

CREATE TABLE `need_help` (
  `id` int(11) NOT NULL AUTO_INCREMENT,
  `title` varchar(255) DEFAULT NULL,
  `email` varchar(255) DEFAULT NULL,
  `message` varchar(255) DEFAULT NULL,
  `name` varchar(255) DEFAULT NULL,
  PRIMARY KEY (`id`)
) ENGINE=InnoDB DEFAULT CHARSET=utf8;

/*Data for the table `need_help` */

/*Table structure for table `notifications` */

DROP TABLE IF EXISTS `notifications`;

CREATE TABLE `notifications` (
  `id` int(11) unsigned NOT NULL AUTO_INCREMENT,
  `type` varchar(100) NOT NULL,
  `templete` text,
  `created_at` datetime NOT NULL ON UPDATE CURRENT_TIMESTAMP,
  `updated_at` datetime DEFAULT NULL,
  PRIMARY KEY (`id`)
) ENGINE=InnoDB AUTO_INCREMENT=4 DEFAULT CHARSET=utf8;

/*Data for the table `notifications` */

insert  into `notifications`(`id`,`type`,`templete`,`created_at`,`updated_at`) values (1,'complete document','The document %s that refrence %s complete','2018-04-01 12:17:24',NULL),(2,'The document need action by account','The document %s that reference %s need action %s','2018-04-01 12:17:56',NULL),(3,'The document need action by role','The document %s that reference %s need action %s By Role','2018-04-01 12:18:40',NULL);

/*Table structure for table `password_resets` */

DROP TABLE IF EXISTS `password_resets`;

CREATE TABLE `password_resets` (
  `email` varchar(255) COLLATE utf8_unicode_ci NOT NULL,
  `token` varchar(255) COLLATE utf8_unicode_ci NOT NULL,
  `created_at` timestamp NULL DEFAULT NULL,
  `updated_at` timestamp NULL DEFAULT NULL,
  `deleted_at` timestamp NULL DEFAULT NULL,
  KEY `password_resets_email_index` (`email`)
) ENGINE=InnoDB DEFAULT CHARSET=utf8 COLLATE=utf8_unicode_ci;

/*Data for the table `password_resets` */

/*Table structure for table `permission_role` */

DROP TABLE IF EXISTS `permission_role`;

CREATE TABLE `permission_role` (
  `id` int(10) unsigned NOT NULL AUTO_INCREMENT,
  `permission_id` int(10) unsigned NOT NULL,
  `role_id` int(10) unsigned NOT NULL,
  `created_at` timestamp NULL DEFAULT NULL,
  `updated_at` timestamp NULL DEFAULT NULL,
  `deleted_at` timestamp NULL DEFAULT NULL,
  PRIMARY KEY (`id`),
  KEY `permission_role_permission_id_index` (`permission_id`),
  KEY `permission_role_role_id_index` (`role_id`),
  CONSTRAINT `permission_role_permission_id_foreign` FOREIGN KEY (`permission_id`) REFERENCES `permissions` (`id`) ON DELETE CASCADE,
  CONSTRAINT `permission_role_role_id_foreign` FOREIGN KEY (`role_id`) REFERENCES `roles` (`id`) ON DELETE CASCADE
) ENGINE=InnoDB AUTO_INCREMENT=1601 DEFAULT CHARSET=utf8 COLLATE=utf8_unicode_ci;

/*Data for the table `permission_role` */

insert  into `permission_role`(`id`,`permission_id`,`role_id`,`created_at`,`updated_at`,`deleted_at`) values (1519,24,1,'2017-09-17 00:00:16','2017-09-17 00:00:16',NULL),(1520,25,1,'2017-09-17 00:00:16','2017-09-17 00:00:16',NULL),(1521,26,1,'2017-09-17 00:00:16','2017-09-17 00:00:16',NULL),(1522,27,1,'2017-09-17 00:00:16','2017-09-17 00:00:16',NULL),(1523,31,1,'2017-09-17 00:00:16','2017-09-17 00:00:16',NULL),(1524,67,1,'2017-09-17 00:00:16','2017-09-17 00:00:16',NULL),(1525,68,1,'2017-09-17 00:00:16','2017-09-17 00:00:16',NULL),(1526,47,1,'2017-09-17 00:00:16','2017-09-17 00:00:16',NULL),(1527,48,1,'2017-09-17 00:00:16','2017-09-17 00:00:16',NULL),(1528,49,1,'2017-09-17 00:00:16','2017-09-17 00:00:16',NULL),(1529,50,1,'2017-09-17 00:00:16','2017-09-17 00:00:16',NULL),(1530,51,1,'2017-09-17 00:00:16','2017-09-17 00:00:16',NULL),(1531,52,1,'2017-09-17 00:00:16','2017-09-17 00:00:16',NULL),(1532,57,1,'2017-09-17 00:00:16','2017-09-17 00:00:16',NULL),(1533,58,1,'2017-09-17 00:00:16','2017-09-17 00:00:16',NULL),(1534,64,1,'2017-09-17 00:00:16','2017-09-17 00:00:16',NULL),(1535,65,1,'2017-09-17 00:00:16','2017-09-17 00:00:16',NULL),(1536,66,1,'2017-09-17 00:00:16','2017-09-17 00:00:16',NULL),(1537,70,1,'2017-09-17 00:00:17','2017-09-17 00:00:17',NULL),(1538,71,1,'2017-09-17 00:00:17','2017-09-17 00:00:17',NULL),(1539,32,1,'2017-09-17 00:00:17','2017-09-17 00:00:17',NULL),(1540,33,1,'2017-09-17 00:00:17','2017-09-17 00:00:17',NULL),(1541,34,1,'2017-09-17 00:00:17','2017-09-17 00:00:17',NULL),(1542,35,1,'2017-09-17 00:00:17','2017-09-17 00:00:17',NULL),(1543,36,1,'2017-09-17 00:00:17','2017-09-17 00:00:17',NULL),(1544,37,1,'2017-09-17 00:00:17','2017-09-17 00:00:17',NULL),(1545,38,1,'2017-09-17 00:00:17','2017-09-17 00:00:17',NULL),(1546,39,1,'2017-09-17 00:00:17','2017-09-17 00:00:17',NULL),(1547,40,1,'2017-09-17 00:00:17','2017-09-17 00:00:17',NULL),(1548,41,1,'2017-09-17 00:00:17','2017-09-17 00:00:17',NULL),(1549,42,1,'2017-09-17 00:00:17','2017-09-17 00:00:17',NULL),(1550,43,1,'2017-09-17 00:00:17','2017-09-17 00:00:17',NULL),(1551,44,1,'2017-09-17 00:00:17','2017-09-17 00:00:17',NULL),(1552,45,1,'2017-09-17 00:00:17','2017-09-17 00:00:17',NULL),(1553,46,1,'2017-09-17 00:00:17','2017-09-17 00:00:17',NULL),(1554,73,1,'2017-09-17 00:00:17','2017-09-17 00:00:17',NULL),(1555,74,1,'2017-09-17 00:00:17','2017-09-17 00:00:17',NULL),(1556,75,1,'2017-09-17 00:00:17','2017-09-17 00:00:17',NULL),(1557,76,1,'2017-09-17 00:00:18','2017-09-17 00:00:18',NULL),(1558,77,1,'2017-09-17 00:00:18','2017-09-17 00:00:18',NULL),(1559,78,1,'2017-09-17 00:00:18','2017-09-17 00:00:18',NULL),(1560,79,1,'2017-09-17 00:00:18','2017-09-17 00:00:18',NULL),(1561,80,1,'2018-02-13 11:56:28','2018-02-13 11:56:30',NULL),(1562,81,1,'2018-02-13 12:07:39','2018-02-13 12:07:41',NULL),(1563,24,2,'2018-02-26 07:46:22','2018-02-26 07:46:22',NULL),(1564,25,2,'2018-02-26 07:46:22','2018-02-26 07:46:22',NULL),(1565,26,2,'2018-02-26 07:46:22','2018-02-26 07:46:22',NULL),(1566,27,2,'2018-02-26 07:46:22','2018-02-26 07:46:22',NULL),(1567,31,2,'2018-02-26 07:46:22','2018-02-26 07:46:22',NULL),(1568,67,2,'2018-02-26 07:46:22','2018-02-26 07:46:22',NULL),(1569,68,2,'2018-02-26 07:46:22','2018-02-26 07:46:22',NULL),(1570,47,2,'2018-02-26 07:46:22','2018-02-26 07:46:22',NULL),(1571,48,2,'2018-02-26 07:46:22','2018-02-26 07:46:22',NULL),(1572,49,2,'2018-02-26 07:46:22','2018-02-26 07:46:22',NULL),(1573,50,2,'2018-02-26 07:46:22','2018-02-26 07:46:22',NULL),(1574,51,2,'2018-02-26 07:46:22','2018-02-26 07:46:22',NULL),(1575,52,2,'2018-02-26 07:46:22','2018-02-26 07:46:22',NULL),(1576,57,2,'2018-02-26 07:46:22','2018-02-26 07:46:22',NULL),(1577,58,2,'2018-02-26 07:46:23','2018-02-26 07:46:23',NULL),(1578,64,2,'2018-02-26 07:46:23','2018-02-26 07:46:23',NULL),(1579,65,2,'2018-02-26 07:46:23','2018-02-26 07:46:23',NULL),(1580,66,2,'2018-02-26 07:46:23','2018-02-26 07:46:23',NULL),(1581,70,2,'2018-02-26 07:46:23','2018-02-26 07:46:23',NULL),(1582,71,2,'2018-02-26 07:46:23','2018-02-26 07:46:23',NULL),(1583,32,2,'2018-02-26 07:46:23','2018-02-26 07:46:23',NULL),(1584,35,2,'2018-02-26 07:46:23','2018-02-26 07:46:23',NULL),(1585,37,2,'2018-02-26 07:46:23','2018-02-26 07:46:23',NULL),(1586,39,2,'2018-02-26 07:46:23','2018-02-26 07:46:23',NULL),(1587,42,2,'2018-02-26 07:46:23','2018-02-26 07:46:23',NULL),(1588,43,2,'2018-02-26 07:46:23','2018-02-26 07:46:23',NULL),(1589,44,2,'2018-02-26 07:46:23','2018-02-26 07:46:23',NULL),(1590,45,2,'2018-02-26 07:46:23','2018-02-26 07:46:23',NULL),(1591,46,2,'2018-02-26 07:46:23','2018-02-26 07:46:23',NULL),(1592,73,2,'2018-02-26 07:46:23','2018-02-26 07:46:23',NULL),(1593,74,2,'2018-02-26 07:46:23','2018-02-26 07:46:23',NULL),(1594,75,2,'2018-02-26 07:46:23','2018-02-26 07:46:23',NULL),(1595,76,2,'2018-02-26 07:46:23','2018-02-26 07:46:23',NULL),(1596,77,2,'2018-02-26 07:46:23','2018-02-26 07:46:23',NULL),(1597,78,2,'2018-02-26 07:46:23','2018-02-26 07:46:23',NULL),(1598,80,2,'2018-02-26 07:46:23','2018-02-26 07:46:23',NULL),(1599,81,2,'2018-02-26 07:46:23','2018-02-26 07:46:23',NULL),(1600,79,2,'2018-02-26 07:46:23','2018-02-26 07:46:23',NULL);

/*Table structure for table `permission_user` */

DROP TABLE IF EXISTS `permission_user`;

CREATE TABLE `permission_user` (
  `id` int(10) unsigned NOT NULL AUTO_INCREMENT,
  `permission_id` int(10) unsigned NOT NULL,
  `user_id` int(10) unsigned NOT NULL,
  `created_at` timestamp NULL DEFAULT NULL,
  `updated_at` timestamp NULL DEFAULT NULL,
  `deleted_at` timestamp NULL DEFAULT NULL,
  PRIMARY KEY (`id`),
  KEY `permission_user_permission_id_index` (`permission_id`),
  KEY `permission_user_user_id_index` (`user_id`),
  CONSTRAINT `permission_user_permission_id_foreign` FOREIGN KEY (`permission_id`) REFERENCES `permissions` (`id`) ON DELETE CASCADE,
  CONSTRAINT `permission_user_user_id_foreign` FOREIGN KEY (`user_id`) REFERENCES `users` (`id`) ON DELETE CASCADE
) ENGINE=InnoDB DEFAULT CHARSET=utf8 COLLATE=utf8_unicode_ci;

/*Data for the table `permission_user` */

/*Table structure for table `permissions` */

DROP TABLE IF EXISTS `permissions`;

CREATE TABLE `permissions` (
  `id` int(10) unsigned NOT NULL AUTO_INCREMENT,
  `key` varchar(255) NOT NULL,
  `name` varchar(255) NOT NULL,
  `status` tinyint(1) NOT NULL,
  `module_id` int(11) unsigned DEFAULT NULL,
  `created_at` timestamp NULL DEFAULT NULL,
  `updated_at` timestamp NULL DEFAULT NULL,
  `deleted_at` timestamp NULL DEFAULT NULL,
  PRIMARY KEY (`id`),
  UNIQUE KEY `permissions_slug_unique` (`key`),
  KEY `module_id` (`module_id`),
  CONSTRAINT `permissions_ibfk_1` FOREIGN KEY (`module_id`) REFERENCES `modules` (`id`)
) ENGINE=InnoDB AUTO_INCREMENT=83 DEFAULT CHARSET=utf8;

/*Data for the table `permissions` */

insert  into `permissions`(`id`,`key`,`name`,`status`,`module_id`,`created_at`,`updated_at`,`deleted_at`) values (24,'users-index','Users Index',1,5,NULL,NULL,NULL),(25,'users-create','Users Create',1,5,NULL,NULL,NULL),(26,'users-profile','Users Profile',1,5,NULL,NULL,NULL),(27,'users-edit','Users Edit',1,5,NULL,NULL,NULL),(31,'users-deactive','Users Deactive',1,5,NULL,NULL,NULL),(32,'companies-index','Companies Index',1,1,NULL,NULL,NULL),(33,'companies-create','Companies Create',1,1,NULL,NULL,NULL),(34,'companies-edit','Companies Edit',1,1,NULL,NULL,NULL),(35,'companies-details','Companies Details',1,1,NULL,NULL,NULL),(36,'companies-delete','Companies Delete',1,1,NULL,NULL,NULL),(37,'branches-index','Branches Index',1,2,NULL,NULL,NULL),(38,'branches-create','Branches Create',1,2,NULL,NULL,NULL),(39,'branches-details','Branches Details',1,2,NULL,NULL,NULL),(40,'branches-edit','Branches Edit',1,2,NULL,NULL,NULL),(41,'branches-delete','Branches Delete',1,2,NULL,NULL,NULL),(42,'departments-index','Departments Index',1,4,NULL,NULL,NULL),(43,'departments-create','Departments Create',1,4,NULL,NULL,NULL),(44,'departments-details','Departments Details',1,4,NULL,NULL,NULL),(45,'departments-edit','Departments Edit',1,4,NULL,NULL,NULL),(46,'departments-delete','Departments Delete',1,4,NULL,NULL,NULL),(47,'roles-index','Roles Index',1,6,NULL,NULL,NULL),(48,'roles-create','Roles Create',1,6,NULL,NULL,NULL),(49,'roles-details','Roles Details',1,6,NULL,NULL,NULL),(50,'roles-edit','Roles Edit',1,6,NULL,NULL,NULL),(51,'roles-delete','Roles Delete',1,6,NULL,NULL,NULL),(52,'permissions-index','Permissions Index',1,7,NULL,NULL,NULL),(57,'accounts-index','Accounts Index',1,8,NULL,NULL,NULL),(58,'accounts-create','Accounts Create',1,8,NULL,NULL,NULL),(64,'accounts-details','Accounts Details',1,8,NULL,NULL,NULL),(65,'accounts-edit','Accounts Edit',1,8,NULL,NULL,NULL),(66,'accounts-deactive','Accounts Deactive',1,8,NULL,NULL,NULL),(67,'users-roles','Users Roles',1,5,NULL,NULL,NULL),(68,'users-permissions','Users Permissions',1,5,NULL,NULL,NULL),(70,'accounts-roles','Accounts Roles',1,8,NULL,NULL,NULL),(71,'accounts-permissions','Accounts Permissions',1,8,NULL,NULL,NULL),(73,'departments-roles','Departments Roles',1,4,NULL,NULL,NULL),(74,'departments-permissions','Departments Permissions',1,4,NULL,NULL,NULL),(75,'workflow-index','Workflow Index',1,9,NULL,NULL,NULL),(76,'workflow-create','Workflow Create',1,9,NULL,NULL,NULL),(77,'workflow-details','Workflow Details',1,9,NULL,NULL,NULL),(78,'workflow-stage','Workflow Stage',1,9,NULL,NULL,NULL),(79,'requirements-index','Requirements Index',1,10,NULL,NULL,NULL),(80,'workflow-state-index','Workflow State Index',1,9,'2018-02-13 11:56:00','2018-02-13 11:56:05',NULL),(81,'workflow-state-create','Workflow State Create',1,9,'2018-02-13 12:07:20','2018-02-13 12:07:23',NULL),(82,'choose-workflow','choose-workflow',1,NULL,'2018-03-25 14:40:19',NULL,NULL);

/*Table structure for table `prices_feature_permission` */

DROP TABLE IF EXISTS `prices_feature_permission`;

CREATE TABLE `prices_feature_permission` (
  `feature_id` int(11) unsigned NOT NULL,
  `permission_id` int(11) unsigned NOT NULL,
  PRIMARY KEY (`feature_id`,`permission_id`),
  KEY `permission_id` (`permission_id`),
  CONSTRAINT `prices_feature_permission_ibfk_1` FOREIGN KEY (`permission_id`) REFERENCES `permissions` (`id`),
  CONSTRAINT `prices_feature_permission_ibfk_2` FOREIGN KEY (`feature_id`) REFERENCES `prices_features` (`id`)
) ENGINE=InnoDB DEFAULT CHARSET=utf8;

/*Data for the table `prices_feature_permission` */

/*Table structure for table `prices_feature_role` */

DROP TABLE IF EXISTS `prices_feature_role`;

CREATE TABLE `prices_feature_role` (
  `feature_id` int(11) unsigned NOT NULL,
  `role_id` int(11) unsigned NOT NULL,
  PRIMARY KEY (`feature_id`,`role_id`),
  KEY `role_id` (`role_id`),
  CONSTRAINT `prices_feature_role_ibfk_1` FOREIGN KEY (`feature_id`) REFERENCES `prices_features` (`id`),
  CONSTRAINT `prices_feature_role_ibfk_2` FOREIGN KEY (`role_id`) REFERENCES `roles` (`id`)
) ENGINE=InnoDB DEFAULT CHARSET=utf8;

/*Data for the table `prices_feature_role` */

/*Table structure for table `prices_features` */

DROP TABLE IF EXISTS `prices_features`;

CREATE TABLE `prices_features` (
  `id` int(11) unsigned NOT NULL AUTO_INCREMENT,
  `key` varchar(255) DEFAULT NULL,
  `title` varchar(255) DEFAULT NULL,
  `default_value` varchar(255) DEFAULT NULL,
  `created_at` datetime DEFAULT NULL,
  `updated_at` datetime DEFAULT NULL,
  `custom_icon_class` varchar(255) DEFAULT NULL,
  `route` varchar(255) DEFAULT NULL,
  PRIMARY KEY (`id`)
) ENGINE=InnoDB AUTO_INCREMENT=8 DEFAULT CHARSET=utf8;

/*Data for the table `prices_features` */

insert  into `prices_features`(`id`,`key`,`title`,`default_value`,`created_at`,`updated_at`,`custom_icon_class`,`route`) values (1,'number_of_accounts','Number of accounts','50','2018-03-06 12:37:24',NULL,'icon-users2 text-info','settings.accounts'),(2,'number_of_workflows','Number of workflow','5','2018-03-06 12:37:26',NULL,'icon-tree6 text-success',NULL),(3,NULL,'Number of documents','100','2018-03-06 12:38:04',NULL,'icon-tree6 text-info',NULL),(4,NULL,'Cloud Storage','100 MB per account','2018-03-06 12:38:05',NULL,'icon-users2 text-warning',NULL),(5,NULL,'Data Backup','None','2018-03-06 12:38:47',NULL,'icon-users2 text-warning',NULL),(6,NULL,'Performance','Standard','2018-03-06 12:39:32',NULL,'icon-users2 text-warning',NULL),(7,'number_of_companies','Number of Companeis','3','2018-03-15 10:50:54',NULL,'icon-tree6 text-info','settings.companies');

/*Table structure for table `prices_plan_features` */

DROP TABLE IF EXISTS `prices_plan_features`;

CREATE TABLE `prices_plan_features` (
  `plan_id` int(11) unsigned NOT NULL,
  `feature_id` int(11) unsigned NOT NULL,
  `value` varchar(255) DEFAULT NULL,
  `created_at` datetime DEFAULT NULL,
  `enable` tinyint(1) DEFAULT '0',
  PRIMARY KEY (`plan_id`,`feature_id`),
  KEY `feature_id` (`feature_id`),
  CONSTRAINT `prices_plan_features_ibfk_1` FOREIGN KEY (`plan_id`) REFERENCES `prices_plans` (`id`),
  CONSTRAINT `prices_plan_features_ibfk_2` FOREIGN KEY (`feature_id`) REFERENCES `prices_features` (`id`)
) ENGINE=InnoDB DEFAULT CHARSET=utf8;

/*Data for the table `prices_plan_features` */

insert  into `prices_plan_features`(`plan_id`,`feature_id`,`value`,`created_at`,`enable`) values (1,1,NULL,NULL,0),(1,2,NULL,NULL,0),(1,3,NULL,NULL,0),(1,4,NULL,NULL,0),(1,5,NULL,NULL,0),(1,6,NULL,NULL,0),(1,7,NULL,NULL,0),(2,1,NULL,NULL,0),(2,2,NULL,NULL,0),(2,3,NULL,NULL,0),(2,4,NULL,NULL,0),(2,5,NULL,NULL,0),(2,6,NULL,NULL,0),(2,7,NULL,NULL,0),(3,1,NULL,NULL,0),(3,2,NULL,NULL,0),(3,3,NULL,NULL,0),(3,4,NULL,NULL,0),(3,5,NULL,NULL,0),(3,6,NULL,NULL,0),(3,7,NULL,NULL,0);

/*Table structure for table `prices_plan_permission` */

DROP TABLE IF EXISTS `prices_plan_permission`;

CREATE TABLE `prices_plan_permission` (
  `plan_id` int(11) unsigned NOT NULL,
  `permission_id` int(11) unsigned NOT NULL,
  PRIMARY KEY (`plan_id`,`permission_id`),
  KEY `permission_id` (`permission_id`),
  CONSTRAINT `prices_plan_permission_ibfk_1` FOREIGN KEY (`plan_id`) REFERENCES `prices_plans` (`id`),
  CONSTRAINT `prices_plan_permission_ibfk_2` FOREIGN KEY (`permission_id`) REFERENCES `permissions` (`id`)
) ENGINE=InnoDB DEFAULT CHARSET=utf8;

/*Data for the table `prices_plan_permission` */

/*Table structure for table `prices_plan_role` */

DROP TABLE IF EXISTS `prices_plan_role`;

CREATE TABLE `prices_plan_role` (
  `plan_id` int(11) unsigned NOT NULL,
  `role_id` int(11) unsigned NOT NULL,
  PRIMARY KEY (`plan_id`,`role_id`),
  KEY `role_id` (`role_id`),
  CONSTRAINT `prices_plan_role_ibfk_1` FOREIGN KEY (`plan_id`) REFERENCES `prices_plans` (`id`),
  CONSTRAINT `prices_plan_role_ibfk_2` FOREIGN KEY (`role_id`) REFERENCES `roles` (`id`)
) ENGINE=InnoDB DEFAULT CHARSET=utf8;

/*Data for the table `prices_plan_role` */

/*Table structure for table `prices_plans` */

DROP TABLE IF EXISTS `prices_plans`;

CREATE TABLE `prices_plans` (
  `id` int(11) unsigned NOT NULL AUTO_INCREMENT,
  `title` varchar(100) NOT NULL,
  `description` text,
  `price` varchar(255) DEFAULT NULL,
  `created_at` datetime DEFAULT NULL,
  `updated_at` datetime DEFAULT NULL,
  `deleted_at` datetime DEFAULT NULL,
  `most_popular` tinyint(1) DEFAULT '0',
  `amount` double(8,2) DEFAULT NULL,
  PRIMARY KEY (`id`)
) ENGINE=InnoDB AUTO_INCREMENT=4 DEFAULT CHARSET=utf8;

/*Data for the table `prices_plans` */

insert  into `prices_plans`(`id`,`title`,`description`,`price`,`created_at`,`updated_at`,`deleted_at`,`most_popular`,`amount`) values (1,'Individual','free user','Free','2018-03-06 12:32:54',NULL,NULL,0,0.00),(2,'Business','Drive execution with automated actions and dashboards','500$ per month','2018-03-06 12:34:49',NULL,NULL,1,500.00),(3,'Enterprise','Execute at scale with security, visibility, and control','1000$ per month',NULL,NULL,NULL,0,1000.00);

/*Table structure for table `qr_codes` */

DROP TABLE IF EXISTS `qr_codes`;

CREATE TABLE `qr_codes` (
  `id` int(11) unsigned NOT NULL AUTO_INCREMENT,
  `data` longblob,
  `created_at` datetime DEFAULT NULL,
  `updated_at` datetime DEFAULT NULL,
  `deleted_at` datetime DEFAULT NULL,
  `created_by` int(11) unsigned DEFAULT NULL,
  PRIMARY KEY (`id`)
) ENGINE=InnoDB AUTO_INCREMENT=608 DEFAULT CHARSET=utf8;

/*Data for the table `qr_codes` */

insert  into `qr_codes`(`id`,`data`,`created_at`,`updated_at`,`deleted_at`,`created_by`) values (543,'data:image/png;base64,iVBORw0KGgoAAAANSUhEUgAAAGMAAABjAQMAAAC19SzWAAAABlBMVEX///8AAABVwtN+AAAAAXRSTlMAQObYZgAAAAlwSFlzAAAOxAAADsQBlSsOGwAAAflJREFUOI2FlE2O6yAQhDvygiU3iC+CxLWcFUi+h3OV+ARcwTu2SGxsyaJfNc5kZrBHD0WxPomfruoCYt7vpPKqRuaF/kPFqbxxpUSmOOrmvXtRS5kNs8m8d2Gv1K9/E6+Y/KEyUBnMNXEd45u6wE+O15TDZyYqyzMX/anzB+FcmRn2/NaXg5HfHyR7VpKh4+Q40Xt8E7NlqYXLI/qD7LiaPynjf4uoTKuJVHJqfKkz2QnOs30GJaeDqAvmruvZP6l7Wa7yJ2eEFNxNtzgNJ8LR4vzGxR00DcSrTbJLQ6iwjhxQZ8cK+hCBcT5RX7XDIg6VTLlxnneQbwh7Fo0NQeypkPI6er1ABrXkeNLs9Y4lnu5uv2vrNdKmWsLMoq2czuLnIyZk913Zb8LMjMKZn1slLKI+UL9F31DVbaShG+rs5wjPECD/2KmljQ/C5qhssGkQx4tWLZUHJ4eEqOpSeSykhfJ8JmRKyPIsN05zumFvA/ItQVGQwFc/k4voFagPqOw3ZekjPyXMcldWOwb7lNQsF5TD0fqlZh4OYhEy0ZJ8naoJ4S/yaIXUciLpoz5m4jb2q/W3CDEt1ZfBjls9/iA1ylNBV8SSQXTqffv3jiNyfUEswuOhncU7npc8L3RBx8tQHYTLYUl6J30iURQgkflLrTZpwD1QDf0DuPNM94XjGOIAAAAASUVORK5CYII=','2018-02-25 12:49:06',NULL,NULL,1),(544,'data:image/png;base64,iVBORw0KGgoAAAANSUhEUgAAAFcAAABXAQMAAABLBksvAAAABlBMVEX///8AAABVwtN+AAAAAXRSTlMAQObYZgAAAAlwSFlzAAAOxAAADsQBlSsOGwAAAYNJREFUOI1900tugzAUBdCHMmAW74BsBMnbCpM6UvYBW4ENhC0wY/okT1Ip8u21cdvwaT2IThJjvx8CvKpiwtMiyD8Obl6sUgdXtlLLeWWPGrDB1HhEX55Wj4xPBJcdmld1PTCvA7JPY/plZz/axYzB9/H8JZ4f85C4Z8zx+7H+w3lPXKa895LXt5kURnTD3F6z22Jv0FzhQy6Y2/SUnlfmv60r+Ulr8apYNzOrrN2gYw3drFeRZu6etTbzbe3g0kXxF5p9ibFf+q2xrAefncB8Ab/1C0x8MTsoTMemlH8dGtwM99g77+LtRtTZGMObecJ95NVxDyt5H9hHOfUr8wTPcXKW8QClukkObJWJuxizGqtSajF3/dY8Vg3wpEv2UUzNWr3bp76wFD5Ed8Oxc31S34NjWWTjNPOIc7i4wI1z2+9soC7PYcVQnYTzynG2Tbx3mVstwK9+b5dGKCye/CiXnWPjkPf4gTEgXLfm+6XJ8d1Mldk45TUFU7KGNM+v0sy8+Qt3fWlLHYx1ogAAAABJRU5ErkJggg==','2018-02-25 13:43:51',NULL,NULL,1),(545,'data:image/png;base64,iVBORw0KGgoAAAANSUhEUgAAAFcAAABXAQMAAABLBksvAAAABlBMVEX///8AAABVwtN+AAAAAXRSTlMAQObYZgAAAAlwSFlzAAAOxAAADsQBlSsOGwAAAXRJREFUOI1900GOgzAMBVAjFtnBDZqLIOVazKZU4h7lKnCByRXYZYuUDUgonu+kg5rCDErRq2SCYxti3r2deTUc6B/HJV6o0dyUtqEqs+cGMSXu39HTH7a7fvOtvTJz+PXSmUt7BMV9kEO5yf4pn8OSv6zjLI231+ZoXDjIraZ0Hea1iSnNeNfL29kmpR3zUd5iZ7NUmUNnJGE2PrxcjlSuZ3M/xjrXxJM4VB/e2TIjBu8qxMhdj5l521MNdSC9EnUKpntm6SZiOvwo1AaP3Dr3YTnRtqeYcnOPltAC3N+NkOeXQzuWFs/ys3A9u7N5QozzSKCe/YiyuD73ghgrHsRmsGop3DBmlq5ZhVLApVWB1CBlyaxxLotHUCKSibKNvjTHMsa+S3PRptxx4GdpWbTmGXMb2rP3ZPkWMOcWyIzB0BOOxj7O7a1gVONsHEqqlGYbLlyoTkbC9jCWepwtf1W4Sw5eKqlSbodl5jdGnZOXgvtP/wAcInsl4ienbAAAAABJRU5ErkJggg==','2018-02-26 09:40:59',NULL,NULL,1),(546,'data:image/png;base64,iVBORw0KGgoAAAANSUhEUgAAAFcAAABXAQMAAABLBksvAAAABlBMVEX///8AAABVwtN+AAAAAXRSTlMAQObYZgAAAAlwSFlzAAAOxAAADsQBlSsOGwAAAWxJREFUOI1900FuhDAMBVAjFrNrbgAXQcq1mE2DxD3gKnCBcgV2bCNlM5Wi/NrJQBkmLULoaWQ8dmwI8GSactEI9I9rNHW0paaeqKKGPl7sYkBQDb7EpLTN2SoEc3jLOqgN2E3yzNg0yVwD18n5Uz2HuWYOcHv9bvnDewxf5YPKidJ1OBQYgXGiED0YDHQ1ZvH4veHBXiul2e5qj0WPEJezd9NtUJulF2MBoIMRBzkQbdtbdzXERnfcb+ED//hmzsIxDtoFqrHZvCUGyZMeSHN5/fRizjNIDHo+Z7NWnPy+vVnOZ3ha97OvWjm6s4NBL6n4L/ncts7w/WZ1ilG+/GZ7nuPZcQ/FVvaNW9Cd8pYuRmwf3JebwXfeSHEyYmlhochfx93g1hpM0TM6kzHnsNG8e7yT1si7Z8uWgueF8CkuHzyjjHk0Ltbz9LLWGeOIqQrIu+3V4Y50nlJDq7sC6Rs5nGoedjusFfHQz/4BaYNgxRRw2Y0AAAAASUVORK5CYII=','2018-02-26 11:28:59',NULL,NULL,1),(547,'data:image/png;base64,iVBORw0KGgoAAAANSUhEUgAAAFcAAABXAQMAAABLBksvAAAABlBMVEX///8AAABVwtN+AAAAAXRSTlMAQObYZgAAAAlwSFlzAAAOxAAADsQBlSsOGwAAAXVJREFUOI190kGOgzAMBVBXLNg1N4CLIOVanc0EiXvAVdILlCt0xzZSNq2E8uc7DJ3S0olQ9VQ5iWNbgFlcU4wWSf5xjabODtLUXipp5LhxzAHJNLioxdiw52CQ3MPTrpOZgNWivzt2zWLmwDx5/pLPw8yZAXHNP44fvMZwFTcpvCzr4XTAAAxeUnbv0MuOk8Nwn3CT6nBNxtLx1cBoB6hFbOfL3kxBNo5ggE1ucdk7G05luzVg1c62R+HhPf98My9KzvK0mCT6cte4g0fh1zO38Ov81phzDLqLFKNe3X5Nb9aAfrG34TBXJy3ds3FGcFou1jkdptbxe7NBhzXG2O5Oz3LcmBdFjZkD5+0+aRHMrLXaWGPYDr6LCcTzByOv3HfmNoyS+ec8G2x9A7/MDFq3Z/Bpas4eEZzufbYOGNgvpG91cWOPdlxzMHI+dOWmOF7rN9f5+UtMfYbuPb2abV3qyRxwsy2n7rJx7in61cFdK5HaP/sH6IVamXZYUyUAAAAASUVORK5CYII=','2018-02-26 12:15:29',NULL,NULL,1),(549,'data:image/png;base64,iVBORw0KGgoAAAANSUhEUgAAAFcAAABXAQMAAABLBksvAAAABlBMVEX///8AAABVwtN+AAAAAXRSTlMAQObYZgAAAAlwSFlzAAAOxAAADsQBlSsOGwAAAXdJREFUOI190kFugzAQBdBBXrCDG8QXscS16KZEyj3CVZIL1Fdgx9aSNyAh//4xTVSTtAhFj2gE3zMjwBb9hKVDkn+cb3UQZ+GMd9IUjnCsMfz9yr7/Yb/ZXz717wykh8PQvXVkUX4PM5hV37/neVrz6/08i4v+vZHNiwc5tbJfT2NxOdLEb6kXh/XF+iGNTVtMxvOfLjSFsQdGF5PEVW1uYpbCUONy0zx2EbuqU1MY66ZlrGEf7hvumt3eDoa6d5bP1XyVmpbPwsYjVUgDe60O1XYa5qOBMGx7jfQig3AE575w+MB1mDmO8PAF89EDRrBmjotIO5mljn6+lI5+i9njomcJUodqHm+lV9A8Gi19fZZ6vLMthU8DUtuNni3a7ew76z577HPX4XJMpfPCTzqybLtO3NvUv1r3OX0+ds9LaApzMQzn5aFz52ay5y3Yh4NTNtLD1cx3Hs0C/+PQcofrc/PiQb3n0c63HHdhZk4fYJ9/XOFy9DcZI3dJ+hpmrwAAAABJRU5ErkJggg==','2018-03-04 09:42:06',NULL,NULL,53),(550,'data:image/png;base64,iVBORw0KGgoAAAANSUhEUgAAAFcAAABXAQMAAABLBksvAAAABlBMVEX///8AAABVwtN+AAAAAXRSTlMAQObYZgAAAAlwSFlzAAAOxAAADsQBlSsOGwAAAXVJREFUOI1900GOgzAMBVAjFuyaG5CLRMq1mA2p1Hu0V4ELNFdgxzZSNq2E4vkmDJpQZrJ6qqzwY7vEvLSKH2w50T/WvDmQqXm+vQxdCkc2vJqfqz0RnZlNPWzWr79s93vq4dx6ZFwFI0NbiXOe3cjMHt7yR2+iP/Feg8N+vneUz+61YE5uqQdx5CmpD/NmLdma23sKyrSXgy2/l6TkWzXbRCaRjaXR5FQtjKfBfiLxlLrCyCz2S+opOHhq1dKWRk2oFsmDexAg+1lYapQ8/5EIv5AiPc7XvrTjq5pQg2+lr/lawQYZCjt+jDNuQw05C6NXdGbU1OhzRy3hRaZ+FkZ+PRjtLfJkk7L3vrDMa8QqivVA6JW4KyxJxIxsETuMnjgOdLQ003HMcx/wFTp43Y0pOJP3JClx6j8t+yazwBCxe55CV1h2HgP1HPpszIjD5cSSZ91txEiu+XSoUNPwj0N3ZsyLm/w/XS1N/m15l5xtT6CkDv4Ge6JcL+XxrNIAAAAASUVORK5CYII=','2018-03-04 10:00:07',NULL,NULL,53),(551,'data:image/png;base64,iVBORw0KGgoAAAANSUhEUgAAAFcAAABXAQMAAABLBksvAAAABlBMVEX///8AAABVwtN+AAAAAXRSTlMAQObYZgAAAAlwSFlzAAAOxAAADsQBlSsOGwAAAXdJREFUOI190kFugzAQBdBBXrCDG8QXscS16KZEyj3CVZIL1Fdgx9aSNyAh//4xTVSTtAhFj2gE3zMjwBb9hKVDkn+cb3UQZ+GMd9IUjnCsMfz9yr7/Yb/ZXz717wykh8PQvXVkUX4PM5hV37/neVrz6/08i4v+vZHNiwc5tbJfT2NxOdLEb6kXh/XF+iGNTVtMxvOfLjSFsQdGF5PEVW1uYpbCUONy0zx2EbuqU1MY66ZlrGEf7hvumt3eDoa6d5bP1XyVmpbPwsYjVUgDe60O1XYa5qOBMGx7jfQig3AE575w+MB1mDmO8PAF89EDRrBmjotIO5mljn6+lI5+i9njomcJUodqHm+lV9A8Gi19fZZ6vLMthU8DUtuNni3a7ew76z577HPX4XJMpfPCTzqybLtO3NvUv1r3OX0+ds9LaApzMQzn5aFz52ay5y3Yh4NTNtLD1cx3Hs0C/+PQcofrc/PiQb3n0c63HHdhZk4fYJ9/XOFy9DcZI3dJ+hpmrwAAAABJRU5ErkJggg==','2018-03-04 10:02:14',NULL,NULL,53),(552,'data:image/png;base64,iVBORw0KGgoAAAANSUhEUgAAAFcAAABXAQMAAABLBksvAAAABlBMVEX///8AAABVwtN+AAAAAXRSTlMAQObYZgAAAAlwSFlzAAAOxAAADsQBlSsOGwAAAXdJREFUOI190kFugzAQBdBBXrCDG8QXscS16KZEyj3CVZIL1Fdgx9aSNyAh//4xTVSTtAhFj2gE3zMjwBb9hKVDkn+cb3UQZ+GMd9IUjnCsMfz9yr7/Yb/ZXz717wykh8PQvXVkUX4PM5hV37/neVrz6/08i4v+vZHNiwc5tbJfT2NxOdLEb6kXh/XF+iGNTVtMxvOfLjSFsQdGF5PEVW1uYpbCUONy0zx2EbuqU1MY66ZlrGEf7hvumt3eDoa6d5bP1XyVmpbPwsYjVUgDe60O1XYa5qOBMGx7jfQig3AE575w+MB1mDmO8PAF89EDRrBmjotIO5mljn6+lI5+i9njomcJUodqHm+lV9A8Gi19fZZ6vLMthU8DUtuNni3a7ew76z577HPX4XJMpfPCTzqybLtO3NvUv1r3OX0+ds9LaApzMQzn5aFz52ay5y3Yh4NTNtLD1cx3Hs0C/+PQcofrc/PiQb3n0c63HHdhZk4fYJ9/XOFy9DcZI3dJ+hpmrwAAAABJRU5ErkJggg==','2018-03-04 12:06:06',NULL,NULL,53),(553,'data:image/png;base64,iVBORw0KGgoAAAANSUhEUgAAAFcAAABXAQMAAABLBksvAAAABlBMVEX///8AAABVwtN+AAAAAXRSTlMAQObYZgAAAAlwSFlzAAAOxAAADsQBlSsOGwAAAX1JREFUOI190jGOgzAQBdBBKejCDcJFLPlapFlH4h7JVeAC4Qp0bi25YSXkv39MggJES/UUJvZnZgSYT8OIySLJP46DXxzExK68i5HzxhEmDjZVBk+1VDZ8MwYkt3q+NN8NvHyR/MvBydnFzEDz/CXPamYGLCO985uvXmv41FPZdrI8q1kA4NH7e6NODvfi6NeTfqTGeBr0bTjvjHYoWUOL2JZ9q3yQjZmk1WN9aOjy5ky4+tve+aKrf0wS+xm9Zq+7rX/fgdirqQzORCBuDa3RT8uewSbw9u5grbHtJNKIOAnOMsOnT5MNbmbbWXPqbCg4R2Jj3pXcfHGWeZj87kY5ONf44HLmfg5ShsI/up2R5wvot3suklRGe7Vx7o9D5K4Wc/7LF78Htox4BMe0dd4N6B6+dgYcAbq9daD0pLvHDwxOUrNx3lW9VzPDhAKpQjyaBYPmyR7jIPVzbx0WXjWc9Y3HNgf/Mg+WDOxGqMqdmZlnpqpknsWXvDMf/gOBQHxZkWUzEAAAAABJRU5ErkJggg==','2018-03-06 10:34:01',NULL,NULL,53),(554,'data:image/png;base64,iVBORw0KGgoAAAANSUhEUgAAAFcAAABXAQMAAABLBksvAAAABlBMVEX///8AAABVwtN+AAAAAXRSTlMAQObYZgAAAAlwSFlzAAAOxAAADsQBlSsOGwAAAX1JREFUOI190jGOgzAQBdBBKejCDcJFLPlapFlH4h7JVeAC4Qp0bi25YSXkv39MggJES/UUJvZnZgSYT8OIySLJP46DXxzExK68i5HzxhEmDjZVBk+1VDZ8MwYkt3q+NN8NvHyR/MvBydnFzEDz/CXPamYGLCO985uvXmv41FPZdrI8q1kA4NH7e6NODvfi6NeTfqTGeBr0bTjvjHYoWUOL2JZ9q3yQjZmk1WN9aOjy5ky4+tve+aKrf0wS+xm9Zq+7rX/fgdirqQzORCBuDa3RT8uewSbw9u5grbHtJNKIOAnOMsOnT5MNbmbbWXPqbCg4R2Jj3pXcfHGWeZj87kY5ONf44HLmfg5ShsI/up2R5wvot3suklRGe7Vx7o9D5K4Wc/7LF78Htox4BMe0dd4N6B6+dgYcAbq9daD0pLvHDwxOUrNx3lW9VzPDhAKpQjyaBYPmyR7jIPVzbx0WXjWc9Y3HNgf/Mg+WDOxGqMqdmZlnpqpknsWXvDMf/gOBQHxZkWUzEAAAAABJRU5ErkJggg==','2018-03-06 11:03:12',NULL,NULL,53),(555,'data:image/png;base64,iVBORw0KGgoAAAANSUhEUgAAAFcAAABXAQMAAABLBksvAAAABlBMVEX///8AAABVwtN+AAAAAXRSTlMAQObYZgAAAAlwSFlzAAAOxAAADsQBlSsOGwAAAXdJREFUOI190kFugzAQBdBBXrCDG8QXscS16KZEyj3CVZIL1Fdgx9aSNyAh//4xTVSTtAhFj2gE3zMjwBb9hKVDkn+cb3UQZ+GMd9IUjnCsMfz9yr7/Yb/ZXz717wykh8PQvXVkUX4PM5hV37/neVrz6/08i4v+vZHNiwc5tbJfT2NxOdLEb6kXh/XF+iGNTVtMxvOfLjSFsQdGF5PEVW1uYpbCUONy0zx2EbuqU1MY66ZlrGEf7hvumt3eDoa6d5bP1XyVmpbPwsYjVUgDe60O1XYa5qOBMGx7jfQig3AE575w+MB1mDmO8PAF89EDRrBmjotIO5mljn6+lI5+i9njomcJUodqHm+lV9A8Gi19fZZ6vLMthU8DUtuNni3a7ew76z577HPX4XJMpfPCTzqybLtO3NvUv1r3OX0+ds9LaApzMQzn5aFz52ay5y3Yh4NTNtLD1cx3Hs0C/+PQcofrc/PiQb3n0c63HHdhZk4fYJ9/XOFy9DcZI3dJ+hpmrwAAAABJRU5ErkJggg==','2018-03-06 11:14:53',NULL,NULL,53),(556,'data:image/png;base64,iVBORw0KGgoAAAANSUhEUgAAAFcAAABXAQMAAABLBksvAAAABlBMVEX///8AAABVwtN+AAAAAXRSTlMAQObYZgAAAAlwSFlzAAAOxAAADsQBlSsOGwAAAX1JREFUOI190jGOgzAQBdBBKejCDcJFLPlapFlH4h7JVeAC4Qp0bi25YSXkv39MggJES/UUJvZnZgSYT8OIySLJP46DXxzExK68i5HzxhEmDjZVBk+1VDZ8MwYkt3q+NN8NvHyR/MvBydnFzEDz/CXPamYGLCO985uvXmv41FPZdrI8q1kA4NH7e6NODvfi6NeTfqTGeBr0bTjvjHYoWUOL2JZ9q3yQjZmk1WN9aOjy5ky4+tve+aKrf0wS+xm9Zq+7rX/fgdirqQzORCBuDa3RT8uewSbw9u5grbHtJNKIOAnOMsOnT5MNbmbbWXPqbCg4R2Jj3pXcfHGWeZj87kY5ONf44HLmfg5ShsI/up2R5wvot3suklRGe7Vx7o9D5K4Wc/7LF78Htox4BMe0dd4N6B6+dgYcAbq9daD0pLvHDwxOUrNx3lW9VzPDhAKpQjyaBYPmyR7jIPVzbx0WXjWc9Y3HNgf/Mg+WDOxGqMqdmZlnpqpknsWXvDMf/gOBQHxZkWUzEAAAAABJRU5ErkJggg==','2018-03-06 11:17:28',NULL,NULL,53),(557,'data:image/png;base64,iVBORw0KGgoAAAANSUhEUgAAAFcAAABXAQMAAABLBksvAAAABlBMVEX///8AAABVwtN+AAAAAXRSTlMAQObYZgAAAAlwSFlzAAAOxAAADsQBlSsOGwAAAX1JREFUOI190jGOgzAQBdBBKejCDcJFLPlapFlH4h7JVeAC4Qp0bi25YSXkv39MggJES/UUJvZnZgSYT8OIySLJP46DXxzExK68i5HzxhEmDjZVBk+1VDZ8MwYkt3q+NN8NvHyR/MvBydnFzEDz/CXPamYGLCO985uvXmv41FPZdrI8q1kA4NH7e6NODvfi6NeTfqTGeBr0bTjvjHYoWUOL2JZ9q3yQjZmk1WN9aOjy5ky4+tve+aKrf0wS+xm9Zq+7rX/fgdirqQzORCBuDa3RT8uewSbw9u5grbHtJNKIOAnOMsOnT5MNbmbbWXPqbCg4R2Jj3pXcfHGWeZj87kY5ONf44HLmfg5ShsI/up2R5wvot3suklRGe7Vx7o9D5K4Wc/7LF78Htox4BMe0dd4N6B6+dgYcAbq9daD0pLvHDwxOUrNx3lW9VzPDhAKpQjyaBYPmyR7jIPVzbx0WXjWc9Y3HNgf/Mg+WDOxGqMqdmZlnpqpknsWXvDMf/gOBQHxZkWUzEAAAAABJRU5ErkJggg==','2018-03-06 11:17:37',NULL,NULL,53),(558,'data:image/png;base64,iVBORw0KGgoAAAANSUhEUgAAAFcAAABXAQMAAABLBksvAAAABlBMVEX///8AAABVwtN+AAAAAXRSTlMAQObYZgAAAAlwSFlzAAAOxAAADsQBlSsOGwAAAX1JREFUOI190jGOgzAQBdBBKejCDcJFLPlapFlH4h7JVeAC4Qp0bi25YSXkv39MggJES/UUJvZnZgSYT8OIySLJP46DXxzExK68i5HzxhEmDjZVBk+1VDZ8MwYkt3q+NN8NvHyR/MvBydnFzEDz/CXPamYGLCO985uvXmv41FPZdrI8q1kA4NH7e6NODvfi6NeTfqTGeBr0bTjvjHYoWUOL2JZ9q3yQjZmk1WN9aOjy5ky4+tve+aKrf0wS+xm9Zq+7rX/fgdirqQzORCBuDa3RT8uewSbw9u5grbHtJNKIOAnOMsOnT5MNbmbbWXPqbCg4R2Jj3pXcfHGWeZj87kY5ONf44HLmfg5ShsI/up2R5wvot3suklRGe7Vx7o9D5K4Wc/7LF78Htox4BMe0dd4N6B6+dgYcAbq9daD0pLvHDwxOUrNx3lW9VzPDhAKpQjyaBYPmyR7jIPVzbx0WXjWc9Y3HNgf/Mg+WDOxGqMqdmZlnpqpknsWXvDMf/gOBQHxZkWUzEAAAAABJRU5ErkJggg==','2018-03-06 11:17:50',NULL,NULL,53),(559,'data:image/png;base64,iVBORw0KGgoAAAANSUhEUgAAAFcAAABXAQMAAABLBksvAAAABlBMVEX///8AAABVwtN+AAAAAXRSTlMAQObYZgAAAAlwSFlzAAAOxAAADsQBlSsOGwAAAXhJREFUOI1900uOgzAMBmBXLNhNbgAXiZRrlc0kEveAq7QXaK7ALlukbEBC8fxOH1NoZiIWn5AxjuMQ8zZbXXnDif4xnpbFM+n2ujVW09fOkXXrebCab+LKs/vD6WlSoejGMvPTZ81LwS0CcgxqqLxu1KOel1Fw9Jqf9cOxaHnEWHHdKqb7elmqkiU5YTQhnT+N/hheOSZqTlNSZlxDXHZur0jycHXluBh3muJl57hKzNBtEXtcw+jNkPO/GxEjYqxx+K/Cy9oVbQP2lb4JO2vgy9HIk6TPsvcIK6Stx9vR+XcBrjw+Ma4L/dES46yYTuy6iWztaGck7BnnG3iB697D04dNLyVtqEe8YpY2+trbIo8Y554keXDdxpe9Lc8WMZxz8kxmUCVbHr0YK5vyCPw6zwb2ru+uOGC2S5aZT6/Zs3QwZjXKeTF6Ll5wRgWjn9L57GRNXCcqmsOc3ZCZVcG8wHy/pyxzxfc78nK+y+zUw7PaSNUDvfsHbFNXdHNbw8UAAAAASUVORK5CYII=','2018-03-06 11:53:43',NULL,NULL,53),(569,'data:image/png;base64,iVBORw0KGgoAAAANSUhEUgAAAFcAAABXAQMAAABLBksvAAAABlBMVEX///8AAABVwtN+AAAAAXRSTlMAQObYZgAAAAlwSFlzAAAOxAAADsQBlSsOGwAAAXlJREFUOI1900GqgzAQBuApLtyZG8SLBLyWbppC72Gvohd4uYI7t4FsFCTz/kmfhaTy3PQDh+R3ZkrMh1b84o4j/eNomZM9GW/rMBlqMgc2UuAM/7xttLp2e9a0m6mmC/PO4bS/XTsOHDYxMsRhhd95PkZmJA5n/uBMcBdmIBlPVHX6zRx7FOB9Fzbxcz78ty0/98MrOUfb9bkvXhndZEaY1442pns3086H7mveSvOM2CvL+eRvS3Cl0RyvFkTCOVWyVoe+58ZlGJ89WnyDJem/Xaops7dpFrxU75kqU7nS6F5UaNHB4nqUew3C5ObRrqiRkBaXyiudG/3BIr0cj3fSVL8mzLp7NJl56sSuQ02YupEMqS/vDHOqqfaFxPUjd0CThzR6ZJ7FZLE2pRnzslKDh6UbVFh2I3XpY1LG91/eV1mn1DfC7jkqjF3VA/rDf75hRuz70jyLMd/T3YXP/UlnwhSb0mntKd4lA7sFpj7z+3/BvJzuRlv4Fx02WxTBusy5AAAAAElFTkSuQmCC','2018-03-26 16:43:49',NULL,NULL,1),(570,'data:image/png;base64,iVBORw0KGgoAAAANSUhEUgAAAFcAAABXAQMAAABLBksvAAAABlBMVEX///8AAABVwtN+AAAAAXRSTlMAQObYZgAAAAlwSFlzAAAOxAAADsQBlSsOGwAAAXVJREFUOI19082NgzAQBeCJOOQWOoBGkNxWuKyR0ge0QhoILeTmqyVfiGT57RuTPxJ2OUSfEsc8z4wFiGKbYjJI8o9rNHW2l6YepZJGDiuHvCCVDS5qKY3fsi+R7NNu06l0wMOinxu2zWJmYE7uv+R5mpm5IDzyh+kPP9bwKWYpRlmep9MOAzCMkrJ7i16+bHkoDDeHWbyVVBo6fDpiMgPUUsZi3Pel87Iy9DHJLmZBjD/uu09DbU13kHQ0Pb/8MmZuYgJMSFKPe79pfZFBNovGnIx3GleuEdXA6UJfk5iudV+OOKPPrtpYn2N11NK9O7V6MJZL56d1Aa77cj77fQ0mrXlvo/bx3fc10XPebk4zlJG1WhvMw3bwXOHGDNtetlr67tm7STJf5mzw94EzNmaf0dktAz6bs0dox2VlnVKwX0g/+Y7M7NGWORg5j94X68J0rTeM15od9L/HT7PU99pKw5HodljuyNPMzCL0D3t7rYSD8e5fzrJd9UnsEocAAAAASUVORK5CYII=','2018-03-26 16:44:15',NULL,NULL,1),(571,'data:image/png;base64,iVBORw0KGgoAAAANSUhEUgAAAFcAAABXAQMAAABLBksvAAAABlBMVEX///8AAABVwtN+AAAAAXRSTlMAQObYZgAAAAlwSFlzAAAOxAAADsQBlSsOGwAAAXNJREFUOI1900GqwyAQBuAJWWQXb5BcRPBa6aYWeo/2KukFnldwl63gpoHgvH9M80AbXij0g/7VccYQ8zYofrLhRP84WebsQDrYLs6a+sKRtQSc5p/delDnHo/M+NbtfGJeOR4OzbnTheNbjBrSZYH3ev6MmlFxPOqPTkd3Ygay8STV5e/CaUIAv5v4Ft9fW/gyDn5ft6Dymo7a1Qelh76y4RVtlEw7G35tw9TxuzA2gpkXOCkfGh/dly028pJMYlJ+UNtwLSxnxPjsNiYa2aNdg/XtXJml7exbnBONdbp1tZMYLdpkr2bJ++o0lbZYZ0EGDlZH7h4oozYOZZ6OH1ci68cZsza3vjAyYmeQ2U3qxLg/nDMyGgt3t9JB8Wf0SRzXjVDhfOJgJYMn4GOpstx5yqc4TEqH6cu4b04yuHskpsrS8Av6wx83mBHjv5X5JcZ8D5sTH/cnrwlT6msnaRGla34XMCMmmgrvzWH2u/GCPGzlX3MPXHztCNjBAAAAAElFTkSuQmCC','2018-03-26 17:02:15',NULL,NULL,1),(572,'data:image/png;base64,iVBORw0KGgoAAAANSUhEUgAAAFcAAABXAQMAAABLBksvAAAABlBMVEX///8AAABVwtN+AAAAAXRSTlMAQObYZgAAAAlwSFlzAAAOxAAADsQBlSsOGwAAAXZJREFUOI1900GKgzAUBuCULrLTG9iLBHIt3YyC99CrdC4wuYK7bAPZWJD887/YOtXKSJEPeY1/8p4KWEJrrs4iqX8MmFt2UAZO3e5GFTtHGMCPs8GP+Ao/1KfGX833ufF498L1Tw0nZoZQm+ieeTYzM8viKz8fnvtVwytCbddmfHPvOrQIX9n3Mz/EKbuqeSDibm/euS+5J3Fo+FuY/+DUID5AV6VPysZZB7Wz1LQ2woZCpdpUre5a2+0NSE1obZ9UdD6VJ4ZDKsF1xqRuDl3p+1lVxc55HR95p2duRNPMsDPTQq811QW9U6G0w8HctZN1+K6qndLF9x/OM4ZxNRsNDO0ifdw5F0B8vesRtncLe/Ru7gtipDp71l155gePAmvfsxXP/N2SR2xWV7WmQ3F0qi0/jZRnjy3g2BzMAWPNej60qtkjee3RjecsrbMtLqdPh4Z5Jv5BzAyXKX6YfeFRr9+p9Mj5Qe0smWV+MKz5uZHnzGz+BQHEavQg5KUyAAAAAElFTkSuQmCC','2018-03-26 17:18:05',NULL,NULL,1),(573,'data:image/png;base64,iVBORw0KGgoAAAANSUhEUgAAAFcAAABXAQMAAABLBksvAAAABlBMVEX///8AAABVwtN+AAAAAXRSTlMAQObYZgAAAAlwSFlzAAAOxAAADsQBlSsOGwAAAXtJREFUOI1900GuwiAQBuAxXXQnN4CLkHCtuikm3kOvYi9gr8CuW5JuNCHM+4eqkVZfV1+TKfMzUGJOzcAXdpzpH5uXI1m9m053S/vKM9t8EPNNHDsi+uLsbXN9Wqtfdu91ftkwHjEyNMVLnreReRY/88+jncdvftXgiYfpLFEr88jRT9mn5lqsQlYbM2cvNjfS+NCHqKze1/aoSllJL+2TjILcXNtwQg0PWI5KCzjkrnIJnPCae/GJg1ZJb1x6JYN9+cCPtGT7tAzqgXX4Ir1cJDLDdOwrm7uLh4CaLG6PYosMtd3pMUm7nnRnm0FmRStj74PUNMijJr6SGW1zqxwVY0EzOuSJmOpoSblzXxmRL2MyLEaGy1DcVea7K2Zki52lXUB37GhlGabnuZw7MkRPK5eDCNHb5Z7knTj3Gx/kvsG4e+KR4r4yDpcfLLelLx5wRhy7L17ywIiRfbs1+sL8cuza5z/1aRWY2+U/jWKirrLsq1wP3T+d1cp/eOVfFwteeNkAAAAASUVORK5CYII=','2018-03-28 16:15:37',NULL,NULL,1),(574,'data:image/png;base64,iVBORw0KGgoAAAANSUhEUgAAAFcAAABXAQMAAABLBksvAAAABlBMVEX///8AAABVwtN+AAAAAXRSTlMAQObYZgAAAAlwSFlzAAAOxAAADsQBlSsOGwAAAYNJREFUOI1900tugzAUBdCHMmAW74BsBMnbCpM6UvYBW4ENhC0wY/okT1Ip8u21cdvwaT2IThJjvx8CvKpiwtMiyD8Obl6sUgdXtlLLeWWPGrDB1HhEX55Wj4xPBJcdmld1PTCvA7JPY/plZz/axYzB9/H8JZ4f85C4Z8zx+7H+w3lPXKa895LXt5kURnTD3F6z22Jv0FzhQy6Y2/SUnlfmv60r+Ulr8apYNzOrrN2gYw3drFeRZu6etTbzbe3g0kXxF5p9ibFf+q2xrAefncB8Ab/1C0x8MTsoTMemlH8dGtwM99g77+LtRtTZGMObecJ95NVxDyt5H9hHOfUr8wTPcXKW8QClukkObJWJuxizGqtSajF3/dY8Vg3wpEv2UUzNWr3bp76wFD5Ed8Oxc31S34NjWWTjNPOIc7i4wI1z2+9soC7PYcVQnYTzynG2Tbx3mVstwK9+b5dGKCye/CiXnWPjkPf4gTEgXLfm+6XJ8d1Mldk45TUFU7KGNM+v0sy8+Qt3fWlLHYx1ogAAAABJRU5ErkJggg==','2018-03-28 16:16:06',NULL,NULL,1),(575,'data:image/png;base64,iVBORw0KGgoAAAANSUhEUgAAAFcAAABXAQMAAABLBksvAAAABlBMVEX///8AAABVwtN+AAAAAXRSTlMAQObYZgAAAAlwSFlzAAAOxAAADsQBlSsOGwAAAXVJREFUOI1900FugzAQBVBHLNiVG+CLIPla6aZGyj3CVeAC9RWyY2vJGyIh//6xCwVCaiH0kAY8nhkUMOupKZxBVP8ZjU72qlFW1bx/7BwYABOrBt/Jk/FnxhPR/jo8x3NjBBa79NaL4Zps5qD7ht/P+axmzhKz5B/eeI3hqitV9Cqv1fGCzqHrVVx8V0fDgVf3HDEpSbI3dNgbbgZMB7Ee5tqW92r0amcWhzHRZjPS+GvZHizLeGtantGxKWV7YsMrwISoYlWGU1uJQbKypuvl8dbv7C1SDG6sc/Wg28/xYDkX65CsXRMvc32V0m0t3QTu/Jrsy/aN7YnNJoaFomf2cWsGZHvO2/AoYNpqZq12ljpzxsBzsdEY3jiv1Hces3Mq8c8yJ7Jdgz55QGvP7ODp9F9w8LxV8WvnNM/sF7KLiT2SbQ/WHAzmk2a7tmNwD/1iDYSUs7wrOSBej+YI5XoyB0ymvSD/I6tl5lnDxd4+ag5hv/UPRPls5sXUn3EAAAAASUVORK5CYII=','2018-03-28 16:16:49',NULL,NULL,1),(576,'data:image/png;base64,iVBORw0KGgoAAAANSUhEUgAAAFcAAABXAQMAAABLBksvAAAABlBMVEX///8AAABVwtN+AAAAAXRSTlMAQObYZgAAAAlwSFlzAAAOxAAADsQBlSsOGwAAAYFJREFUOI190z1urDAUBeA7oqCLdwAbseRtDU1s6e0DtjLZwLAFOlokNyBZPjkXyLyBoLj6Cuv6/lmAhNkWvUOWv4xUQz2JFZ8qb+Xj4AhbebTe4rm6QbhyvSD/uFjGa4PnZcs0frum1zvMobrbyuz5vLzmbPGTf+xtvDL6FNe6eLJJBWQ7LzOrbDQfxqQr4/L97P2hBTFL7CU+XLeMcT4Yvd7ZXAljunAb4uNgwNFtk+KTLidx7R7/3Y5xWu/Ch8as+zJce2Rd+VNzKOjH2cy57oG1dm3aDR3K7nlw9uwPPdKTGfhuaMZ/R7NRjBK8ujKpagbxZZCDGSd7znfELLkZJkMPZ3udur6YadeBu5TWPr9b79Cce76xwDE0CY+D8bXdAWOClbJv5soeXa/mmdSyrsB/656AtdvN3E/u9oX1LZvvunuFfgE5mbvKQTCf3TNnpOt2MgfB5/L6j1hyXAa5NMbpUy3i2Lrfxkxj+6d0uGH7Iy+v/wLB7J5MElO28u5vAP5Tf5DOsHcAAAAASUVORK5CYII=','2018-03-28 16:17:17',NULL,NULL,1),(577,'data:image/png;base64,iVBORw0KGgoAAAANSUhEUgAAAFcAAABXAQMAAABLBksvAAAABlBMVEX///8AAABVwtN+AAAAAXRSTlMAQObYZgAAAAlwSFlzAAAOxAAADsQBlSsOGwAAAXtJREFUOI1900GuwiAQBuAxXXQnN4CLkHCtuikm3kOvYi9gr8CuW5JuNCHM+4eqkVZfV1+TKfMzUGJOzcAXdpzpH5uXI1m9m053S/vKM9t8EPNNHDsi+uLsbXN9Wqtfdu91ftkwHjEyNMVLnreReRY/88+jncdvftXgiYfpLFEr88jRT9mn5lqsQlYbM2cvNjfS+NCHqKze1/aoSllJL+2TjILcXNtwQg0PWI5KCzjkrnIJnPCae/GJg1ZJb1x6JYN9+cCPtGT7tAzqgXX4Ir1cJDLDdOwrm7uLh4CaLG6PYosMtd3pMUm7nnRnm0FmRStj74PUNMijJr6SGW1zqxwVY0EzOuSJmOpoSblzXxmRL2MyLEaGy1DcVea7K2Zki52lXUB37GhlGabnuZw7MkRPK5eDCNHb5Z7knTj3Gx/kvsG4e+KR4r4yDpcfLLelLx5wRhy7L17ywIiRfbs1+sL8cuza5z/1aRWY2+U/jWKirrLsq1wP3T+d1cp/eOVfFwteeNkAAAAASUVORK5CYII=','2018-03-28 16:18:20',NULL,NULL,1),(578,'data:image/png;base64,iVBORw0KGgoAAAANSUhEUgAAAFcAAABXAQMAAABLBksvAAAABlBMVEX///8AAABVwtN+AAAAAXRSTlMAQObYZgAAAAlwSFlzAAAOxAAADsQBlSsOGwAAAXVJREFUOI1900FugzAQBVBHLNiVG+CLIPla6aZGyj3CVeAC9RWyY2vJGyIh//6xCwVCaiH0kAY8nhkUMOupKZxBVP8ZjU72qlFW1bx/7BwYABOrBt/Jk/FnxhPR/jo8x3NjBBa79NaL4Zps5qD7ht/P+axmzhKz5B/eeI3hqitV9Cqv1fGCzqHrVVx8V0fDgVf3HDEpSbI3dNgbbgZMB7Ee5tqW92r0amcWhzHRZjPS+GvZHizLeGtantGxKWV7YsMrwISoYlWGU1uJQbKypuvl8dbv7C1SDG6sc/Wg28/xYDkX65CsXRMvc32V0m0t3QTu/Jrsy/aN7YnNJoaFomf2cWsGZHvO2/AoYNpqZq12ljpzxsBzsdEY3jiv1Hces3Mq8c8yJ7Jdgz55QGvP7ODp9F9w8LxV8WvnNM/sF7KLiT2SbQ/WHAzmk2a7tmNwD/1iDYSUs7wrOSBej+YI5XoyB0ymvSD/I6tl5lnDxd4+ag5hv/UPRPls5sXUn3EAAAAASUVORK5CYII=','2018-03-28 16:19:41',NULL,NULL,1),(579,'data:image/png;base64,iVBORw0KGgoAAAANSUhEUgAAAFcAAABXAQMAAABLBksvAAAABlBMVEX///8AAABVwtN+AAAAAXRSTlMAQObYZgAAAAlwSFlzAAAOxAAADsQBlSsOGwAAAXlJREFUOI2N01GKgzAQBuBZfPDN3EAvEsi13JdG6D3sVfQCzRXy5quQFwshs/+k20JSWVYK/YjjmMyMxByblW9sONEf5pU5eyfNSxsWTV3hwLBhp/kuxq1enTgpPbxisNgsJ2bH4T8+xEge3AY/9/M29hwQ89p/cLh1ZgRk4wpHm/8Lp9EExn0TDvFk4/5paxKscn1sm6zfle67yhKDyByjycZ+bPmobKTUvMGEFfY4TuXhgUZ4HB954MC+V7G/1Eae3sYhUbP6NOre+mYp7ThZPbBvkniyunEfZr5iPy5KfWx7lffqNBYeJGZDjPjBE7Wz8n1l5nk0N8fzBfmxgl6bqSssRZb3GsSgKZgTUieWAcsxOIIMg2un0gE9faCGHJKYviNZjE3t/TvuVmJw7fhZqowCZuu3Sel9rB3WTcYpfxeNmMK9MGYVlnGV/Wj6Qo8Yz1YOqxj9fdmc+PE7P5JTTKmrHWR+KF2e34KHaSycB0xG6GkknG3lHwqOWQn4g1y1AAAAAElFTkSuQmCC','2018-03-28 16:20:50',NULL,NULL,1),(580,'data:image/png;base64,iVBORw0KGgoAAAANSUhEUgAAAFcAAABXAQMAAABLBksvAAAABlBMVEX///8AAABVwtN+AAAAAXRSTlMAQObYZgAAAAlwSFlzAAAOxAAADsQBlSsOGwAAAYZJREFUOI1900GOwyAMBVCiLLILNyAXQeJayaaM1Hu0V0kuMFyBXbdIbBIJ4fkm05Gg0WTTJ8W1jXEEUVKSnmQoi3+cLVFxEDrYIa5ajJUjaQ5wmr5PayWvPb1jpl3364XpoPh26K6dF4o7Gz3k5QWf/fwZPaPj+O4/Oh3dhQkoxpPlUH4r5xkBeG/izr67FD5tzZ1SkJxH2eF++CC1GivzcHiMpe6OnEnNA+218Ti0/YKz9EL66FojIEiPlpAnbil0XsmkbrVx8C0pmybcF3pYtbK+Xyuj1HPXE/ke/Th6zLp3V14St4RZSK861NV5rqywGNsLMezZxHV44G3taceUzBPZbgKlBfKv5musjJvtCXUNYthOC/nhA8PRVGL6wxcPX7XjQb9Xj7N3FJYkLNamdV5SsBzDVywwGdGYk/DE9Gn8S0gd5g8fL16nnXevZ4vG2FUYk0Qe9oY7ojC2jsXnbhcbVG9MR9mf83thizy2LmcX+Va+BewJYcKVz+EQ+dP4QB628Q8jWlzSn8uk0gAAAABJRU5ErkJggg==','2018-04-01 11:17:42',NULL,NULL,1),(581,'data:image/png;base64,iVBORw0KGgoAAAANSUhEUgAAAFcAAABXAQMAAABLBksvAAAABlBMVEX///8AAABVwtN+AAAAAXRSTlMAQObYZgAAAAlwSFlzAAAOxAAADsQBlSsOGwAAAXVJREFUOI1900tugzAQBuCpWLCrbwAXseRrhU1tqfeAq5ALxFdg5y2SN0GyPP3HkDQQWovFl8gaz8Mm5jRbXXnDmf4xvpbFM+n2mhqr6XPnyLr13FvNN3Hl2f3h/DCpcOrGMvPDF833E7fYUPYgh8rrRm35PI2Eo9f8yB+Op5ZPjBWXVDGt62nJSpbEhNGEfDl6a87CMVO8To0ywxLifW+PIJtJGRzqPqY47lwKN32X4o2aLvDd9CX+qyUX2BonPUcCtXszgmQb5J8vaqju4fHolnmQWFK7+Iqf9XDbuRQOBzguYUbwLnwfLXucFVdL4mUiWzvauYTBfFEF+hayzHo6eD0r21TmIrn1Nq31vhtzR/CWg+sSj3vLLLCHJb5K7Wh6dWIJ5cVU0hs8lSvw63LncZxeTV3A3X43RiYudw8PobF0MO5qtpgXo+fwLDM6MQYR+cVo3ak5zMUNmVmdOF9gXt8p7D54fSNPr3U5tTn6RKru6dU/63JpbyvIBRwAAAAASUVORK5CYII=','2018-04-01 14:10:07',NULL,NULL,1),(582,'data:image/png;base64,iVBORw0KGgoAAAANSUhEUgAAAFcAAABXAQMAAABLBksvAAAABlBMVEX///8AAABVwtN+AAAAAXRSTlMAQObYZgAAAAlwSFlzAAAOxAAADsQBlSsOGwAAAXNJREFUOI190zGOgzAQBdCJUqQLN4CLWPK1QrNY2nvAVZILxFegc4vkJkjIf/+YTQKBXYviIaHRzB8jwDQ05ugtkvxjPhXUg5jqNpWNkfPKEabyaBuDu/ro4f5welqKsOuyAfD0xeCx44of5G/Yw9Gbsvjt52U2HL3Bs3867lofNU8cpyNkPi9rV3q0Js0Q0mVr5mMxIiYpD30qbDeG+Fg51SzydnxYd+jjdW0d3Lb1FDlXIazf5vpLw+si2sa6s2j4l5PbGLqIwLnSFx3U142BTueac7Ddja+n7v5hsFSHQMexZ5iuDt9r53C432xvU91Lc3Kyth7uN+BB99HT/cbMEJpk3ks1coRp3uPC2jPNvbNa54OrJ1w/jDw+oDlPHLYtdqylvFpye52XfAXenvvpYGZLzeh2zLuqznePP0LZyId5V1PDfYGZq3VHO2bsEQuPvewaYcgWsUOx4+FCY/5PaXfA/I+8PM/liqf9JMWplaV/ANzLcSYdZqAbAAAAAElFTkSuQmCC','2018-04-01 14:12:40',NULL,NULL,1),(583,'data:image/png;base64,iVBORw0KGgoAAAANSUhEUgAAAFcAAABXAQMAAABLBksvAAAABlBMVEX///8AAABVwtN+AAAAAXRSTlMAQObYZgAAAAlwSFlzAAAOxAAADsQBlSsOGwAAAXNJREFUOI190zGOgzAQBdCJUqQLN4CLWPK1QrNY2nvAVZILxFegc4vkJkjIf/+YTQKBXYviIaHRzB8jwDQ05ugtkvxjPhXUg5jqNpWNkfPKEabyaBuDu/ro4f5welqKsOuyAfD0xeCx44of5G/Yw9Gbsvjt52U2HL3Bs3867lofNU8cpyNkPi9rV3q0Js0Q0mVr5mMxIiYpD30qbDeG+Fg51SzydnxYd+jjdW0d3Lb1FDlXIazf5vpLw+si2sa6s2j4l5PbGLqIwLnSFx3U142BTueac7Ddja+n7v5hsFSHQMexZ5iuDt9r53C432xvU91Lc3Kyth7uN+BB99HT/cbMEJpk3ks1coRp3uPC2jPNvbNa54OrJ1w/jDw+oDlPHLYtdqylvFpye52XfAXenvvpYGZLzeh2zLuqznePP0LZyId5V1PDfYGZq3VHO2bsEQuPvewaYcgWsUOx4+FCY/5PaXfA/I+8PM/liqf9JMWplaV/ANzLcSYdZqAbAAAAAElFTkSuQmCC','2018-04-01 14:13:22',NULL,NULL,1),(584,'data:image/png;base64,iVBORw0KGgoAAAANSUhEUgAAAFcAAABXAQMAAABLBksvAAAABlBMVEX///8AAABVwtN+AAAAAXRSTlMAQObYZgAAAAlwSFlzAAAOxAAADsQBlSsOGwAAAYVJREFUOI2N08GN6yAUBVAiL7wLHeBGkGjL3gRLv4+4FaeBoQV23iKx8UiI+y9EGQkSjYZNTsILXMOzANLwwAaDLH4xHkB1EBr7GHctro0jaAOn8VXMKSU/OEs9vWr447B/MBziX3wWc/HoDvqZ58fMHFnzyh8dpz6ZBdUc8RzrZ+M8mwjOm3gWrzaFdy+407Kso5bjbn2QWl07I9uUbd1rQbBJzSPO3uWocRRf/ATPx+nMMBs8H5/r0P/glUzq1hhlJGXTVPPkWSvrh70zaC47MM8F66wH13v6xrokuMS9pnNcF+6r89waZl0O1tDCmlWMd+lV6wFmO83mcL+JwY3bybs267UxL2sD9zWsCTINTgvZOyKV5qk1A4Ri+7lxbc2azMxA5Pl8p7AkYdk2vcGvttRwYBfBis7lIor1j4XUYX7z4yjtVN8LdaFF/GrMXp0eR2nX/DTvCPxvZ1TX+9Wx2LybmZ/9U96XhRb52ps9Boh8KxmC9LSYGzNztjwe/7Jhi7b+D+wXVB+rWaTnAAAAAElFTkSuQmCC','2018-04-01 14:13:58',NULL,NULL,1),(585,'data:image/png;base64,iVBORw0KGgoAAAANSUhEUgAAAFcAAABXAQMAAABLBksvAAAABlBMVEX///8AAABVwtN+AAAAAXRSTlMAQObYZgAAAAlwSFlzAAAOxAAADsQBlSsOGwAAAXVJREFUOI1900FugzAQBVBHLNiVG+CLIPla6aZGyj3CVeAC9RWyY2vJGyIh//6xCwVCaiH0kAY8nhkUMOupKZxBVP8ZjU72qlFW1bx/7BwYABOrBt/Jk/FnxhPR/jo8x3NjBBa79NaL4Zps5qD7ht/P+axmzhKz5B/eeI3hqitV9Cqv1fGCzqHrVVx8V0fDgVf3HDEpSbI3dNgbbgZMB7Ee5tqW92r0amcWhzHRZjPS+GvZHizLeGtantGxKWV7YsMrwISoYlWGU1uJQbKypuvl8dbv7C1SDG6sc/Wg28/xYDkX65CsXRMvc32V0m0t3QTu/Jrsy/aN7YnNJoaFomf2cWsGZHvO2/AoYNpqZq12ljpzxsBzsdEY3jiv1Hces3Mq8c8yJ7Jdgz55QGvP7ODp9F9w8LxV8WvnNM/sF7KLiT2SbQ/WHAzmk2a7tmNwD/1iDYSUs7wrOSBej+YI5XoyB0ymvSD/I6tl5lnDxd4+ag5hv/UPRPls5sXUn3EAAAAASUVORK5CYII=','2018-04-01 14:15:31',NULL,NULL,1),(586,'data:image/png;base64,iVBORw0KGgoAAAANSUhEUgAAAFcAAABXAQMAAABLBksvAAAABlBMVEX///8AAABVwtN+AAAAAXRSTlMAQObYZgAAAAlwSFlzAAAOxAAADsQBlSsOGwAAAXNJREFUOI1907HNgzAQBeBDFHRhA1gEibVIE0dikKxCFohXoKO15IZIlt//zkToN0Fx9RXH+cV3ESDEYsbaI8pPB0DtpBPpStvJJbNH50wo0eH1y9GEdvc1NMOJ8Ubcvfbn1qNmhqbW/lue3cwMGzw++b3tvD2xNknmYYCmlu3sxtrppZh5F80r8D5xlBSJeQZp+BV6d8nMJqmm91HNb8tJyjUz8ziDcdI8JebN8ZLZA9EArOFdhZrZ2ykzrGZh5zZKa5dxrWi5ZWbNuLViHs6xDo1ZDsY70FuNf89SizP9fcjMzGIWpuKP5XDpEcuX4bRm8avIULmh8poks+fQjfqhDrGuXLE8pqNhKzxB8/ipejz5LJnbtedwH3yBZFd37ZnTemCbuw7XysFpN2Zdj+QWM/c2Dt8Om3WIz1BaHfp/c1fLJ3gX504Lx1TDv46OydhdLGnWuVlgd3OHq/u3jTreNIMmqast2279L1/Bd/64wHj0H3dkZYkDJE3NAAAAAElFTkSuQmCC','2018-04-01 14:16:20',NULL,NULL,1),(587,'data:image/png;base64,iVBORw0KGgoAAAANSUhEUgAAAFcAAABXAQMAAABLBksvAAAABlBMVEX///8AAABVwtN+AAAAAXRSTlMAQObYZgAAAAlwSFlzAAAOxAAADsQBlSsOGwAAAYFJREFUOI190z1urDAUBeA7oqCLdwAbseRtDU1s6e0DtjLZwLAFOlokNyBZPjkXyLyBoLj6Cuv6/lmAhNkWvUOWv4xUQz2JFZ8qb+Xj4AhbebTe4rm6QbhyvSD/uFjGa4PnZcs0frum1zvMobrbyuz5vLzmbPGTf+xtvDL6FNe6eLJJBWQ7LzOrbDQfxqQr4/L97P2hBTFL7CU+XLeMcT4Yvd7ZXAljunAb4uNgwNFtk+KTLidx7R7/3Y5xWu/Ch8as+zJce2Rd+VNzKOjH2cy57oG1dm3aDR3K7nlw9uwPPdKTGfhuaMZ/R7NRjBK8ujKpagbxZZCDGSd7znfELLkZJkMPZ3udur6YadeBu5TWPr9b79Cce76xwDE0CY+D8bXdAWOClbJv5soeXa/mmdSyrsB/656AtdvN3E/u9oX1LZvvunuFfgE5mbvKQTCf3TNnpOt2MgfB5/L6j1hyXAa5NMbpUy3i2Lrfxkxj+6d0uGH7Iy+v/wLB7J5MElO28u5vAP5Tf5DOsHcAAAAASUVORK5CYII=','2018-04-01 14:16:36',NULL,NULL,1),(588,'data:image/png;base64,iVBORw0KGgoAAAANSUhEUgAAAFcAAABXAQMAAABLBksvAAAABlBMVEX///8AAABVwtN+AAAAAXRSTlMAQObYZgAAAAlwSFlzAAAOxAAADsQBlSsOGwAAAYFJREFUOI190z1urDAUBeA7oqCLdwAbseRtDU1s6e0DtjLZwLAFOlokNyBZPjkXyLyBoLj6Cuv6/lmAhNkWvUOWv4xUQz2JFZ8qb+Xj4AhbebTe4rm6QbhyvSD/uFjGa4PnZcs0frum1zvMobrbyuz5vLzmbPGTf+xtvDL6FNe6eLJJBWQ7LzOrbDQfxqQr4/L97P2hBTFL7CU+XLeMcT4Yvd7ZXAljunAb4uNgwNFtk+KTLidx7R7/3Y5xWu/Ch8as+zJce2Rd+VNzKOjH2cy57oG1dm3aDR3K7nlw9uwPPdKTGfhuaMZ/R7NRjBK8ujKpagbxZZCDGSd7znfELLkZJkMPZ3udur6YadeBu5TWPr9b79Cce76xwDE0CY+D8bXdAWOClbJv5soeXa/mmdSyrsB/656AtdvN3E/u9oX1LZvvunuFfgE5mbvKQTCf3TNnpOt2MgfB5/L6j1hyXAa5NMbpUy3i2Lrfxkxj+6d0uGH7Iy+v/wLB7J5MElO28u5vAP5Tf5DOsHcAAAAASUVORK5CYII=','2018-04-01 14:17:28',NULL,NULL,1),(589,'data:image/png;base64,iVBORw0KGgoAAAANSUhEUgAAAFcAAABXAQMAAABLBksvAAAABlBMVEX///8AAABVwtN+AAAAAXRSTlMAQObYZgAAAAlwSFlzAAAOxAAADsQBlSsOGwAAAXtJREFUOI1900GuwiAQBuAxXXQnN4CLkHCtuikm3kOvYi9gr8CuW5JuNCHM+4eqkVZfV1+TKfMzUGJOzcAXdpzpH5uXI1m9m053S/vKM9t8EPNNHDsi+uLsbXN9Wqtfdu91ftkwHjEyNMVLnreReRY/88+jncdvftXgiYfpLFEr88jRT9mn5lqsQlYbM2cvNjfS+NCHqKze1/aoSllJL+2TjILcXNtwQg0PWI5KCzjkrnIJnPCae/GJg1ZJb1x6JYN9+cCPtGT7tAzqgXX4Ir1cJDLDdOwrm7uLh4CaLG6PYosMtd3pMUm7nnRnm0FmRStj74PUNMijJr6SGW1zqxwVY0EzOuSJmOpoSblzXxmRL2MyLEaGy1DcVea7K2Zki52lXUB37GhlGabnuZw7MkRPK5eDCNHb5Z7knTj3Gx/kvsG4e+KR4r4yDpcfLLelLx5wRhy7L17ywIiRfbs1+sL8cuza5z/1aRWY2+U/jWKirrLsq1wP3T+d1cp/eOVfFwteeNkAAAAASUVORK5CYII=','2018-04-01 14:18:23',NULL,NULL,1),(593,'data:image/png;base64,iVBORw0KGgoAAAANSUhEUgAAAFcAAABXAQMAAABLBksvAAAABlBMVEX///8AAABVwtN+AAAAAXRSTlMAQObYZgAAAAlwSFlzAAAOxAAADsQBlSsOGwAAAXtJREFUOI1900GuwiAQBuAxXXQnN4CLkHCtuikm3kOvYi9gr8CuW5JuNCHM+4eqkVZfV1+TKfMzUGJOzcAXdpzpH5uXI1m9m053S/vKM9t8EPNNHDsi+uLsbXN9Wqtfdu91ftkwHjEyNMVLnreReRY/88+jncdvftXgiYfpLFEr88jRT9mn5lqsQlYbM2cvNjfS+NCHqKze1/aoSllJL+2TjILcXNtwQg0PWI5KCzjkrnIJnPCae/GJg1ZJb1x6JYN9+cCPtGT7tAzqgXX4Ir1cJDLDdOwrm7uLh4CaLG6PYosMtd3pMUm7nnRnm0FmRStj74PUNMijJr6SGW1zqxwVY0EzOuSJmOpoSblzXxmRL2MyLEaGy1DcVea7K2Zki52lXUB37GhlGabnuZw7MkRPK5eDCNHb5Z7knTj3Gx/kvsG4e+KR4r4yDpcfLLelLx5wRhy7L17ywIiRfbs1+sL8cuza5z/1aRWY2+U/jWKirrLsq1wP3T+d1cp/eOVfFwteeNkAAAAASUVORK5CYII=','2018-04-01 14:19:46',NULL,NULL,1),(594,'data:image/png;base64,iVBORw0KGgoAAAANSUhEUgAAAFcAAABXAQMAAABLBksvAAAABlBMVEX///8AAABVwtN+AAAAAXRSTlMAQObYZgAAAAlwSFlzAAAOxAAADsQBlSsOGwAAAYNJREFUOI1900GOgzAMBVAjFtk1N4CLIOVasJmMxD3aq9ALNFdgl22kbBgJxfMdMhXQTrN6Cm5iOy4xr00182I40Qcn6zcH6pJVV+rocnDkjtkk3fFD3C4mvDP/cLLFaVib/o1xHXNx7fLOi6Mzm5FDnOT8LZ+ncYjEuJJ/dN0/LjGytBonKuvPKIod3+7+2hdfq/fGSl9EPRoiO+FycOgNeoWY7Nw37QMdPazSQ+tDT1TN7dKFwX8fHe8sPRz8bRGnQXJvp4P5uR7UWDWiXuZ4dIuvKHyzww9RgkHJe6OopBFjRtzl5qApWCM57C09xHhIDNm1dnhHqqeDg8Vda2NNfi+VqpleHKWBXiKzR1ah8rfpaIbxvswLzlTj0pHu0Ku9I0tRyXJMFJdPzg8mT5z0zI5OlpnHRZixzRV/Y26ns9GikI3Zq50JlnDM3jKlTu4tc16hpdLzkyUZJ/nIbPMcHbUvlsfiEpNz4NSfjdkI2chBuqTVyfnPNSetsLO5KTPz9C88knM1J0xrQgAAAABJRU5ErkJggg==','2018-04-01 14:20:59',NULL,NULL,1),(595,'data:image/png;base64,iVBORw0KGgoAAAANSUhEUgAAAFcAAABXAQMAAABLBksvAAAABlBMVEX///8AAABVwtN+AAAAAXRSTlMAQObYZgAAAAlwSFlzAAAOxAAADsQBlSsOGwAAAYVJREFUOI190z2OwyAQBeCJXKRbbuBcBIlrxU1Ayj3sqzgXCFdIR2uJxpYQs29w4o1/tFRfgfEbZiDmxKOuvOFM/5nThcUDabKptpp+Vo6sa8ut1fwsbtgd+TJx/riawrEZa7FGjL0vcNmDDPVV1+qdZ3HJrPmTP3odj8w+xVIXVlapYprXYqTKSvLgTLhWJl/3ZvnRxDFTfQqxN90U4rgyP2TP7NjjTONOr9iv7Q3cNik+idTZkWnL+d9G2s6b1hoHj/DZ7YwknQ/YmW90eYS7lxhbe7571CW1o5D7gzs+d8+VGRs8HIoD8rsm3LeWbjkrHhTH6UUWaVcue9DfwHIP+BZ+7SznZJukL49UTZilJH38tgyhGH1nRgnBNYn7jTVKa9ERnDnqGvemDox/dV6MFcVURuDPZX5Qu55dNwGzvXfJo/NVZq+SJ0AbY1bRCOR5e0SPZNw2RiPw61zeUbZGru7QHIabmMgM6sAYA9z8/E5hd+L5jSyW+Ue/1NuDSpiulr79CwTNXP1HvZK4AAAAAElFTkSuQmCC','2018-04-01 14:43:51',NULL,NULL,1),(600,'data:image/png;base64,iVBORw0KGgoAAAANSUhEUgAAAFcAAABXAQMAAABLBksvAAAABlBMVEX///8AAABVwtN+AAAAAXRSTlMAQObYZgAAAAlwSFlzAAAOxAAADsQBlSsOGwAAAXVJREFUOI1900FugzAQBVBHLNiVG+CLIPla6aZGyj3CVeAC9RWyY2vJGyIh//6xCwVCaiH0kAY8nhkUMOupKZxBVP8ZjU72qlFW1bx/7BwYABOrBt/Jk/FnxhPR/jo8x3NjBBa79NaL4Zps5qD7ht/P+axmzhKz5B/eeI3hqitV9Cqv1fGCzqHrVVx8V0fDgVf3HDEpSbI3dNgbbgZMB7Ee5tqW92r0amcWhzHRZjPS+GvZHizLeGtantGxKWV7YsMrwISoYlWGU1uJQbKypuvl8dbv7C1SDG6sc/Wg28/xYDkX65CsXRMvc32V0m0t3QTu/Jrsy/aN7YnNJoaFomf2cWsGZHvO2/AoYNpqZq12ljpzxsBzsdEY3jiv1Hces3Mq8c8yJ7Jdgz55QGvP7ODp9F9w8LxV8WvnNM/sF7KLiT2SbQ/WHAzmk2a7tmNwD/1iDYSUs7wrOSBej+YI5XoyB0ymvSD/I6tl5lnDxd4+ag5hv/UPRPls5sXUn3EAAAAASUVORK5CYII=','2018-04-01 15:33:06',NULL,NULL,1),(601,'data:image/png;base64,iVBORw0KGgoAAAANSUhEUgAAAFcAAABXAQMAAABLBksvAAAABlBMVEX///8AAABVwtN+AAAAAXRSTlMAQObYZgAAAAlwSFlzAAAOxAAADsQBlSsOGwAAAWxJREFUOI2F0zGOgzAQBdBBFO7gBuQilnwt0ixI3INcJbnA+grpaC25AQl59o8hbAxk1wV6SCP7w4yJeeZR59ZwoL99iXakXU2Xu6YisWcdrsNt1PwtrrKhr8/c8FZDH+wSz9j/aIlkxcgAeLvm2bwU+Fd+/8FbDVZ8rGszP+bQKERyX/84RMsqxe3OpWHLsJwV7a4z8r/7wrL8xOJp8Gz8qBwljiUGrw7faNEU1Tam3Rt7GteYLlBVKn8/sZw1Mfa5wdOM3nUjVcWJPSIXlD+eFSkYGVKjWWqpoQwmV5o+NZrO8gmMs6qG/DR0B4fGINHtZaBvZvTx3WsBi5EhH01nZ6LELHlgDjWFjPtateWJkSeUvPTdi0l68WaZE7FeTLWCXbG3qxFbh694F0h7pp0xq3408n+i8xE9kmN3RosxS+sduQ6ufB6NXgQ4xLuADNnTH4w5ZDss9xT2dugpscy8zA/3xXoX3DIzv/4BUuxX8pxu6ngAAAAASUVORK5CYII=','2018-04-01 15:35:15',NULL,NULL,1),(602,'data:image/png;base64,iVBORw0KGgoAAAANSUhEUgAAAFcAAABXAQMAAABLBksvAAAABlBMVEX///8AAABVwtN+AAAAAXRSTlMAQObYZgAAAAlwSFlzAAAOxAAADsQBlSsOGwAAAX5JREFUOI19kk2OgzAMhY26YNfcAC4SKdeim0ml3gOuAhdorsCObaRsilTF85xkRuVnxqsP5MQvz4+Y300188twpH842iWzJx1t3ZOm64YDa2YTleancPsy/ox55WgLx9u76U4Y45gLX1z6c+DgTGZoCKPcn/X8Mi6RHlf0B6f/4NIjperHSKV+GI9ix8O09F3hvjpnVPwi31GTTvnrhnl9N7ZGD7idhHu1eNowTywe2gUHeYLh2t+W+57ToNsyvMhXMFO0t+OGAaWe4JrxXuawZ2g2nJisGUb5lCd/MDoH6TGPF4V1JkXeGmj4ZMmGQjykp3U6VtgjXcYNY6jECRMxV+HITAdOS1+8Fc1hxZ21r5Zh3LOYqZiTnpY1Ke27Lcs9YkWIhEXDrnPOFfOKZ3a046SHJYc5JxPfkdtxz9i7tyWHjTLeUrxuWLKtZG7OraxJied7RoMTPYnn4Kg9sCyOS0/SwLE78Ao9wtAAN7yqdwzNuBOWwsPMTcrMB38Di794i3Y9gdEAAAAASUVORK5CYII=','2018-04-01 15:35:27',NULL,NULL,1),(606,'data:image/png;base64,iVBORw0KGgoAAAANSUhEUgAAAFcAAABXAQMAAABLBksvAAAABlBMVEX///8AAABVwtN+AAAAAXRSTlMAQObYZgAAAAlwSFlzAAAOxAAADsQBlSsOGwAAAX5JREFUOI19002ugjAUBeBrGDCTHcBGmnRbMnklcR+4FdyAbIFZpySdSNL0vHOLGhHfaxx8CbW9fxUg4m6K0SLJf0ZsoJ7FiIu1M3LcOMDUDr0zuGW36L65AdLTBfwf5nrZMIy9GzrvYQwMoK4e8bycYzZ4xh9GE74ZYww5L650iAVkXS8zqtRqPDyTrk82nfbOxVkQWJ9qKmAviw/3jbkHT9dtTJXtDlMYNm6WmJzt2xhuUiyT0Pn8dzdaHNs72x2FBQfKbmfdAs+80o9gnIqrD8POwHnRozR3/qvFBeXltjHPnB3ts/2sn/x563wX+7va8gpxZScf1niS89A6TEE9fVj7orMRtS+DmXWWovbx3feH2fd0Ynl910YMG/OmMHIP9MwR58H21RfzdxnV2uKKliQb59lg7mY168bZ3ru56sxrAJw9HT/5cNChZb/wNHv0zbCa/o+aMxDY8eOn8x4/5z18mEx5b6ixvlO6O2B9Iy/nd4GuepgFl6rs5d2/NXRkKto0F+sAAAAASUVORK5CYII=','2018-04-08 10:56:16',NULL,NULL,1),(607,'data:image/png;base64,iVBORw0KGgoAAAANSUhEUgAAAFcAAABXAQMAAABLBksvAAAABlBMVEX///8AAABVwtN+AAAAAXRSTlMAQObYZgAAAAlwSFlzAAAOxAAADsQBlSsOGwAAAYRJREFUOI190zGOwyAQBdCxUrgLN7AvgsS1kmaJlHvYV3EusFzBHS0SjS1FM/vBZBUc77p6sifwGSYk8uyaWRYjTP+Yrd8cSLNtB9J0rhxFixhWWr6T+8WEI4sI22K2z+5yYGwnUnxy+c2HozObkQHG+lueX2ORVONK/uj0Hy41+WnvE72eYhxKVhkffrgUD82ny8NfFNeZbfoazpVlRQ9b1MD9ojv0TflAtdEr9ND6cCEctnc6XP1tZ9Q44asfFzrhtypl76fKEdu4HAj9wcVNGm9ibbaSLjQbnT/BzuDI7+5xcBxTzH2h/uFHwQoGGd6NFcY0HqkGa8IdQk57p3GyBnmQkNVMn1bI7IPNmZXcXRsaP06Vo5Mx3S+SU5zQNE1Ko1eVHzKgD1Yiw09qjh23/uR7j24WRzun2UgVuniVG+Z2OnCwZQ7Rt2CJz5XTlK5pX6yT5hwZVM6ws81Xlh3sHHHjB5YorxqFDMKXA4dsZAgK3Wt3Tv9lNbNq0cPNXZ6ZN/8AbgNrRVmRw7cAAAAASUVORK5CYII=','2018-04-08 10:57:51',NULL,NULL,1);

/*Table structure for table `refrence_department` */

DROP TABLE IF EXISTS `refrence_department`;

CREATE TABLE `refrence_department` (
  `document_id` int(11) unsigned NOT NULL,
  `department_id` int(11) unsigned NOT NULL,
  `created_at` timestamp NULL DEFAULT NULL,
  `updated_at` timestamp NULL DEFAULT NULL,
  `deleted_at` timestamp NULL DEFAULT NULL,
  PRIMARY KEY (`document_id`,`department_id`)
) ENGINE=InnoDB DEFAULT CHARSET=utf8;

/*Data for the table `refrence_department` */

/*Table structure for table `refrence_document` */

DROP TABLE IF EXISTS `refrence_document`;

CREATE TABLE `refrence_document` (
  `document_id` int(11) unsigned NOT NULL,
  `refrence_id` int(11) unsigned NOT NULL,
  `created_at` timestamp NULL DEFAULT NULL,
  `updated_at` timestamp NULL DEFAULT NULL,
  `deleted_at` timestamp NULL DEFAULT NULL,
  PRIMARY KEY (`document_id`,`refrence_id`),
  KEY `refrence_id` (`refrence_id`)
) ENGINE=InnoDB DEFAULT CHARSET=utf8;

/*Data for the table `refrence_document` */

/*Table structure for table `refrence_document_account` */

DROP TABLE IF EXISTS `refrence_document_account`;

CREATE TABLE `refrence_document_account` (
  `document_id` int(11) unsigned NOT NULL,
  `account_id` int(11) unsigned NOT NULL,
  `created_at` timestamp NULL DEFAULT NULL,
  `updated_at` timestamp NULL DEFAULT NULL,
  `deleted_at` timestamp NULL DEFAULT NULL,
  PRIMARY KEY (`document_id`,`account_id`)
) ENGINE=InnoDB DEFAULT CHARSET=utf8;

/*Data for the table `refrence_document_account` */

/*Table structure for table `remember_tokens` */

DROP TABLE IF EXISTS `remember_tokens`;

CREATE TABLE `remember_tokens` (
  `id` int(10) unsigned NOT NULL AUTO_INCREMENT,
  `user_id` int(10) unsigned NOT NULL,
  `token` char(32) NOT NULL,
  `user_agent` varchar(120) NOT NULL,
  `created_at` int(10) unsigned NOT NULL,
  PRIMARY KEY (`id`),
  KEY `token` (`token`),
  KEY `user_id` (`user_id`)
) ENGINE=InnoDB DEFAULT CHARSET=utf8;

/*Data for the table `remember_tokens` */

/*Table structure for table `role_types` */

DROP TABLE IF EXISTS `role_types`;

CREATE TABLE `role_types` (
  `id` int(11) NOT NULL AUTO_INCREMENT,
  `name` varchar(20) COLLATE utf8_bin DEFAULT NULL,
  PRIMARY KEY (`id`)
) ENGINE=InnoDB AUTO_INCREMENT=4 DEFAULT CHARSET=utf8 COLLATE=utf8_bin;

/*Data for the table `role_types` */

insert  into `role_types`(`id`,`name`) values (1,'users'),(2,'departments'),(3,'accounts');

/*Table structure for table `role_user` */

DROP TABLE IF EXISTS `role_user`;

CREATE TABLE `role_user` (
  `id` int(11) NOT NULL AUTO_INCREMENT,
  `user_id` int(10) unsigned NOT NULL,
  `role_id` int(10) unsigned NOT NULL,
  `created_at` timestamp NULL DEFAULT NULL,
  `updated_at` timestamp NULL DEFAULT NULL,
  `deleted_at` timestamp NULL DEFAULT NULL,
  PRIMARY KEY (`id`),
  KEY `user_id` (`user_id`),
  KEY `role_id` (`role_id`),
  CONSTRAINT `role_user_ibfk_1` FOREIGN KEY (`role_id`) REFERENCES `roles` (`id`),
  CONSTRAINT `role_user_ibfk_2` FOREIGN KEY (`user_id`) REFERENCES `users` (`id`)
) ENGINE=InnoDB AUTO_INCREMENT=26 DEFAULT CHARSET=utf8 COLLATE=utf8_unicode_ci;

/*Data for the table `role_user` */

insert  into `role_user`(`id`,`user_id`,`role_id`,`created_at`,`updated_at`,`deleted_at`) values (25,1,1,'2017-09-17 09:41:02',NULL,NULL);

/*Table structure for table `roles` */

DROP TABLE IF EXISTS `roles`;

CREATE TABLE `roles` (
  `id` int(10) unsigned NOT NULL AUTO_INCREMENT,
  `name` varchar(255) COLLATE utf8_unicode_ci NOT NULL,
  `type_id` int(11) DEFAULT NULL,
  `display_name` varchar(255) COLLATE utf8_unicode_ci DEFAULT NULL,
  `description` varchar(255) COLLATE utf8_unicode_ci DEFAULT NULL,
  `company_id` int(11) unsigned DEFAULT NULL,
  `active` tinyint(1) DEFAULT '1',
  `created_at` timestamp NULL DEFAULT NULL,
  `updated_at` timestamp NULL DEFAULT NULL,
  `deleted_at` timestamp NULL DEFAULT NULL,
  PRIMARY KEY (`id`),
  UNIQUE KEY `roles_name_unique` (`name`),
  KEY `company_id` (`company_id`),
  KEY `type_id` (`type_id`),
  CONSTRAINT `roles_ibfk_1` FOREIGN KEY (`company_id`) REFERENCES `companies` (`id`),
  CONSTRAINT `roles_ibfk_2` FOREIGN KEY (`type_id`) REFERENCES `role_types` (`id`)
) ENGINE=InnoDB AUTO_INCREMENT=7 DEFAULT CHARSET=utf8 COLLATE=utf8_unicode_ci;

/*Data for the table `roles` */

insert  into `roles`(`id`,`name`,`type_id`,`display_name`,`description`,`company_id`,`active`,`created_at`,`updated_at`,`deleted_at`) values (1,'Super Admin',NULL,'Super admin','super admin',NULL,1,'2017-09-17 02:57:52',NULL,NULL),(2,'Admin',1,'admin role','desc',1,1,'2017-08-03 12:57:57','2017-08-03 12:57:57',NULL),(3,'user',3,'user role','description',1,1,NULL,NULL,NULL),(4,'Secretary',3,'Secretary','Secretary',1,1,'2018-02-26 07:47:31','2018-02-26 07:47:31',NULL),(5,'Supervisor',3,'Supervisor','Supervisor',1,1,'2018-02-26 07:48:35','2018-02-26 07:48:35',NULL),(6,'Manager',3,'Manager','Manager',1,1,'2018-02-26 07:49:02','2018-02-26 07:49:02',NULL);

/*Table structure for table `sessions` */

DROP TABLE IF EXISTS `sessions`;

CREATE TABLE `sessions` (
  `id` varchar(255) COLLATE utf8_unicode_ci NOT NULL,
  `user_id` int(10) unsigned DEFAULT NULL,
  `ip_address` varchar(45) COLLATE utf8_unicode_ci DEFAULT NULL,
  `user_agent` text COLLATE utf8_unicode_ci,
  `payload` text COLLATE utf8_unicode_ci NOT NULL,
  `last_activity` int(11) NOT NULL,
  `created_at` timestamp NULL DEFAULT NULL,
  `update_at` timestamp NULL DEFAULT NULL,
  `deleted_at` timestamp NULL DEFAULT NULL,
  UNIQUE KEY `sessions_id_unique` (`id`)
) ENGINE=InnoDB DEFAULT CHARSET=utf8 COLLATE=utf8_unicode_ci;

/*Data for the table `sessions` */

insert  into `sessions`(`id`,`user_id`,`ip_address`,`user_agent`,`payload`,`last_activity`,`created_at`,`update_at`,`deleted_at`) values ('2I4xeB7cpY0KUus47Qc7shARvub4oiWI2gbw0iJh',NULL,'192.168.1.37','Mozilla/5.0 (Windows NT 10.0; Win64; x64) AppleWebKit/537.36 (KHTML, like Gecko) Chrome/59.0.3071.115 Safari/537.36','YTozOntzOjY6Il90b2tlbiI7czo0MDoiUlpOMlpJVm5aREZOQ3ZnU0dERUpPZTNOOURFS0xXdDNwNWtKNlh2ViI7czo1OiJ3YWF2aSI7YToxOntzOjExOiJ0cmFuc2xhdGlvbiI7YToxOntzOjY6ImxvY2FsZSI7czoyOiJlbiI7fX1zOjY6Il9mbGFzaCI7YToyOntzOjM6Im9sZCI7YTowOnt9czozOiJuZXciO2E6MDp7fX19',1500450392,NULL,NULL,NULL),('2XRraXr31Qk2nulI7It0hhQMw45kEsuUePCquEcV',NULL,'192.168.1.37','Mozilla/5.0 (Windows NT 10.0; Win64; x64) AppleWebKit/537.36 (KHTML, like Gecko) Chrome/59.0.3071.115 Safari/537.36','YTozOntzOjY6Il90b2tlbiI7czo0MDoiT1NnT0F4UVM0TEpmU0FLb1RqT2FLOU9pS3JjUTVmd3p5YzhWWE0xVCI7czo1OiJ3YWF2aSI7YToxOntzOjExOiJ0cmFuc2xhdGlvbiI7YToxOntzOjY6ImxvY2FsZSI7czoyOiJlbiI7fX1zOjY6Il9mbGFzaCI7YToyOntzOjM6Im9sZCI7YTowOnt9czozOiJuZXciO2E6MDp7fX19',1500451257,NULL,NULL,NULL),('33rg5t9n8lvwv6NupUmYjrBUxH2e9fkKDdP4kSob',1,'192.168.1.37','Mozilla/5.0 (Windows NT 10.0; Win64; x64) AppleWebKit/537.36 (KHTML, like Gecko) Chrome/59.0.3071.115 Safari/537.36','YTo0OntzOjY6Il90b2tlbiI7czo0MDoiUmNzRWw5OVhMWHU1SkVZUEdHR252d1A1bnJ1OHRqS1Y4cUFUNUM5dCI7czo1OiJ3YWF2aSI7YToxOntzOjExOiJ0cmFuc2xhdGlvbiI7YToxOntzOjY6ImxvY2FsZSI7czoyOiJlbiI7fX1zOjY6Il9mbGFzaCI7YToyOntzOjM6Im9sZCI7YTowOnt9czozOiJuZXciO2E6MDp7fX1zOjUwOiJsb2dpbl93ZWJfNTliYTM2YWRkYzJiMmY5NDAxNTgwZjAxNGM3ZjU4ZWE0ZTMwOTg5ZCI7aToxO30=',1500450465,NULL,NULL,NULL),('3WHEHRHdZYVza7Lk8zPW7apVbK97uE0JtSUmbUkf',NULL,'192.168.1.37','Mozilla/5.0 (Windows NT 10.0; Win64; x64) AppleWebKit/537.36 (KHTML, like Gecko) Chrome/59.0.3071.115 Safari/537.36','YTozOntzOjk6Il9wcmV2aW91cyI7YToxOntzOjM6InVybCI7czo0MzoiaHR0cDovL29kYXQuYmFja29mZmljZS5rbm93bXguZGV2L2VuL2xvZ291dCI7fXM6NjoiX2ZsYXNoIjthOjI6e3M6Mzoib2xkIjthOjA6e31zOjM6Im5ldyI7YTowOnt9fXM6NjoiX3Rva2VuIjtzOjQwOiJJdEoxa1JWT1Q4SHBqNDhSbGxpSFRWRHBQdThVV3p4ZUo3eXFVSHZhIjt9',1500451257,NULL,NULL,NULL),('5LxJg0adukJVKwd45rc7UjTROmmNuy4lXuu0XG42',NULL,'192.168.1.37','Mozilla/5.0 (Windows NT 10.0; Win64; x64) AppleWebKit/537.36 (KHTML, like Gecko) Chrome/59.0.3071.115 Safari/537.36','YTo0OntzOjY6Il90b2tlbiI7czo0MDoibGh4Y0lvS1JUaFU1NVAzVlB4bllvSUdQV1k3ZFhjbzJtVFY5U1hheCI7czo1OiJ3YWF2aSI7YToxOntzOjExOiJ0cmFuc2xhdGlvbiI7YToxOntzOjY6ImxvY2FsZSI7czoyOiJlbiI7fX1zOjk6Il9wcmV2aW91cyI7YToxOntzOjM6InVybCI7czo0MjoiaHR0cDovL29kYXQuYmFja29mZmljZS5rbm93bXguZGV2L2VuL2xvZ2luIjt9czo2OiJfZmxhc2giO2E6Mjp7czozOiJvbGQiO2E6MDp7fXM6MzoibmV3IjthOjA6e319fQ==',1500450392,NULL,NULL,NULL),('5QL99teiWEcSthkWQE9I5XbX6Qt5zI6outz8fulH',1,'192.168.1.37','Mozilla/5.0 (Windows NT 10.0; Win64; x64) AppleWebKit/537.36 (KHTML, like Gecko) Chrome/59.0.3071.115 Safari/537.36','YTo1OntzOjY6Il90b2tlbiI7czo0MDoibUlKaUVsMlVNSFM5NFU2d05LUk1vRmtVN3o4RmI2TUNBNlVqMDd5VSI7czo1OiJ3YWF2aSI7YToxOntzOjExOiJ0cmFuc2xhdGlvbiI7YToxOntzOjY6ImxvY2FsZSI7czoyOiJlbiI7fX1zOjk6Il9wcmV2aW91cyI7YToxOntzOjM6InVybCI7czo0MjoiaHR0cDovL29kYXQuYmFja29mZmljZS5rbm93bXguZGV2L2VuL2xvZ2luIjt9czo2OiJfZmxhc2giO2E6Mjp7czozOiJvbGQiO2E6MDp7fXM6MzoibmV3IjthOjA6e319czo1MDoibG9naW5fd2ViXzU5YmEzNmFkZGMyYjJmOTQwMTU4MGYwMTRjN2Y1OGVhNGUzMDk4OWQiO2k6MTt9',1500450341,NULL,NULL,NULL),('6J2VFmeG56Xu1ojxdBZZzTDjtAHbMGoFKtI8hQoM',1,'192.168.1.37','Mozilla/5.0 (Windows NT 10.0; Win64; x64) AppleWebKit/537.36 (KHTML, like Gecko) Chrome/59.0.3071.115 Safari/537.36','YTo0OntzOjY6Il90b2tlbiI7czo0MDoiUmNzRWw5OVhMWHU1SkVZUEdHR252d1A1bnJ1OHRqS1Y4cUFUNUM5dCI7czo1OiJ3YWF2aSI7YToxOntzOjExOiJ0cmFuc2xhdGlvbiI7YToxOntzOjY6ImxvY2FsZSI7czoyOiJlbiI7fX1zOjY6Il9mbGFzaCI7YToyOntzOjM6Im9sZCI7YTowOnt9czozOiJuZXciO2E6MDp7fX1zOjUwOiJsb2dpbl93ZWJfNTliYTM2YWRkYzJiMmY5NDAxNTgwZjAxNGM3ZjU4ZWE0ZTMwOTg5ZCI7aToxO30=',1500450465,NULL,NULL,NULL),('AGRsT9ArFVEs8F1Wzy7wWVwyztR9QqotMs0vxHdI',NULL,'192.168.1.37','Mozilla/5.0 (Windows NT 10.0; Win64; x64) AppleWebKit/537.36 (KHTML, like Gecko) Chrome/59.0.3071.115 Safari/537.36','YTozOntzOjY6Il90b2tlbiI7czo0MDoiUFVFTlRZWjN0N0dWdThFc2NDbWtsOGFiVUowa2hNbmVKamRZZ2NGSSI7czo1OiJ3YWF2aSI7YToxOntzOjExOiJ0cmFuc2xhdGlvbiI7YToxOntzOjY6ImxvY2FsZSI7czoyOiJlbiI7fX1zOjY6Il9mbGFzaCI7YToyOntzOjM6Im9sZCI7YTowOnt9czozOiJuZXciO2E6MDp7fX19',1500450344,NULL,NULL,NULL),('AuA9PT7ycFjBzLWQL9p5kNIqxX64JGMPYR9YyyLR',NULL,'192.168.1.37','Mozilla/5.0 (Windows NT 10.0; Win64; x64) AppleWebKit/537.36 (KHTML, like Gecko) Chrome/59.0.3071.115 Safari/537.36','YToyOntzOjY6Il90b2tlbiI7czo0MDoiTHpUWGlmNjlkR3FKNHY1Rk5weEFWVFJ0UFVLWUhLVVR4a1E0Q3NNTSI7czo2OiJfZmxhc2giO2E6Mjp7czozOiJvbGQiO2E6MDp7fXM6MzoibmV3IjthOjA6e319fQ==',1500451266,NULL,NULL,NULL),('AuDn6h0rzjbyLK1hNyUjt1Na3MgYSgKIiej1bYT1',NULL,'192.168.1.37','Mozilla/5.0 (Windows NT 10.0; Win64; x64) AppleWebKit/537.36 (KHTML, like Gecko) Chrome/59.0.3071.115 Safari/537.36','YToyOntzOjY6Il90b2tlbiI7czo0MDoiWGM3QmhnZ0lodFFidTRCNzFPVUk5Y1Y0eXJ4THZwUjg3U20wRjJ2SSI7czo2OiJfZmxhc2giO2E6Mjp7czozOiJvbGQiO2E6MDp7fXM6MzoibmV3IjthOjA6e319fQ==',1500450335,NULL,NULL,NULL),('Bc1cYxSJnHX4VIB9yya5gDxYjNit3I59NFiekZBI',1,'192.168.1.37','Mozilla/5.0 (Windows NT 10.0; Win64; x64) AppleWebKit/537.36 (KHTML, like Gecko) Chrome/59.0.3071.115 Safari/537.36','YTo0OntzOjY6Il90b2tlbiI7czo0MDoiUmNzRWw5OVhMWHU1SkVZUEdHR252d1A1bnJ1OHRqS1Y4cUFUNUM5dCI7czo1OiJ3YWF2aSI7YToxOntzOjExOiJ0cmFuc2xhdGlvbiI7YToxOntzOjY6ImxvY2FsZSI7czoyOiJlbiI7fX1zOjY6Il9mbGFzaCI7YToyOntzOjM6Im9sZCI7YTowOnt9czozOiJuZXciO2E6MDp7fX1zOjUwOiJsb2dpbl93ZWJfNTliYTM2YWRkYzJiMmY5NDAxNTgwZjAxNGM3ZjU4ZWE0ZTMwOTg5ZCI7aToxO30=',1500450461,NULL,NULL,NULL),('BDQ3vzc1fal8Z0CvmXOKzTE20oJPInt9xHoB6xjm',1,'192.168.1.37','Mozilla/5.0 (Windows NT 10.0; Win64; x64) AppleWebKit/537.36 (KHTML, like Gecko) Chrome/59.0.3071.115 Safari/537.36','YTo1OntzOjY6Il90b2tlbiI7czo0MDoiUFpQaU1TbWZ2anp2YVlOTjJObmFialJBZjVQWThTUmNGSGltOXZpSyI7czo1OiJ3YWF2aSI7YToxOntzOjExOiJ0cmFuc2xhdGlvbiI7YToxOntzOjY6ImxvY2FsZSI7czoyOiJlbiI7fX1zOjk6Il9wcmV2aW91cyI7YToxOntzOjM6InVybCI7czo0MjoiaHR0cDovL29kYXQuYmFja29mZmljZS5rbm93bXguZGV2L2VuL2xvZ2luIjt9czo2OiJfZmxhc2giO2E6Mjp7czozOiJvbGQiO2E6MDp7fXM6MzoibmV3IjthOjA6e319czo1MDoibG9naW5fd2ViXzU5YmEzNmFkZGMyYjJmOTQwMTU4MGYwMTRjN2Y1OGVhNGUzMDk4OWQiO2k6MTt9',1500450398,NULL,NULL,NULL),('BIpUTJKsE9hi4PM9LduMZLTB3yAMlEsSjhVS6wIq',1,'192.168.1.37','Mozilla/5.0 (Windows NT 10.0; Win64; x64) AppleWebKit/537.36 (KHTML, like Gecko) Chrome/59.0.3071.115 Safari/537.36','YTo0OntzOjY6Il90b2tlbiI7czo0MDoiUmNzRWw5OVhMWHU1SkVZUEdHR252d1A1bnJ1OHRqS1Y4cUFUNUM5dCI7czo1OiJ3YWF2aSI7YToxOntzOjExOiJ0cmFuc2xhdGlvbiI7YToxOntzOjY6ImxvY2FsZSI7czoyOiJlbiI7fX1zOjY6Il9mbGFzaCI7YToyOntzOjM6Im9sZCI7YTowOnt9czozOiJuZXciO2E6MDp7fX1zOjUwOiJsb2dpbl93ZWJfNTliYTM2YWRkYzJiMmY5NDAxNTgwZjAxNGM3ZjU4ZWE0ZTMwOTg5ZCI7aToxO30=',1500450464,NULL,NULL,NULL),('boVautbek5wNA86KKZDFRf5ncJ2BAhdmDyOksPb8',NULL,'192.168.1.37','Mozilla/5.0 (Windows NT 10.0; Win64; x64) AppleWebKit/537.36 (KHTML, like Gecko) Chrome/59.0.3071.115 Safari/537.36','YTozOntzOjY6Il90b2tlbiI7czo0MDoiNzFkU1Mwb1U1UHU4TXFDRkd3UFB2amd0eHVaMmhLME1SS085cHdiaiI7czo1OiJ3YWF2aSI7YToxOntzOjExOiJ0cmFuc2xhdGlvbiI7YToxOntzOjY6ImxvY2FsZSI7czoyOiJlbiI7fX1zOjY6Il9mbGFzaCI7YToyOntzOjM6Im9sZCI7YTowOnt9czozOiJuZXciO2E6MDp7fX19',1500450357,NULL,NULL,NULL),('bSOjiOfwXwX0vNNdGEMwSxtqgMSX9YksiQWvz9et',1,'192.168.1.37','Mozilla/5.0 (Windows NT 10.0; Win64; x64) AppleWebKit/537.36 (KHTML, like Gecko) Chrome/59.0.3071.115 Safari/537.36','YTo0OntzOjY6Il90b2tlbiI7czo0MDoiUmNzRWw5OVhMWHU1SkVZUEdHR252d1A1bnJ1OHRqS1Y4cUFUNUM5dCI7czo1OiJ3YWF2aSI7YToxOntzOjExOiJ0cmFuc2xhdGlvbiI7YToxOntzOjY6ImxvY2FsZSI7czoyOiJlbiI7fX1zOjY6Il9mbGFzaCI7YToyOntzOjM6Im9sZCI7YTowOnt9czozOiJuZXciO2E6MDp7fX1zOjUwOiJsb2dpbl93ZWJfNTliYTM2YWRkYzJiMmY5NDAxNTgwZjAxNGM3ZjU4ZWE0ZTMwOTg5ZCI7aToxO30=',1500450465,NULL,NULL,NULL),('C7t8GHZrTpF7OxUJ03CDd2qsy2vJVh7ueFJoL0qV',NULL,'192.168.1.37','Mozilla/5.0 (Windows NT 10.0; Win64; x64) AppleWebKit/537.36 (KHTML, like Gecko) Chrome/59.0.3071.115 Safari/537.36','YTo0OntzOjY6Il90b2tlbiI7czo0MDoiU1FOdzdFSzllc1ZVVDhKc21QTnRENjZhZEpBUXB6bnlyeWM3WmlHMiI7czo1OiJ3YWF2aSI7YToxOntzOjExOiJ0cmFuc2xhdGlvbiI7YToxOntzOjY6ImxvY2FsZSI7czoyOiJlbiI7fX1zOjk6Il9wcmV2aW91cyI7YToxOntzOjM6InVybCI7czo0MjoiaHR0cDovL29kYXQuYmFja29mZmljZS5rbm93bXguZGV2L2VuL2xvZ2luIjt9czo2OiJfZmxhc2giO2E6Mjp7czozOiJvbGQiO2E6MDp7fXM6MzoibmV3IjthOjA6e319fQ==',1500450502,NULL,NULL,NULL),('dIqghES1NZMEtAwQqXugl7Oph00VZKS33MNNQfgO',NULL,'192.168.1.37','Mozilla/5.0 (Windows NT 10.0; Win64; x64) AppleWebKit/537.36 (KHTML, like Gecko) Chrome/59.0.3071.115 Safari/537.36','YToyOntzOjY6Il90b2tlbiI7czo0MDoiOEM1RzlCUDQ0ZHFCWWFwT1VpRG9ZR09YZW9uZXhZRGpudkZmREpnMSI7czo2OiJfZmxhc2giO2E6Mjp7czozOiJvbGQiO2E6MDp7fXM6MzoibmV3IjthOjA6e319fQ==',1500450346,NULL,NULL,NULL),('efoQDMCQcOMcFFNzs6IWCu7DAwjMSpE0UgqxL6IL',1,'192.168.1.37','Mozilla/5.0 (Windows NT 10.0; Win64; x64) AppleWebKit/537.36 (KHTML, like Gecko) Chrome/59.0.3071.115 Safari/537.36','YTo1OntzOjY6Il90b2tlbiI7czo0MDoiWmdhRk1pSHBXcjRKZE5xV0RxRGhYaEFFV1RpS0RTUlMxMTM3R1l3UyI7czo1OiJ3YWF2aSI7YToxOntzOjExOiJ0cmFuc2xhdGlvbiI7YToxOntzOjY6ImxvY2FsZSI7czoyOiJlbiI7fX1zOjk6Il9wcmV2aW91cyI7YToxOntzOjM6InVybCI7czo0MjoiaHR0cDovL29kYXQuYmFja29mZmljZS5rbm93bXguZGV2L2VuL2xvZ2luIjt9czo2OiJfZmxhc2giO2E6Mjp7czozOiJvbGQiO2E6MDp7fXM6MzoibmV3IjthOjA6e319czo1MDoibG9naW5fd2ViXzU5YmEzNmFkZGMyYjJmOTQwMTU4MGYwMTRjN2Y1OGVhNGUzMDk4OWQiO2k6MTt9',1500450354,NULL,NULL,NULL),('FiqZ7kQ9RyaXt9prvFeEI8hySCGqwXP8YxzJzqrA',NULL,'192.168.1.37','Mozilla/5.0 (Windows NT 10.0; Win64; x64) AppleWebKit/537.36 (KHTML, like Gecko) Chrome/59.0.3071.115 Safari/537.36','YToyOntzOjY6Il90b2tlbiI7czo0MDoiWGtEWHRINUJ1ZjA1aVVFZmRINEswcTlKM1A2VnpMazF6SmMwbkp6UiI7czo2OiJfZmxhc2giO2E6Mjp7czozOiJvbGQiO2E6MDp7fXM6MzoibmV3IjthOjA6e319fQ==',1500450314,NULL,NULL,NULL),('g8U5ZRi9T9MEm34TYsmHdHx1X0WavgDDhlJPHpey',1,'192.168.1.37','Mozilla/5.0 (Windows NT 10.0; Win64; x64) AppleWebKit/537.36 (KHTML, like Gecko) Chrome/59.0.3071.115 Safari/537.36','YTozOntzOjY6Il90b2tlbiI7czo0MDoiWGtEWHRINUJ1ZjA1aVVFZmRINEswcTlKM1A2VnpMazF6SmMwbkp6UiI7czo2OiJfZmxhc2giO2E6Mjp7czozOiJvbGQiO2E6MDp7fXM6MzoibmV3IjthOjA6e319czo1MDoibG9naW5fd2ViXzU5YmEzNmFkZGMyYjJmOTQwMTU4MGYwMTRjN2Y1OGVhNGUzMDk4OWQiO2k6MTt9',1500450314,NULL,NULL,NULL),('Ge0aXDwTp4sz1KZYjAHLMHxOlXv5p9IIFIOe7YuH',1,'192.168.1.37','Mozilla/5.0 (Windows NT 10.0; Win64; x64) AppleWebKit/537.36 (KHTML, like Gecko) Chrome/59.0.3071.115 Safari/537.36','YTo0OntzOjY6Il90b2tlbiI7czo0MDoiUmNzRWw5OVhMWHU1SkVZUEdHR252d1A1bnJ1OHRqS1Y4cUFUNUM5dCI7czo1OiJ3YWF2aSI7YToxOntzOjExOiJ0cmFuc2xhdGlvbiI7YToxOntzOjY6ImxvY2FsZSI7czoyOiJlbiI7fX1zOjY6Il9mbGFzaCI7YToyOntzOjM6Im9sZCI7YTowOnt9czozOiJuZXciO2E6MDp7fX1zOjUwOiJsb2dpbl93ZWJfNTliYTM2YWRkYzJiMmY5NDAxNTgwZjAxNGM3ZjU4ZWE0ZTMwOTg5ZCI7aToxO30=',1500450473,NULL,NULL,NULL),('gPjFC9ahMzAd2BHmQ1uoSrLBwR5su2dZiQvuTgCM',1,'192.168.1.37','Mozilla/5.0 (Windows NT 10.0; Win64; x64) AppleWebKit/537.36 (KHTML, like Gecko) Chrome/59.0.3071.115 Safari/537.36','YTo0OntzOjY6Il90b2tlbiI7czo0MDoiUmNzRWw5OVhMWHU1SkVZUEdHR252d1A1bnJ1OHRqS1Y4cUFUNUM5dCI7czo1OiJ3YWF2aSI7YToxOntzOjExOiJ0cmFuc2xhdGlvbiI7YToxOntzOjY6ImxvY2FsZSI7czoyOiJlbiI7fX1zOjY6Il9mbGFzaCI7YToyOntzOjM6Im9sZCI7YTowOnt9czozOiJuZXciO2E6MDp7fX1zOjUwOiJsb2dpbl93ZWJfNTliYTM2YWRkYzJiMmY5NDAxNTgwZjAxNGM3ZjU4ZWE0ZTMwOTg5ZCI7aToxO30=',1500450426,NULL,NULL,NULL),('GR4Of16LziI1ViXGqlHCjt2FEfwHK2RdIPBz5T39',NULL,'192.168.1.37','Mozilla/5.0 (Windows NT 10.0; Win64; x64) AppleWebKit/537.36 (KHTML, like Gecko) Chrome/59.0.3071.115 Safari/537.36','YToyOntzOjY6Il90b2tlbiI7czo0MDoiVUhTa2FWOHJ2Y3JVQmpCVXg5RWREWmhVZmN1d1k1SG01NDJQbEVzUiI7czo2OiJfZmxhc2giO2E6Mjp7czozOiJvbGQiO2E6MDp7fXM6MzoibmV3IjthOjA6e319fQ==',1500450347,NULL,NULL,NULL),('hclVNUNil64bSaNew9hhwbmhVpiIhfRJsVg0Qmfz',NULL,'192.168.1.37','Mozilla/5.0 (Windows NT 10.0; Win64; x64) AppleWebKit/537.36 (KHTML, like Gecko) Chrome/59.0.3071.115 Safari/537.36','YToyOntzOjY6Il90b2tlbiI7czo0MDoiaGNQeDlSSHR2Y2ZzNVJ3cUJFaktpQThLRURyREhFWlh4M21TSWVCMiI7czo2OiJfZmxhc2giO2E6Mjp7czozOiJvbGQiO2E6MDp7fXM6MzoibmV3IjthOjA6e319fQ==',1500450493,NULL,NULL,NULL),('KQVE6isFsoL1uSCNklWb8WA5o0dGQOTA1Y8xJPFO',1,'192.168.1.37','Mozilla/5.0 (Windows NT 10.0; Win64; x64) AppleWebKit/537.36 (KHTML, like Gecko) Chrome/59.0.3071.115 Safari/537.36','YTo1OntzOjY6Il90b2tlbiI7czo0MDoidkpEU3NvOWRKb3h5SXVkM2FYQkRtcmF5UEt5U2xFU2ZzUkNHZkZDeiI7czo1OiJ3YWF2aSI7YToxOntzOjExOiJ0cmFuc2xhdGlvbiI7YToxOntzOjY6ImxvY2FsZSI7czoyOiJlbiI7fX1zOjk6Il9wcmV2aW91cyI7YToxOntzOjM6InVybCI7czo0MjoiaHR0cDovL29kYXQuYmFja29mZmljZS5rbm93bXguZGV2L2VuL2xvZ2luIjt9czo2OiJfZmxhc2giO2E6Mjp7czozOiJvbGQiO2E6MDp7fXM6MzoibmV3IjthOjA6e319czo1MDoibG9naW5fd2ViXzU5YmEzNmFkZGMyYjJmOTQwMTU4MGYwMTRjN2Y1OGVhNGUzMDk4OWQiO2k6MTt9',1500450499,NULL,NULL,NULL),('loY8hT1ZKJLKySajYS33X4fDeNr4HDRsHyPoRbqQ',1,'192.168.1.37','Mozilla/5.0 (Windows NT 10.0; Win64; x64) AppleWebKit/537.36 (KHTML, like Gecko) Chrome/59.0.3071.115 Safari/537.36','YTo0OntzOjY6Il90b2tlbiI7czo0MDoiUmNzRWw5OVhMWHU1SkVZUEdHR252d1A1bnJ1OHRqS1Y4cUFUNUM5dCI7czo1OiJ3YWF2aSI7YToxOntzOjExOiJ0cmFuc2xhdGlvbiI7YToxOntzOjY6ImxvY2FsZSI7czoyOiJlbiI7fX1zOjY6Il9mbGFzaCI7YToyOntzOjM6Im9sZCI7YTowOnt9czozOiJuZXciO2E6MDp7fX1zOjUwOiJsb2dpbl93ZWJfNTliYTM2YWRkYzJiMmY5NDAxNTgwZjAxNGM3ZjU4ZWE0ZTMwOTg5ZCI7aToxO30=',1500450467,NULL,NULL,NULL),('LtxndmIwUwfwXnlB6bgbsPs2Gw8odG9Td2RmxRnx',1,'192.168.1.37','Mozilla/5.0 (Windows NT 10.0; Win64; x64) AppleWebKit/537.36 (KHTML, like Gecko) Chrome/59.0.3071.115 Safari/537.36','YTo1OntzOjY6Il90b2tlbiI7czo0MDoibGh4Y0lvS1JUaFU1NVAzVlB4bllvSUdQV1k3ZFhjbzJtVFY5U1hheCI7czo1OiJ3YWF2aSI7YToxOntzOjExOiJ0cmFuc2xhdGlvbiI7YToxOntzOjY6ImxvY2FsZSI7czoyOiJlbiI7fX1zOjk6Il9wcmV2aW91cyI7YToxOntzOjM6InVybCI7czo0MjoiaHR0cDovL29kYXQuYmFja29mZmljZS5rbm93bXguZGV2L2VuL2xvZ2luIjt9czo2OiJfZmxhc2giO2E6Mjp7czozOiJvbGQiO2E6MDp7fXM6MzoibmV3IjthOjA6e319czo1MDoibG9naW5fd2ViXzU5YmEzNmFkZGMyYjJmOTQwMTU4MGYwMTRjN2Y1OGVhNGUzMDk4OWQiO2k6MTt9',1500450394,NULL,NULL,NULL),('M7wBfSp8bMnyZHjD6dYc47PreM3SqCyIJwOI8yKq',NULL,'192.168.1.37','Mozilla/5.0 (Windows NT 10.0; Win64; x64) AppleWebKit/537.36 (KHTML, like Gecko) Chrome/59.0.3071.115 Safari/537.36','YToyOntzOjY6Il90b2tlbiI7czo0MDoic0M2cVB5ZHdSSU9WTng2MGRERlBsaWFpZm03V0JCbVZMVnhoc3l3WSI7czo2OiJfZmxhc2giO2E6Mjp7czozOiJvbGQiO2E6MDp7fXM6MzoibmV3IjthOjA6e319fQ==',1500450486,NULL,NULL,NULL),('NAy2lrjfbyoJcYSE1RKg39jGzlytpfKs819lemKa',NULL,'192.168.1.37','Mozilla/5.0 (Windows NT 10.0; Win64; x64) AppleWebKit/537.36 (KHTML, like Gecko) Chrome/59.0.3071.115 Safari/537.36','YTozOntzOjk6Il9wcmV2aW91cyI7YToxOntzOjM6InVybCI7czo0MzoiaHR0cDovL29kYXQuYmFja29mZmljZS5rbm93bXguZGV2L2VuL2xvZ291dCI7fXM6NjoiX2ZsYXNoIjthOjI6e3M6Mzoib2xkIjthOjA6e31zOjM6Im5ldyI7YTowOnt9fXM6NjoiX3Rva2VuIjtzOjQwOiJTRktLQllVeEVqb0pzRGVDR0pnWTUzbE9HcEttV2YxaTVMNmJKSTlOIjt9',1500450345,NULL,NULL,NULL),('pC33anfHz3i5nE89viLB0jp54S7wKiBsjvHySS96',NULL,'192.168.1.37','Mozilla/5.0 (Windows NT 10.0; Win64; x64) AppleWebKit/537.36 (KHTML, like Gecko) Chrome/59.0.3071.115 Safari/537.36','YToyOntzOjk6Il9wcmV2aW91cyI7YToxOntzOjM6InVybCI7czo0MzoiaHR0cDovL29kYXQuYmFja29mZmljZS5rbm93bXguZGV2L2VuL2xvZ291dCI7fXM6NjoiX2ZsYXNoIjthOjI6e3M6Mzoib2xkIjthOjA6e31zOjM6Im5ldyI7YTowOnt9fX0=',1500450470,NULL,NULL,NULL),('ppVjt3JC99Jk7gP20wPw9mhELBtvs5yJ6RTOAZye',NULL,'192.168.1.37','Mozilla/5.0 (Windows NT 10.0; Win64; x64) AppleWebKit/537.36 (KHTML, like Gecko) Chrome/59.0.3071.115 Safari/537.36','YTo0OntzOjY6Il90b2tlbiI7czo0MDoibUlKaUVsMlVNSFM5NFU2d05LUk1vRmtVN3o4RmI2TUNBNlVqMDd5VSI7czo1OiJ3YWF2aSI7YToxOntzOjExOiJ0cmFuc2xhdGlvbiI7YToxOntzOjY6ImxvY2FsZSI7czoyOiJlbiI7fX1zOjk6Il9wcmV2aW91cyI7YToxOntzOjM6InVybCI7czo0MjoiaHR0cDovL29kYXQuYmFja29mZmljZS5rbm93bXguZGV2L2VuL2xvZ2luIjt9czo2OiJfZmxhc2giO2E6Mjp7czozOiJvbGQiO2E6MDp7fXM6MzoibmV3IjthOjA6e319fQ==',1500450340,NULL,NULL,NULL),('PshQEqMWn0eD2rYxudciwkg9b0edwweu47ulWcIt',NULL,'192.168.1.37','Mozilla/5.0 (Windows NT 10.0; Win64; x64) AppleWebKit/537.36 (KHTML, like Gecko) Chrome/59.0.3071.115 Safari/537.36','YTozOntzOjY6Il90b2tlbiI7czo0MDoiUmNzRWw5OVhMWHU1SkVZUEdHR252d1A1bnJ1OHRqS1Y4cUFUNUM5dCI7czo1OiJ3YWF2aSI7YToxOntzOjExOiJ0cmFuc2xhdGlvbiI7YToxOntzOjY6ImxvY2FsZSI7czoyOiJlbiI7fX1zOjY6Il9mbGFzaCI7YToyOntzOjM6Im9sZCI7YTowOnt9czozOiJuZXciO2E6MDp7fX19',1500450473,NULL,NULL,NULL),('RTFQy0FaiVzAiiuIlSiE8qm3BbDc4wPi5k5Yuuhv',1,'192.168.1.37','Mozilla/5.0 (Windows NT 10.0; Win64; x64) AppleWebKit/537.36 (KHTML, like Gecko) Chrome/59.0.3071.115 Safari/537.36','YTo0OntzOjY6Il90b2tlbiI7czo0MDoiUmNzRWw5OVhMWHU1SkVZUEdHR252d1A1bnJ1OHRqS1Y4cUFUNUM5dCI7czo1OiJ3YWF2aSI7YToxOntzOjExOiJ0cmFuc2xhdGlvbiI7YToxOntzOjY6ImxvY2FsZSI7czoyOiJlbiI7fX1zOjY6Il9mbGFzaCI7YToyOntzOjM6Im9sZCI7YTowOnt9czozOiJuZXciO2E6MDp7fX1zOjUwOiJsb2dpbl93ZWJfNTliYTM2YWRkYzJiMmY5NDAxNTgwZjAxNGM3ZjU4ZWE0ZTMwOTg5ZCI7aToxO30=',1500450466,NULL,NULL,NULL),('Sa96E0dUnIdo9D8A1brJrAv2PQ4u2WuqWPdVq8eP',NULL,'192.168.1.37','Mozilla/5.0 (Windows NT 10.0; Win64; x64) AppleWebKit/537.36 (KHTML, like Gecko) Chrome/59.0.3071.115 Safari/537.36','YTo0OntzOjY6Il90b2tlbiI7czo0MDoiWmdhRk1pSHBXcjRKZE5xV0RxRGhYaEFFV1RpS0RTUlMxMTM3R1l3UyI7czo1OiJ3YWF2aSI7YToxOntzOjExOiJ0cmFuc2xhdGlvbiI7YToxOntzOjY6ImxvY2FsZSI7czoyOiJlbiI7fX1zOjk6Il9wcmV2aW91cyI7YToxOntzOjM6InVybCI7czo0MjoiaHR0cDovL29kYXQuYmFja29mZmljZS5rbm93bXguZGV2L2VuL2xvZ2luIjt9czo2OiJfZmxhc2giO2E6Mjp7czozOiJvbGQiO2E6MDp7fXM6MzoibmV3IjthOjA6e319fQ==',1500450353,NULL,NULL,NULL),('smED2JSTeRWipPAtvMQ5xtjgB0UyUMmKj3EyQS72',1,'192.168.1.37','Mozilla/5.0 (Windows NT 10.0; Win64; x64) AppleWebKit/537.36 (KHTML, like Gecko) Chrome/59.0.3071.115 Safari/537.36','YTo0OntzOjY6Il90b2tlbiI7czo0MDoiUmNzRWw5OVhMWHU1SkVZUEdHR252d1A1bnJ1OHRqS1Y4cUFUNUM5dCI7czo1OiJ3YWF2aSI7YToxOntzOjExOiJ0cmFuc2xhdGlvbiI7YToxOntzOjY6ImxvY2FsZSI7czoyOiJlbiI7fX1zOjY6Il9mbGFzaCI7YToyOntzOjM6Im9sZCI7YTowOnt9czozOiJuZXciO2E6MDp7fX1zOjUwOiJsb2dpbl93ZWJfNTliYTM2YWRkYzJiMmY5NDAxNTgwZjAxNGM3ZjU4ZWE0ZTMwOTg5ZCI7aToxO30=',1500450463,NULL,NULL,NULL),('u2xw7dLYIkUceZO1juz9PGir7mlpsrfIfARcnOFk',NULL,'192.168.1.37','Mozilla/5.0 (Windows NT 10.0; Win64; x64) AppleWebKit/537.36 (KHTML, like Gecko) Chrome/59.0.3071.115 Safari/537.36','YToyOntzOjY6Il90b2tlbiI7czo0MDoiUUhKN1NKdUhxWGlmcFBFeUdQQ3QwaTJ3cjBXdW81REJkRldSZEt0dCI7czo2OiJfZmxhc2giO2E6Mjp7czozOiJvbGQiO2E6MDp7fXM6MzoibmV3IjthOjA6e319fQ==',1500451260,NULL,NULL,NULL),('UAV2khpbtMGAESYU2uDRhnWwKnjJ6HSnQxFxcVNZ',1,'192.168.1.37','Mozilla/5.0 (Windows NT 10.0; Win64; x64) AppleWebKit/537.36 (KHTML, like Gecko) Chrome/59.0.3071.115 Safari/537.36','YTo0OntzOjY6Il90b2tlbiI7czo0MDoiUmNzRWw5OVhMWHU1SkVZUEdHR252d1A1bnJ1OHRqS1Y4cUFUNUM5dCI7czo1OiJ3YWF2aSI7YToxOntzOjExOiJ0cmFuc2xhdGlvbiI7YToxOntzOjY6ImxvY2FsZSI7czoyOiJlbiI7fX1zOjY6Il9mbGFzaCI7YToyOntzOjM6Im9sZCI7YTowOnt9czozOiJuZXciO2E6MDp7fX1zOjUwOiJsb2dpbl93ZWJfNTliYTM2YWRkYzJiMmY5NDAxNTgwZjAxNGM3ZjU4ZWE0ZTMwOTg5ZCI7aToxO30=',1500450424,NULL,NULL,NULL),('uXT56Qql2t7uKppPH9jjFK9oQNb7OUZ1fBxXexFH',1,'192.168.1.37','Mozilla/5.0 (Windows NT 10.0; Win64; x64) AppleWebKit/537.36 (KHTML, like Gecko) Chrome/59.0.3071.115 Safari/537.36','YTo0OntzOjY6Il90b2tlbiI7czo0MDoiUmNzRWw5OVhMWHU1SkVZUEdHR252d1A1bnJ1OHRqS1Y4cUFUNUM5dCI7czo1OiJ3YWF2aSI7YToxOntzOjExOiJ0cmFuc2xhdGlvbiI7YToxOntzOjY6ImxvY2FsZSI7czoyOiJlbiI7fX1zOjY6Il9mbGFzaCI7YToyOntzOjM6Im9sZCI7YTowOnt9czozOiJuZXciO2E6MDp7fX1zOjUwOiJsb2dpbl93ZWJfNTliYTM2YWRkYzJiMmY5NDAxNTgwZjAxNGM3ZjU4ZWE0ZTMwOTg5ZCI7aToxO30=',1500450465,NULL,NULL,NULL),('V48grcPqXANltH7fWlDEgmzTyj1mJsbvdDomU06p',NULL,'192.168.1.37','Mozilla/5.0 (Windows NT 10.0; Win64; x64) AppleWebKit/537.36 (KHTML, like Gecko) Chrome/59.0.3071.115 Safari/537.36','YTo0OntzOjY6Il90b2tlbiI7czo0MDoiUFpQaU1TbWZ2anp2YVlOTjJObmFialJBZjVQWThTUmNGSGltOXZpSyI7czo1OiJ3YWF2aSI7YToxOntzOjExOiJ0cmFuc2xhdGlvbiI7YToxOntzOjY6ImxvY2FsZSI7czoyOiJlbiI7fX1zOjk6Il9wcmV2aW91cyI7YToxOntzOjM6InVybCI7czo0MjoiaHR0cDovL29kYXQuYmFja29mZmljZS5rbm93bXguZGV2L2VuL2xvZ2luIjt9czo2OiJfZmxhc2giO2E6Mjp7czozOiJvbGQiO2E6MDp7fXM6MzoibmV3IjthOjA6e319fQ==',1500450396,NULL,NULL,NULL),('wKFtg0M4ccXoDYj0UYmUSPJvoBTkNy2DIlTYRMtH',1,'192.168.1.37','Mozilla/5.0 (Windows NT 10.0; Win64; x64) AppleWebKit/537.36 (KHTML, like Gecko) Chrome/59.0.3071.115 Safari/537.36','YTo1OntzOjY6Il90b2tlbiI7czo0MDoiU1FOdzdFSzllc1ZVVDhKc21QTnRENjZhZEpBUXB6bnlyeWM3WmlHMiI7czo1OiJ3YWF2aSI7YToxOntzOjExOiJ0cmFuc2xhdGlvbiI7YToxOntzOjY6ImxvY2FsZSI7czoyOiJlbiI7fX1zOjk6Il9wcmV2aW91cyI7YToxOntzOjM6InVybCI7czo0MjoiaHR0cDovL29kYXQuYmFja29mZmljZS5rbm93bXguZGV2L2VuL2xvZ2luIjt9czo2OiJfZmxhc2giO2E6Mjp7czozOiJvbGQiO2E6MDp7fXM6MzoibmV3IjthOjA6e319czo1MDoibG9naW5fd2ViXzU5YmEzNmFkZGMyYjJmOTQwMTU4MGYwMTRjN2Y1OGVhNGUzMDk4OWQiO2k6MTt9',1500450504,NULL,NULL,NULL),('x6lHM0ODJVHG9d7Y327RQ780BvqYqX2tlR0UZaja',NULL,'192.168.1.37','Mozilla/5.0 (Windows NT 10.0; Win64; x64) AppleWebKit/537.36 (KHTML, like Gecko) Chrome/59.0.3071.115 Safari/537.36','YTozOntzOjY6Il90b2tlbiI7czo0MDoiZUZDZE9acWtBOHBCWlZKSGdpd21BWjY5elk2UE9lUjdkU1B2WjZjRyI7czo1OiJ3YWF2aSI7YToxOntzOjExOiJ0cmFuc2xhdGlvbiI7YToxOntzOjY6ImxvY2FsZSI7czoyOiJlbiI7fX1zOjY6Il9mbGFzaCI7YToyOntzOjM6Im9sZCI7YTowOnt9czozOiJuZXciO2E6MDp7fX19',1500450396,NULL,NULL,NULL),('XLKV58bTH2NX8jnJEvgtg0liMxZ0K3nR3m7x9xSN',1,'192.168.1.37','Mozilla/5.0 (Windows NT 10.0; Win64; x64) AppleWebKit/537.36 (KHTML, like Gecko) Chrome/59.0.3071.115 Safari/537.36','YTo1OntzOjY6Il90b2tlbiI7czo0MDoiUmNzRWw5OVhMWHU1SkVZUEdHR252d1A1bnJ1OHRqS1Y4cUFUNUM5dCI7czo1OiJ3YWF2aSI7YToxOntzOjExOiJ0cmFuc2xhdGlvbiI7YToxOntzOjY6ImxvY2FsZSI7czoyOiJlbiI7fX1zOjY6Il9mbGFzaCI7YToyOntzOjM6Im9sZCI7YTowOnt9czozOiJuZXciO2E6MDp7fX1zOjUwOiJsb2dpbl93ZWJfNTliYTM2YWRkYzJiMmY5NDAxNTgwZjAxNGM3ZjU4ZWE0ZTMwOTg5ZCI7aToxO3M6OToiX3ByZXZpb3VzIjthOjE6e3M6MzoidXJsIjtzOjQxOiJodHRwOi8vb2RhdC5iYWNrb2ZmaWNlLmtub3dteC5kZXYvZW4vaG9tZSI7fX0=',1500450467,NULL,NULL,NULL),('XVk4LdXCXeVyuCx44L0UC7dWa66zXhLC3x2E7REs',1,'192.168.1.37','Mozilla/5.0 (Windows NT 10.0; Win64; x64) AppleWebKit/537.36 (KHTML, like Gecko) Chrome/59.0.3071.115 Safari/537.36','YTo0OntzOjY6Il90b2tlbiI7czo0MDoiUmNzRWw5OVhMWHU1SkVZUEdHR252d1A1bnJ1OHRqS1Y4cUFUNUM5dCI7czo1OiJ3YWF2aSI7YToxOntzOjExOiJ0cmFuc2xhdGlvbiI7YToxOntzOjY6ImxvY2FsZSI7czoyOiJlbiI7fX1zOjY6Il9mbGFzaCI7YToyOntzOjM6Im9sZCI7YTowOnt9czozOiJuZXciO2E6MDp7fX1zOjUwOiJsb2dpbl93ZWJfNTliYTM2YWRkYzJiMmY5NDAxNTgwZjAxNGM3ZjU4ZWE0ZTMwOTg5ZCI7aToxO30=',1500450462,NULL,NULL,NULL),('yoU24XehAZXU4NlBDxmmIsjLYZqv6h2yoRlwIkhD',1,'192.168.1.37','Mozilla/5.0 (Windows NT 10.0; Win64; x64) AppleWebKit/537.36 (KHTML, like Gecko) Chrome/59.0.3071.115 Safari/537.36','YTo1OntzOjY6Il90b2tlbiI7czo0MDoiZVQxbFc4RlRTN1Y5dHdzSG1Wa0pNTFdVSjZGRWR2VW1KUzhkU1VRViI7czo1OiJ3YWF2aSI7YToxOntzOjExOiJ0cmFuc2xhdGlvbiI7YToxOntzOjY6ImxvY2FsZSI7czoyOiJlbiI7fX1zOjk6Il9wcmV2aW91cyI7YToxOntzOjM6InVybCI7czo0MjoiaHR0cDovL29kYXQuYmFja29mZmljZS5rbm93bXguZGV2L2VuL2xvZ2luIjt9czo2OiJfZmxhc2giO2E6Mjp7czozOiJvbGQiO2E6MDp7fXM6MzoibmV3IjthOjA6e319czo1MDoibG9naW5fd2ViXzU5YmEzNmFkZGMyYjJmOTQwMTU4MGYwMTRjN2Y1OGVhNGUzMDk4OWQiO2k6MTt9',1500450360,NULL,NULL,NULL),('YV59702LZpEKNd1UnozW7V0VNXfqQq0EAFdd7s2n',NULL,'192.168.1.37','Mozilla/5.0 (Windows NT 10.0; Win64; x64) AppleWebKit/537.36 (KHTML, like Gecko) Chrome/59.0.3071.115 Safari/537.36','YToyOntzOjY6Il90b2tlbiI7czo0MDoibFVMQUZqdUl0emJxbmR6bkhsWXRQeE9iWnptTm56TWZmb3V0Q1JkZSI7czo2OiJfZmxhc2giO2E6Mjp7czozOiJvbGQiO2E6MDp7fXM6MzoibmV3IjthOjA6e319fQ==',1500451261,NULL,NULL,NULL),('Z3iT4vVKIfyOH34LbHqq5aX4zOh0vv1EqVW1Mvwi',NULL,'192.168.1.37','Mozilla/5.0 (Windows NT 10.0; Win64; x64) AppleWebKit/537.36 (KHTML, like Gecko) Chrome/59.0.3071.115 Safari/537.36','YTozOntzOjY6Il90b2tlbiI7czo0MDoia2xYVXNJSWQ2QWYxOU1CZmVvUHV3NmJLa1ZHcm9ZWjRKb1JSUE1YVCI7czo1OiJ3YWF2aSI7YToxOntzOjExOiJ0cmFuc2xhdGlvbiI7YToxOntzOjY6ImxvY2FsZSI7czoyOiJlbiI7fX1zOjY6Il9mbGFzaCI7YToyOntzOjM6Im9sZCI7YTowOnt9czozOiJuZXciO2E6MDp7fX19',1500450502,NULL,NULL,NULL),('zH9w83EkdBQEfBRl9YyDE8Oibe0AslrYW3CMyXIQ',NULL,'192.168.1.37','Mozilla/5.0 (Windows NT 10.0; Win64; x64) AppleWebKit/537.36 (KHTML, like Gecko) Chrome/59.0.3071.115 Safari/537.36','YTo0OntzOjY6Il90b2tlbiI7czo0MDoidkpEU3NvOWRKb3h5SXVkM2FYQkRtcmF5UEt5U2xFU2ZzUkNHZkZDeiI7czo1OiJ3YWF2aSI7YToxOntzOjExOiJ0cmFuc2xhdGlvbiI7YToxOntzOjY6ImxvY2FsZSI7czoyOiJlbiI7fX1zOjk6Il9wcmV2aW91cyI7YToxOntzOjM6InVybCI7czo0MjoiaHR0cDovL29kYXQuYmFja29mZmljZS5rbm93bXguZGV2L2VuL2xvZ2luIjt9czo2OiJfZmxhc2giO2E6Mjp7czozOiJvbGQiO2E6MDp7fXM6MzoibmV3IjthOjA6e319fQ==',1500450498,NULL,NULL,NULL),('zJfJpRdVwCFIP2e12j5T7YXrQ12tUK4joBXuHCMh',NULL,'192.168.1.37','Mozilla/5.0 (Windows NT 10.0; Win64; x64) AppleWebKit/537.36 (KHTML, like Gecko) Chrome/59.0.3071.115 Safari/537.36','YTo0OntzOjY6Il90b2tlbiI7czo0MDoiZVQxbFc4RlRTN1Y5dHdzSG1Wa0pNTFdVSjZGRWR2VW1KUzhkU1VRViI7czo1OiJ3YWF2aSI7YToxOntzOjExOiJ0cmFuc2xhdGlvbiI7YToxOntzOjY6ImxvY2FsZSI7czoyOiJlbiI7fX1zOjk6Il9wcmV2aW91cyI7YToxOntzOjM6InVybCI7czo0MjoiaHR0cDovL29kYXQuYmFja29mZmljZS5rbm93bXguZGV2L2VuL2xvZ2luIjt9czo2OiJfZmxhc2giO2E6Mjp7czozOiJvbGQiO2E6MDp7fXM6MzoibmV3IjthOjA6e319fQ==',1500450358,NULL,NULL,NULL),('zv8skGSjQK82hZAm15sBRv24bahOo4zkEkYNv1ZB',NULL,'192.168.1.37','Mozilla/5.0 (Windows NT 10.0; Win64; x64) AppleWebKit/537.36 (KHTML, like Gecko) Chrome/59.0.3071.115 Safari/537.36','YToyOntzOjY6Il90b2tlbiI7czo0MDoiMWJrNXlPWGJtd1U2aTk1Y05NY0gzRkdmS1JKS1BDQkhYd2ZZdFlRbiI7czo2OiJfZmxhc2giO2E6Mjp7czozOiJvbGQiO2E6MDp7fXM6MzoibmV3IjthOjA6e319fQ==',1500450490,NULL,NULL,NULL);

/*Table structure for table `settings` */

DROP TABLE IF EXISTS `settings`;

CREATE TABLE `settings` (
  `id` int(11) unsigned NOT NULL AUTO_INCREMENT,
  `key` varchar(50) DEFAULT NULL,
  `title` varchar(100) DEFAULT NULL,
  `name` varchar(100) DEFAULT NULL,
  `description` text,
  `value` varchar(255) DEFAULT NULL,
  `field` varchar(255) DEFAULT NULL,
  `active` tinyint(1) DEFAULT NULL,
  `created_at` timestamp NULL DEFAULT NULL,
  `updated_at` timestamp NULL DEFAULT NULL,
  `deleted_at` timestamp NULL DEFAULT NULL,
  PRIMARY KEY (`id`)
) ENGINE=InnoDB DEFAULT CHARSET=utf8;

/*Data for the table `settings` */

/*Table structure for table `signs` */

DROP TABLE IF EXISTS `signs`;

CREATE TABLE `signs` (
  `id` int(11) unsigned NOT NULL AUTO_INCREMENT,
  `name` varchar(50) DEFAULT NULL,
  `description` varchar(50) DEFAULT NULL,
  `file_id` int(11) unsigned DEFAULT NULL,
  `created_at` datetime DEFAULT NULL,
  `updated_at` datetime DEFAULT NULL,
  `deleted_at` timestamp NULL DEFAULT NULL,
  `sign_data` longblob,
  `user_id` int(11) unsigned NOT NULL,
  `sign_type` enum('Signature','Initials') DEFAULT NULL,
  `sign_data_with_watermark` longblob,
  `is_default` tinyint(1) DEFAULT '0',
  `deleted` tinyint(1) DEFAULT '0',
  PRIMARY KEY (`id`),
  KEY `file_id` (`file_id`),
  KEY `user_id` (`user_id`),
  CONSTRAINT `signs_ibfk_1` FOREIGN KEY (`file_id`) REFERENCES `files` (`id`),
  CONSTRAINT `signs_ibfk_2` FOREIGN KEY (`user_id`) REFERENCES `users` (`id`)
) ENGINE=InnoDB AUTO_INCREMENT=62 DEFAULT CHARSET=utf8;

/*Data for the table `signs` */

insert  into `signs`(`id`,`name`,`description`,`file_id`,`created_at`,`updated_at`,`deleted_at`,`sign_data`,`user_id`,`sign_type`,`sign_data_with_watermark`,`is_default`,`deleted`) values (58,NULL,NULL,NULL,'2017-09-13 11:44:57',NULL,NULL,'data:image/png;base64,iVBORw0KGgoAAAANSUhEUgAAAfQAAADECAYAAABp29OTAAAABGdBTUEAALGPC/xhBQAAACBjSFJNAAB6JgAAgIQAAPoAAACA6AAAdTAAAOpgAAA6mAAAF3CculE8AAAABmJLR0QA/wD/AP+gvaeTAAAAB3RJTUUH4QkNCCw48ZZaowAAYlBJREFUeAHtnQecJUW1xu/M7BIVEMGEiogBxYAKYgAeZlFU0u7c7tldwCwqiqLPgPJ8oqLoUxFF0u7M7d4lKGLgYRYD+kwogqCYUUQkI0FY0vt/p6ru7Zmd2Z2ZnXDDub/fuVWdq76uqu+cU6FrNf91HgKLy75atqK/Vh/+SK3euLGWFXcSXlfLho+uDZ20sDY40td5mfIUOwKOgCPgCDgCvYRAfWTAspsNL63VR+6p1Yt7IPS7a1mD+LAks+P14QW9BIvn1RFwBBwBR8AR6CwE6iMLLcHZyKcg9Lsg89WISH21bddH3mDH6yNO6J31Zj21joAj4Ai0EQL1Ejcw4r/ZQyCLRJ01PlLLsNCz4o5aVsZQFvvIa+zhTuiz9w78zo6AI+AIdC0C2Uh/bUkxut82uYa7NtPzlLGsESzvrDjG3Ox5eUctT4Qut3vjtZayejxvnpLpj+1SBOrDfSiNC1DcByhrCF07g2Pqfpdm3bPlCHQ/AvVKZa6XD6WiP7KZ6boPzmpiMVORrEiE/t+1HFd7IvRcljrbidAT8c/Uc/0+jkAGmfvPEXAEuhSB+nBwr2fDu2Mtfh/X7y0M0roDUrkQLX4fy3Ud691/M4dAi9DfEAidEe6y0BOh50VwueeR+GfuyX6nXkag3ghkfsCJG2GVv4Y6fipyeq2+4pDa4nLT2iDHJf5zBByBDkQgwzLPkazcEDK/1Mgl9OXSn2uu37up8NsjuOgaTuoz9YqzIo5yL/JaDs55cWdfInRZ7FnxSnuUE/pMIe73yfC0ZQXjY5bfC0X9h+YJCgMxNWZDcpaB5Mq7lxVHoEMRqFPB9as3nmAVXBZiXt5txJ43bme/iP2oeE5wE9uG/60XAonQ68VLA9bFXaMIPW8cZPfPvQ99vXD2i1sIpAGW9caqQObl7YR3IrdF5f03ocytdAu9hZrHHIEOQiCLVnfWeGIgdJG5uX5lNTKdqqG50X+sDa7cqJafgpXOYij+W38EEqFnxfNE6JB5InRc77LQyyF7SF66ErX+aPsdMga+6Zc1lsV6vjopkmxr2uSVuNp3oe67J85LiyPQsQhUCd0GZxV3R0tRlrlEpE5Y7Gl5TA1Dx2a4TRKeR5d73njmuISeF/tbStN5bZJsT0YHIqA6LkW8PvIg6vJ1lLe7osgTJwtd9fw5ljOv3x34gj3JjkBCII8u97x4oohF7vZA6JpCZYQeRl1nxSftkjSYK13v4fQQaFnoTxXuFQtdja0UqJdFvINlNb2n+FWOAFZ5c7zGl2IdD14g616zsnZMLGthsSPHzBFwBDoUAQ2S0S9LhJ4s9Oh2D+44EczvakuZs6qfBtH5b/0QSJZ3Vowi9L5gPUmxerE9II+Yr9/T/OpeRaBJ5o29I5mH9Q5kmQfF8Ve1fOVC4gPUca/XvVpOPN9dgsAEhN5yu0uDL9XHJsvx6ZbrREZdAsG8ZCNhmCdCD4PiWoRevNCxnpc3010PHdKodqY+ZsUF1F+Nj4HIbdCrCJ2pqcUuluFE/N2S++bCOQwq1WDAbIV7urrl3Xo+1oJAcrlHCx0iN5f7KEJPrrm8ONq0eJ9KtRZAJ3loDUIPg+KEPw2tPCLPszt1W0M7SXj8tBlAINXTrHGAyhRla+zUyBNiGeuugZf1FeN7Ghb56P0ZKFV+i7ZGIBF67EPHQhxN6CKX5AbOil8zZ9pdczPxQickdFlRhnkg9HTeTDzT79FbCOR8j2GIAXF58XOs8kjoZqXL2/YvlMYHE4a56d2CjCxz/eorNmHhnDcz7fZjWOjvr2XLg3cxWz4+2XdL/j0fPY7AGJf7Gha6kYv1p6sRoP+t2MkQE7H7b/oIJKIe3YcuZSpZ6HsEnOOApuk/ya/sRQRS+cqL51Bnm9Y5CrvqsJT0T8Xy1T3WuVa81KI49eFtCS+2TxLrs8RaSyN8kniZ5bk+7G1XL9aJnshzstCbLvfxLHQj9PQ1sPcaLj7aff2KR6vBrQ6KizMMaISyYteIszc+64d0b16dumry4ouR0O+IyqIUxlspX9tBeFolsntWf2wunDP8cZuhk5f/Jp+0W41bA6mPjFhhqDd8NH9v1ooeyHWq0HnxhFjx13S5aynYNCo2L86vZWcM4MLrnoZgPl7zugn9SZas5EGZjzT6MzsTgVRmssYjqbe3R68b9Tpa51mxyjKWymBn5nJ0qvWluIzlqRcVG0Pef4TIw0DejC4GLY5Vb9xYWwwe+g36dylGg+db3YNAi9AfFwld7jkTbQcRoRupUzmK1cgOBkBqOLoHjbnLSWpMm6PcbVCcGl1hrsbIMZ67t9FdT0qD4fLiqFinZZ2rToc1DvLiaZQvWefd4/3RJ2D1q4+QN62foZk5tFnBQpfb/Qw77gvnGAz+160ItAj90SKSWPFbrl8jmCahh/63rHhbqBz+JbBpF4vUmELoInE1tkjyjtyOAvUQu7d7QqYNcU9eqKVbl2CpZsUm1Oe/VMoWI9xtQNyPQrnqIle7MpQ+M1xvaCYOhkcZF8RqsBKeLZB1gFnm6byeLBye6e5HoEXo29AA3DCa0KNV3iJ1zV2V1ntebQkDS9xCn375SISeMQ84EfoQhD5kmN9Gg/RAu7kaaP85ApNFQGNbzP1cvKRZrmSdD8Upa1mx1G6VrPjJ3rfdz1M7Vi82gLwvpl2KFrqI3dqrK2v5yGYh33xxzn+OQNcikFZ9y4rNsAr/JkJB7orEIvKuut01oEbCV9jK7QyTuvelT6tspBXg8nJXdWdEzFuEXi8CofvqXdOCt1cvohwF13NWnBk9PmkwnOrxVSiKW/QNMR+7mxTF9FnneuMpsb2ijTLFWFa6SH3EyoO723u1WvRgvl94puarXmQuutGE/ne03lhBYiUJVvobQiVxt/t0SguNrTW8hM8E9xahW18nn7PMI6EnhWs6D/FreguB5DGrF/K23SSlHFE3DqRuivlxBki3fcFPbnTrZmgcqboEmdM1aG2VxqLIKMFbYd0Q3TNFr7dKtud2KggMDFHY9WMEO5U/9efSp2uNwGch9KtjRZGWH9zu9eJbtX1PR9P3+ehTwbp5bstCZ55wE3MbFAfut+E+dAu9CZZHJoVAcqNnxaGmmEciJy6vmuruznaf1N0zqZt2wEkic/2y4oexnVIbFfKc4ZUYLLeoDTEIUNP0/OcIdDsC/UtiP21e/MK0+jBAK2n1b4DQz6OCUElKBmsZoWtu512MHH2YYZNcXt0O1EzmL80Tzoq9rPGVVyQOigNj+tAbkdBjYzWTz/Z7dScCSyJh5cVPYlm6k/qswXAi8/NrB5yBF67LusiSVyIzr8S/yKcMEpE5Vrrle6W97G5TYrqzBHuuZgKB/iVxjWOWiIyEroYgEfrBrLL0CghGjUIQc2M1roHQH8A0ETRfJ50pv4cs9XWW+za9IsE9Koy1IEYcFOdWxZSx7cUL0uDWrNyB8rOa+mvjMShb6kNXmTrMYElWfLdglIg6b+yl9om8SjFWKEIXsR9EXdIUPXe3d8s793ysHYH+JXEKS16c1zdklUIfcUiE/h67uj5yCBXjTOTbkPvHWSs5LNIgQvff1BFoNkRFZg1RGIVs09bYvgWcH2A39UFxU8e2F69IhJUVhxmhSSFvKoismJYX2xosifi7BaOcVd8yPIxZ44PkUUrMavKfuhiYslY83LKaLPluybfnwxGYEIFUybPim7HvrUron5nwOj8wfQSaDXB5UHS5yyuSRrnrwxn3s5s7oU8f4x66krITVm7Mi7P7g4Vadbf/oLbfyj7KWfet7qi+cf3y4rumyIQvyqUFdH5FPdqA7713X757qGx7VqeKQMtaPL1SKcLgt7z4kt0ua1AxWFkqo3JoVKk+hOC/6SOQ1sLPikNGEXpwj15LQ3TfgLu73KcPco9cmWZCZCNaTOZKyD2Mbm92m5VHGBJdN7o9jv2pM+gtL/4Z2y4b1c+2RrefEPLdRSvi9UiR9myuDwJNa5HvnasfKrjr0mCa7+jWTQtgfZ7j17YQSJjnxdsioauv0/r/eAd/ZUTuvexkt9BbmHlsfARaAyyfTlnSGhJpgKWFlKdn2YVJcR//Lp23N+UnK54e261q/7kIfSjmuzf7z8P4pgHGOGGAjWCMxU/Ldt6b9hRPCYEWubzdKkZOP1RrdOx5ulefvqvsv5lDoIX5EWZZBCUqLejDpx9XhEZI82f95wisDYGWtyd032j8S7P/vLiBRaC2sMu7TTlMdSgr3hLbLSnFqf9ci8psb/nutpH9aysL6dhE330f9PYkQdS9YaoYefGOVDH6W4T+f5bx3Al9RgtAC/P3mYUeGmGNXWCEbvHTGX2W36y7EWiVpZOaymHoS9bo9v+D0PubU1O7CQl1IagPPS8aVS+X2jDkN3QLbljLTw1fYeumfK8rL9WByvXGHljoy7DQn1fLV2xsl05E9uu6rx/vDARoBMwaJHx7qhiB0DXdpTRCZ7lIt9Bn8nWm/sy8/GAgcbOqEqF/W4/qd6/ITCLetfei/ITlXhnvgmV+T6y7slY1fesUZZywe93OefG7mFdc7mPnn3dxvscr0fXlTCPGtV5ffn/C70PkYfnuOtOO68OXIjvg/dM53p6Ph19X7Gtp+G+NFeOOsRY6+70AzOTLTphnxYcNc1zuLSWqOFuPonEKDfVMPtfv1V0INAfENTbGKv2byhLlSF03phyikNuXEdnfXYSepqFpWlpe3Ez+NBiuNSAuL15lLzrVs+566xPnps5Hs/TLhl9iZF7X1+ZQcur6/gbkXh8+0Y7XR7qrPFim/C8gkAp9Xr52tIVuritz//Yt8/nmM1pcmpgXxyTMK41wIPT0oY0ZfbDfrKsQSIReL+4NoV0nCx3R9MdA6Fn5PMtvWsioWzKflN282FsudvKevFvBSs+Kp1pW03ndku915SMtbztYPggCv76WmYWuD9RoZU9kmK6IYkObu+8Lgq0LzQ49ngp9XuwXKod9F10VQ/25l9YWlxtYzrptUM18vq4WoX804KyFfGiUWNiHd+AW+ny+m056dstS3ZHyo0VVZKGL0MMiRRkf/9Ev1fFOytva0tqqPx+p1B/ybPXnnxDYRnZ5UnjWdq9uO5aNBG9qvXFWXOFTy3YH17st2T38aMtyPZ7Xbfnv+fykyp4Xu0VtV41BJPTy73yAZQvDqBcrx2wVjlaD9DE1wogRulW8vPhKwDv2jc5WGvy+nY9Aq+6+1MoRlnkkdCnj12KNbWWZ7DZlvFV/To1tVlCIwyj3c2r5yX0ox73ZZZWxep6s76zxtkjoq4URwtfn6EvPGvuEMuEf1ur8BmC8HKT+8bx8dCQXEUzQ8PPyJhqFB4cC0IUrTY2Hx1zsy4uF9pi8GG2hS5POyy+HY07oc/EqOvoZLWJbFAldYzFQxm22xF9wsQZS6yZlPItTr/ZZ0Q9J/Ty2WTJAIHUjrsNi3erNfuLWugT74KnQND5WzrN2JRB7xnoj+mWxDbIN/+seBNKSkFnxCFUI64cTodMfR0FgPme5vWU284FxM/bSWw3xJ6U9h8ao+R3nz9lzkvU1Yw/1G3UdAq1ytEx1FzK/g6VfbT0Dti+tLVoe3K9dRehx9cR6I6yMFzxcUmIgr/JW6tPD7D0nQ6XrXvo6MlSPhtcghpj6zk3JMWxWsy0L/b12B1ny/utCBBKh58UjArk0B9bITSMJfS7pvC6EYM6zlMg6L1ZFC0Muw/TJx09ZelJjPeeJ8wd2CgKUGbNCIe/3qBwZoWtAnAbH5cW5yseCA5mL3U2/pJzkrKaYF9ek+hPbqm9aVod62JvYGlex3RhCD+1LVgwbRqkN6qay4XkBgUTUrKxE5QjuujSoRoSeFY8xnFJBcdDWG4G+9A36rKh+VEKkLgXqUHtAt001Wm/U/AZjEaC8JEL/rBFbmP6oleLUbTas8wm7qy85EXrW2JS6crXlmwGBkdBfbiO4e1kZ1uqS+gJdbt/f+GXERW73YK1nxcVjy5FvdxMCiajrfGIxL25vutzNlVUh9ET83ZT3+c5LXlyike3W70ljHPq6ityS1cuN0ny/lw55PmSWCH2l1VvKEGEi9GOVjXROh2Rp3clM7ZXNQS//HQjd+oqvhcS2tBsk0l/33brzjGR98wVNETremjvBKbrfi0u6M9Oeq4BAKvz6BndeXG8VJFroikMywULv1T6pmS4nTbxP0aCeP4YGyTwjcVBPGQm9yxYDmWkc/X76aFIi9M8nQpfbXUoijfgnBRGhndM1cDUHfTV2lwJM/UnW+bDlsds8EtN5cYnQ8+JbgdBtnn4i9Etr+57WXd0w08Goa69JBJObC+vPFYKR+1cSCb2H+6Vm4eVvsWiV1qH+ozXEYSBTqHAZi2XolyrlLDzbb9kdCCSyJvyCylEgc02BtHr7MeUyndMdOSYXTUIvXqT2ifYq9g2XELyt7d5dXQzTeXFJicuLoxJG4KRBg2rP/83MpUfZbdMAuuk8w69pUwTiHNW+A07po/JfEDV9Daxh6po1DE+3lDvBzMgLBFPTjgm3RsKgnrBcp6yq22iwHh7xDiOUZ+SpfpNuRIA6Gi308qyxhE4D/iHlmbDLLPSYn6x8qcgKktLUrF/U6sfL4+WWp156IvSsODhgpCl95m2NRkMZ2vSkHOka/3UPArjoAnnkxQ/04hHrc4FgpNG90HLqhD4zLzzhmBW7CF+wDit7hZHJN0Dom0e8vXGaDOJSSNOSl5M5v4vOoewkQv9iIvRopave/peyShnrMkKPC8ZkxUvIY1oF7UB7rVmXKS+WqWn8tT6p+6rRhB6nsWXF0+yuqS2axiP8kjZGoELo3zdCD1NfqCwi9MZgePm+stCMvMKkFWfFnsKXhjh4QyB0tq+CnO5tz+m21b1mBLzKTbR0ZTbScq/mfBEw660yWrHQRxN6cK2+S2h1IaEH46NePATlV7NwLqwNrmR9cowSje72n7olghKXFUutjQkrUdK+NAfGOaF3czkZTehmNcpCj31xjUOU965rGObphYKjkRDh85HgDRGph0b4O7XFK/qwstzdvrb3k1eIe7CxoDZY3Hdtp3frMepttNCL8Qj97cp3V9Zb88qsZHpWcRJK3JPs/abR7936sqeSr2R5Z8ULAqHb9znUpRdc7nnxDLtdOm8q9/Zz2x8BXnR0uZfnViz02O9SvDW+/O5y3c3Ta2k2sHnx7oi1cDbliXCVkkXoWI/3fjTHNq3RXR95Ihb6MI36pcjVNOzfR/at7Xe65uH2hEKUygnheIR+eChLXeZyH69cuGU+GpVU/rNy52ihh669ZKFnxYvtAif00bh1yxauu0joxTfUF0cDITewkQwF4p3x5TvJzMQLT32aeXE8OMvl3pw7DNaf0SOapD8Tz+uWe6SuCuUnb7we8v43IjeiuirkekUa19cWj2xkWe6Bz0NWCL05KK7Sh979hF7H2+WW+Zo1PGGSNbT6pwyGROihGzUrFttFTuhrYtcNe3Ddhb7IvDgLMgn9us1+l+KI+PKd0GfgZadGGCIaiRVN84aj8lQuCVi7hT4K6qQEDTXuSwP+hUDgIvNCU5bkRlRDJflTLV+xYcAwfsRj1I26awNl0OokdXY0oQcl5z+VW1cOu+udTyo3TY9rYxvqRFx8xz64NZrQq0rypG7sJ3UEAlT6ROgnRkKXVpcs9PdYJlKj2hE5atNEpmk1dfqA8+KiSOgst6uVnDQA0V1ho96cvqyVrwyKZEa/X15eahZ5BnlnDU1XShZ6nItcHGPX98ho56QcUnbOlGdN1rlZ6IHQTRHnmCviowpVD2zkjehxbTyEOnKb2hbKir6gGfrQfa2LLi8Eqc82Lz6ItaiXXyX08HUebxjWvxDkcRRufeUGVLJ/qBFG0texNAfdF/FJKGeN/v5lnwujlrNC02/0Ja1klStMZK64yF1fk9rRLk8ux3SvLg0rFvoZowg9zJh4n7LthN6lL39t2UrlPyt2oF6YsTCK0PPimXZ5MuTWdi8/1nkI8LKDFp8XhxEPhD5UrlacApEsdP/c3vq+2tZglYfR0N5sjXBYJQ7Mi3/a9Bs9o9cH+STlcfCUhZD0pymDkcDNrZ7iKqeKy40oQv+uoOuVAXHKamWUu63l3rTQA6HHhWXcQhdWPfVLrvSs2FV1h7ZFdaVloedpHnqXfbinp17y2jKbGtC8fJ29/DRQKzSYR9ml6Zy13cePrR2BpBHnxQsizvq6nVnouJJ/UVsU51X36hx0DWSLU7FwqW9vJG1lMCx0BEbRzW4NVJXQNSDuwFrGVKYeKqeUHVPEKUuflXKIhAGWoRH/qApjOmftBdOPdhUCqZ1pTltLXsCmy91XiuuqFz42M6kRzItDmoTeGhT3aZ1OwxD62cde69uTR6CF8yB4thpgujkgouW6Efj3Zp8nbsK+ZbFLIi9eCh7/VH85eGgsR5ynbxb5tRwzMgfDRPBXsyDPfexF9JIylMpKXnwkYmJdZYojnzA80jm24X89gUB651mRWbkIi1epzqQ+9LCwTLLkewKUXspkKgB50bLQRejmuisLQUHcCX09y0STrPPiWBF6nGKkRlgNsLlICXuP0FOXz74rtB73h8FJeCCyzOM61FlxC1b4Mvb/XMfUOCHpwxwn2qvpNaUzlZW8ODpiUiX0YwMmPVie1rOedvzlrXLx8kq5kHIcFOCsfKrlMfM2vePf9bgZaBWAV6kxVUOJpJHXX9Y1fUt6Y7GOcfGZoZ1gmlykpxO/pz8oTcn6fIk9ppdIyb6OFRuVrPFYGp8fRascS8IIm/5xU3Yupi99J6zwJ1bIXOU0NlD0CWo9916zOFr1dkml4U4j/j9p5SktAzpDZdhv0wEItMqFreVOPVF7nj62dTt15VGxbITR8B2Qpd5LYraCj1TQByvJRsLo4Mmi0CoArzBCV19c+ECLLKXzdJs+9U/6b/oIpClrQw1GuJe/jn2e6j9XRbsbMtrFbt4rpJT6+ZTprJAlcT24mDJJ3JQcbRMfrtUbwZ2eFyXbzXMUR863Mp9mEEz/DXXela16uyjhAmaqu8LFFilCIeo9j0/nvcmZTXGrXLyiUi6Cuz0v/0x9Cosv9VL31MwiPMt304cqxv7qw2vuG3tO2k5afFbQt2sNplaKk6hh+KlOG1ja/Qt1JDhmJUyEnvM1tby4UdjicjeMaYCvQGvexJ6bzpuVRLTBTZW/tJBR1rgfWJwRrHLrLxeRR0Iq/2VEn5KcjWzFudeKrBBZ5skSfbOdkhqxdH4vhK16O4rQwUb11rrKmlj3Ah6ex4BAqgt58V6VBdoa1Sl1UalcXOIwdQICQ6fcq1YffjrWyjNr2YrNLMmT/fpUsgqz4lnRQtcUh+gKxgLiN7DsNLfQ16ccJIuUKSNgLCLXZ1MTof9ifW7dMdcmDJTgvHgZOPxFjUwsaypvKndqdM5ledcdLF95yZe0UCazom6NUyiXwdXOKljsf5idl+be2kaP/LXq7dPBRg228AuKTl5YV1ltSfxOQ49A4tkEgVTPWEHQ6ozaGSN0U/Sc0Nu+kGQrBiHzv0Dm9+BOkVxGfJmlWy9XmvzaGrzmUoHFUyKhS6uLhF7+SvdZuMxd7utVDlpacybSMq3ZNGcb/PVZ3TvNK16v57Tjxbj2yHNw/WbFFjQyJxsGgcxlPZhVTngX5fQDtUUnhgGYwiyRVt5YyXVGWJynueci/q9bdlMD1o55n800JW9OZl6f663utgj9XHv0Ejwi/ustBJIHLC++GctEldB/HMqFe1zbt1DUR24yMs8aLInJ2tb6UIUR+8jL10i0GlaNbkyLnOiEROhYOxSA1LhSCIxsLtQpC5ZNsV9eF/mviQAkFAiNEcmQeRjh3nQvF9277nZ1kF9WPJcy9VuwkFVuo9RDGMuZlnfl17f0DM0n5/vWsczVh/W967+IxOP5yd3+RgM4KUtNtHsk0iT0cjOwSdP5EjY/6xEUPJtjEUgKbl58J9YZEXpQgrPic3Z6avPHXuvbbYDAYONDuCX1xSlVZhG6RAOt2Fd+j/Aw5LFrpPRAtPdgBW0QSL7Yhgb3dl5+tNDV0BYX6boND1zlmv4aAE5+B9a3WZ3g+5UmoTeXfS330J3APVimk79t+54ZrPKQn3qxJf3kn7ZytaZVrjL2mdpg496WGZXHPBJ5+u551thJ5ZrrZaHL3S6hjJePt2vW5n1qX4TWP2VpUFO93AQ8/hHHIqjxFqa/7dsnetXSeev/RL9DJyAwPqGnrpj/sSz0qhLcCe/P0pg1jjYCD5VZ2lggd1nZInYtkZmVvyT+ScJ9a/VymzXylhVbG6FjQdIopEFxF3FtP9uy6unLjIt/rHGx75gQAb7j3TekfuCRjcH3NyJ0JPafFzfzTraza7uFmFKDokzl5T6Unz+JZJDkMrcBOsKCYy9s4la9zq6Nc6jz4tWcF8qk3PLmOSou495hIGEvE1be/PTx1yOhr474/Klv/5VBoeplfJqFq4ciqR6NttATof+3IZEX3bGUt8q2RPVAHGUGgYwCPKLNuLYrYl3QOpdr2pLPBk/rt5eUDR+Mpa45uxC4aekicr3I25DUEGqf5CbkZ5x7CnIoGduDcGca2VujBRkJvTSXe7U6mLUpi7MFksheffUC1Um/CpbiTddo44FJYWIOeiL07hmkwvvvWxJJpF5oBPvySOSQsXXlpO4cKZnHouBsZlCZsjhOX29qdFiIh3uJ0PV9gdgwlV8J18YvBdpGD/6pDuqXMb0vYHS7QuSy2gGNdMy9a71UNEYRevK2pnpTdC6h29cXxTFNcp45j2ZLGQiG67yXl/TJvOx4+htHXgaxi6j/Gis3FVwEbySvCi+Cl9tSFb8q/2bbiJ8GGGvKjl0JWTNyvnxEbfHKTWrPOGlSjUP/0pG+fkbYco8FEu4bxTSnoB2ZhmRuf2lY3asItCrYC4Ur09U0/9xW4mP7DJUdtoNSNu8FaXoJgGgDeejyvMjZvgwRCae+clnnKmu/R/ZuPiVh09xRiVAm+vajXOTFt+O95E4OhJ718Mp6FYjAJo3NKIgLb+syI/7XvsVO6FWoeiae6tT4FvrRhkMqN+0Kiowg5SPyRt/SCTzDi4ZZe6V4AOftgOyN1OG918EnHyH+ceKfCGH5ccIPs/0qROc8D3k0nurNx4VAK6NOZGiMe8Fs7Bw7Ta0+wlS2xu4k/L3It8nQDUgkcGts1QCooZXlI0muUPan85qh3Ph/I5OXEH6ZsEH4bu77RkLAKXcH2Aez//61/U9rNe5TzCdk1y8PQBSUgTJKUAi0zfMGCAf68ApYiGJAiObWlKAcDE1QCKaYpvU93RQa3SQvDiWdlSVfrQF+lw6xvzNdYKnxUCayxnbk8QzlUV4eQlnkLas8V6VqWAUCEzThtYy0jW7ivgOosHlxud3Tymecf14v9tcjKX/TLmt2faf/pYY5Lw8HJ2Gueqw6/te++nAi+0kp4Z0Ohac/IpDqZGjzVSZag+Ly4vN2VjsZEKPJe2KrOxvZkvq+M+3GMsr3Mcg5iAyEf9H2U+at3Ed+a/JW3J7w2JVc/3OuHSF8A+FTa/WVm44qS4HYJ07XqJNnekMrxonY03Sf6v2zkftz7DkceztyKhm4KIChzKsBtgZBBSBI6OtVXI2yDbYJxzjPvpseQEvXca9bkZs553eEv2D/NwhPQo6H8N9K+ArCIZ79DOI78cwdiW+NlrQJsnE1qbMR33BJo88UhiVRYTBlIXgQSPMC8tRUIEibiARRV0Lsa1HBm0afi5QT5Qc8Vll3hvAc0iAv8MuK51teUyWcjYzPxj01riKt75+drOllbwHD60L5sLJSIXJVGBTL9BOm6/o1uykoF3nx93hfYXYn28LtpXaL8cr5uu7dTcdT/lWOxhK6lF/9EpbdlG/Py8QIpLZEnxRWXQltd+hyzYpfTXzhHByZLHnnWN1ZsTvph2SLk5EfI9cgkasiRyWuCqGM0yZ/ke91nRvP1z2T2DV/49ozaOuXwJf3a6ISPMrz6Em1AQNG7li1E7h0swYkXzydDMkN8R7Cf0bQRoFTBWqNeHAhq09Yi6VImqCucW5odCrHteRn8Q/Ou5znXkT8W8RRBMqvEOpFfoDwKEJ5GQ5l/wHEX8K+vQH8eVjpT2XfI5Bt2f9QPqG5Dfu3qg2y8lp95ayAPzBUmGIQuhTMY2CKAGlYQBoQc9cw4EIKAOfmpINPo5K3n5Hu6oC42yzNKjGdMo1EbvBkFSrdYTGin1i+QmWShZiUv1vI13uYUrmhTrXrJksuaYBgVjyZe8hzpPKYuokYSBgHdU5UrvXAXvi1Gu+9KHeqVyhS1jj9tS8bCV6fyWLeC3j1Qh5bSt5x1B2RlZTrROhzN2Yn9HnLMLJ2ccFBTEcd75cXD6IdeTbnvRUpkQuQG5AKTzQ5RW2LcZPKu86pyO3c5y/In9n3Q+TLo6X8Edt/QSBsGQbNe6bnqJ0JXXqte19DW7MC2a2ZdBsvthbvYvPE2Y4EgpH1LoDHtZJoDM5Vg0DGYqNsU+DezPlyc3yUaz9L+F3kJwhE3FyDO4CyFjLHOtY5Ak1uZxGbfQu8qQBUr63GBXx127wDo16G0ioiUf/hraTpOuRvXHMpcgnxi9l/IfIzLGPyV57N/tMJVyIFx48nPIJlMqUwvB5ZgjyL/KHolLuQ5+2RLZDNa4OsXDbVH7j3ZcUDec4tygd5TwPiLqwxEhnFYPyCPtXnzPb5qaHQc/Li4cgKcAvvPXhxzN0b9hVfA68wrSycP255mzDJ6VnMXec5eoZVZN6HKvC1yL3s2l4nq5bio/ch71hs7HBDZo0HG0bpnAnB9gNdhUBSuHP6iwPhqV5KGZbcAjk9fMbLBTN5uHc/YuTdNzTBNOe88QDO2RM5DNFiUb+iTlNuJyRva184r0rc8gRrhswXkQ8gGfIkZDsGgi6k3E/cDVfn+NDyjfAYPpL26T+Q1yLyIl+AwB96jrVpwgqDKykNhFlxNt3Kz2iWlawxKwZj8/7TirRcIBuSASzN4hyRDpIGbZGRcrtx710v7g0wW3LdE5FnkuFFyJuJvx0glhPKrf814hcjv0Wu4P63Ubia7ljiiRDGDaMSEI4FMgzkHtLYvCYqCHasGo95CQqEnpWuGxumYyk9Op7ieXkL8atI+5WEvyc8j3ydS/xs5FPEjyFv/0WIIlAMmjaXlY+iYG0FHmFqVV7sxnVKhzwYCduVwpXtqZHduC9jFnei/PWnQSnKT14cQb5vQISRCMQaDG2Dw+Xk/6CUGvbhjp+GNtsi9OfxPJ5jH2zhWVaxr6VihRHyUlJ7+RcVmr66eYcuB397J2CmBmlng2YC5b2XYevqvKf3nTfUtalygHVudfNO2iPqaGM/wkC+UwUiGIVcKy9kJO+JDJJs5D48Z1fOew1yCvJz5F+IymhV1IZIYbd9Oh7Sa3X9RrZ/iRTIW5Hn0r481J6/trRrmrBwCOlUWgdqS9ex2mnWeATYHMi5X+C6myppELGbIWr7suLTrMwauojr4xvGa0vanBxL/bxkpkrooQHVl8DCywukz4CK/gOnMeAsQwHIGrjF0aS00E1u/X4vI9yXhvoQwHof8Q8SPxpZwfZX2P4m8W/xsn+I/Bb5GyIXvcj1Go5hkRtJVgvI2uNjyby6PbqghftUyb0aH+/cZqE0ze4K8vAj8vpB8vFR0pmsc/Whc+/iTXq5hBNrlHPy9id4iPWTx2loOoXRoeThN8pHFBF5Us5oNFTQGRTJr38pDcb6WIbNRokBl6EBUIVPhP5PKnWw0Hue0EM97Bs6VZbRnyJWyW34bL0LymB7K4yWSP+bMQRUJ6To1YuNqIN/JZ5IPRB61vhfe1bW0IJia1qZLWubOpy6bGmj1lafs5HNec6TOWcZ4ScIv0d4FXJPbXSbKfKmzbA03UPZRIy4FV7P9k8JT+b6NxLfg+c/YEJcjLCDUsE1UlD6ybN1c054jWHDwlU6V0ZDVErWOF/fiMiKIzj+j5hGtW+qV2BJmjO+cZI1HhVwbENSb1qJefG/0YpVQ50I/SnjJjwVnABm0IKS1qZBZsS515oFZg30Jrljfz4NO9jYGC1qU0bvbwqg0gClIDwGoHcifDIhUj6NgvpCnr+IbRWwVyCvkrDvdcjhyPvI3yeQjxA/GpEi8X7kPZz3buSdyNu415sQKRuvlHAcKV9OXHIwz1yCyOWzPwL5lE8gfBLyFGQHtu/H8a2IhwFxwTpXoVYBDv0yibwmCcOsn0bFbZYHPSzk63tKc5QqkUsx+S7v5GnNdM1EftI97Nmm0YvQVamE29/ANHg+ep3QBXocdAkmhfABJywKcNLUHP2St8M2/K8nEGgOiCyPjnVmdQzvojwgjb1H4cA049qy4XV7uxaNoAQ0HsK9dkdeixyPnIdciVA3m21EaivEI9TbRNwptHVQLmD/MNe9kfZ6N2TrUWmqbiTiDRZ3P9esO63V6ycTN68F7vqqAlwvNMbsuFb6bTyPGTHs/ztjtXawW69N2ZnMs2f6HEA3LZ7G+UtNQpd7OLyk6LpbT01fc82TJlVRAngG5B+mpwEccdtmEFk5gIu6XzIwtA53yUwDMsP3I08XCFfykvrPbwCLrewxs1E4p5N+3klfXrHI+TIcafw87yFVTpGqyNy2eVeXIa9oPkplaKYIdgJCD+URSzSLYxlm6nnNTHRgpLUAz2d4X1VCf77lJmHZgVnzJE8TASMns1YfSJm4TuUCuRPBwkQyrVDZeD0etTUt4CUnqB4/GCX9sZzzEuJv4ZpPIN9A/ojcgoxH3qZ0q30QAYbQnitl4rfI6cjhHHsW9XfN55LVgYPpe1d5tXFeM9ieTBVGzWZKSpGuzYsXITciwjF6GchnVvwB43JLcJLFP3PG61TTO/b8ZJHRYJ4WiUf9vJHQ26QvTo23RASYRCCGwiutDbE56XGOuo0JiMrC2LimqUVpKRFNxYLCmBQL26eXW91nL1svvKk5mutnQM9P6bBjlt7Gw3CxpwFxqf/8B335CkbLt0EhwILrG6oQeWbehVIVMor6jxgwkrblGiuOZPT6lipHrHqn9zGzhTmRkKzMQFKxsbAK9Rfe+UZWhttFGRpboeZyW2VQP3XhGFbF7QqR58b97nI3IHrsL3lmNMUzTfcMbmMsZisfIqQbkEuQHyE/Zv8lyO+QfyMif8pRi6BjGyBCs/rYOh7vFxYmu4xrvsqxDyD7ItszSG789iGLbWj4YNjMW93r+8oD3ywM9cjGJNxEfkwxAgMpKsKwsOMJ7/V95kxcD5GHSs+8cXtpwTVMQ24v9OkhQ23YVzATmZ+teySyHiqeLCXJFCThCqbI0XosWIfGeLbSMNF99QEU3vnAslNblShr7My+kVhZlUZVXBG5QlVsCjBTCdPa87p31T010bOmsz9VjiahjxoU93fSEBZ/cEIXkae6u5saGL0zhWD0CoM+Ef503oNf09kINOtR4/mUh79bubA23cj6tlhOImlbW99U4qnbcpXTbxwIPYQ6J5xHKNIX+X8ReT/CoOgSqz52h41FTuU0GEAKW+3O2PPacTsvN7BkZXgkA35SaISVyF117anheJtwJAlLWv5RltAmoetlxg9opIajHQFvxzSlhpRRniJ03O2yzm20JPPnrX9Tq93NadLNlRQtuvTgsIDDmRB4SBsFlHiTyFUeKAOnU2h3SpdQuac3er15g3VEUllr9qEnQre0XE3Dkb7O1lkNwzqyPa3DydUXxpCofy8MitOHmPRL5XBaN/eLOh6BpHRnI1vjRn8H9fgiykTF+k4EbXUrEnYibguv4XxZ8V8n/BjyauRZyEP7Fk1geWvtjRZ5K97Z9TTMqQ8cmfENlBaph7qmQdz6pS9EznehSYROeHi0JtUw0N9rjfsBSh+N/NySz3yDsp7PBz9z1RCakgSh327Y5uW1TDPawm4/jZXnppUs9fFU31/95I3YXox8m/QlrVyW+G3RMrd9HD8LCR4aHmxlIBHItBIyyYtSWvPiOTxfCkZYuCgoF9fRuMQPu3R4QzFJONZ6mkYl6zfEoNHcFtUIjXJWLLf9TugGQ0//jZ0znY08nn7fZdSjI5FTKDenxHA58XcRfzWDLdXdtRP97PfpW3LC+C5zgSqFIZG3Rs13OnlPVFDSMtNZ8UrySB2zGT6p++Lv4LRFTdPl6mHmyUS3mZP9NOSmfRC+Qg18tCbNrUDizXVHoxo0lDlJUec/pH9JHOGfF1rIRphi9ZpL9BzlrjlVcLayGsYcDNSGKivmZbak4lt5p9XpZ7LMReSRxG0RCrnRwih8pVVjA+aCyBMWLULfVZWH50vZIJ1mMVxLWsK0tW5tPBIOUw3z4sKmazRrOKFPFb9uPr9qZU4nn2F8UBo3JBJXm9DZlvdUcEjtX714FPk2pTm2S0GBzuNCWjM9nmgqaWyem8iaxVGsYQ/uYevv5cUdbuelc5oXeWQyCIDnJS1CxxrOAp4UhtlRkMZa40qk+se1IALrIfNcI25C9YknJUP9QLfhyi45Z+eULwbLSeOeWDtPJ850mIg6K+7D86+KZdK6BNi+lfw8zB45H2mb6bzOxP1S3cw1xSY0NmDUiBjNTjmbiXT7PeYeARs/I4+dpmjZYN7xw/CJbEhbg16jF2juU9s+Twwj32WBy7upwYNqR9Umye1OF0bjEEvs2laqm7PctBoECJ0Gv0no6ldhWVR+7PeGYbIvpEVID4SMrjVXe+g/v4sKsovdJvVtTfaeaztvkAqnRSCq91w8sjEkvT9yTix8icjVP56UNb3fq5GPc85j0yNIr4h8/rpYIn59OX10+nKYKk/ALwxCyYt9LK2p3KaE92qYcNDsAyN06w/9ZY0PEUWceseS6tUy4PmefQTkpdCPxc5Uz2hH5cUO/ehZwwY60w63AU+2GoSMBCaXu/rRleijlAfCNkioUtIBv0SGWLuGYWv++Z9ri4uwHvz6uqvq6q+h8KSRrAmWOksY6kM7meZ+mkKmd6hBMIxqbY5Yh8hNyzyslg0354RyXnClpXvNV6ipcPrlp4nQL4iVJ2nDSvvicNy7gQyHVAayYs+IlTC6io8VxdkAbdCvZwn1P0eggxFo9aO/K9YzG2umOPJjy9kQM4jm/dci9P2jNXSn9aMHQp/fKVbzDs7UEwCGyTLaT4TeGhAX5ixibU7d+h3k07h1Bj7VRyDxqCmmpC0evg+a4b6Q+BcoWLcEIpcGqeUKtXJYGsFqobTLRbXFcSqG7tEuRJ7yY2mKZJ0XJ6jCgKMqT9SGfQR3FSrwSZbDDsT1ztXA/LOW46UJWLZBIzMqxb7hCHQeAi2efJPaJEQLbSWv4fmWoeSdndfcJQLKCpZMNZf7XZDQanMVszyq0sZ+t9An+5JaL/5DhuFQ+W/hSgFYFrCcomVZHwkNdvX5gyPbQO5LkVUQ+T8Q7q9n2HMgcVt7WM/UvutRAphDzrK41Z/SmbWDRllNVIy3MHw3eWBQnH0GMlWer9YW46FI5Xacy3tqlxqRIAsJf2t1OCtvRMl7sOGQBvT0FCieWUdghhFoecJeRj1T2yqvoebrK34F/etb2hPX1/u63slODSPLfUYCklWZlvk8Rvd3Qp88yk2ssC4jnrx4Debiu+36JYtqMresR8Ld9zMb1AZHduNLP++mof4GQoNNoTKxAsUgN7nVraCpgEkuRSDEMjTset6S02j88RDM1ZS5yeRxvHNaZXI35UUVB4mL3OBOro+EuejT+ZrbeM/r9H15VPqy4puhgaFMZMVLLFvVsRWdnk9PvyMwXwgkxTgrtqVNMuNCbZLaJ5OsfLwlbawHda7TC9kkl91jICBbnrRC6B9VepokNdeJ69TnZctlNf3CCD288J9EHCfv/sxiI10feSGW9G8g8Ujgicg1Mt0k7NdzMlZwCq73l9Wyk1vfbxdBzndBm8q7TK6rvNwKHBmd3yR1zf2UVhy8DU5WAdW0prvmFrc8NfvYweTtmAr+fq4j4AiMRmANQrcxZiL0QOoZnxLXL503+uo53Go1nozK5vvfYd50dLkXn1VKaFDd5T6ZV5KwXHwiH5gpLgNPWZcQbfmBgOMkuy7CpwD7a4Olvi53JYUkkTWE3VgdyF0EbyR/E8e/iryRTwg+YlQy9d7SILNRB9p/oy9neo1+fEYX0ZiAOKrUrE+bfcF+L5cBozRuY58KoVsXj2Nkpcj/HIH1QyARddNCT4QerfT2IfQwCpY50ltCPjc2Cd3IqCiFAvunPpBr/eDrzKtbL/1RENCtYHm38KRR/Q/L0FRwzIb5ZCy415kSUR+J5J1IvHEFZH4aBD7EZ/xaLnU9JMwhZcR6m/aPT/bNmjJC/3DW/PCIjSo1BSkvflrbHw/GUCT9yd6zW89rlTu5A283Uk8fjnClp1vfuudrLhFIK+7VG6pjVZd7m1roRujFjbjb09Q1WUVnCzM+YbrmwKy5BLNTntXs+23sCXaaPy0yv5wGNnzDO1nwU81PfXhXiP2duN6PgMifD9FvNuoW6jbRtIr6PCwEMyohM7iRuoKy4pFgmMZ0qB9dFYg5/Y3HkWcRvpdNwT6EYr54lQbG/cKUnqw41d6GD2idwULpt+pZBFJ7lBcPo45FQjd3e5sSet7YAhK6bgyhf18vcEH1y1w9+0YnkfFkgedlJjKPhG4NK/HpeTkWnzV+v7tGXUq6icTHQqwPPeiXF+ciIvPKYg6FzcBgv7vdA0bJ7X5icLsX5+Gt2aCmZYjnfeStvUX/cwQ6F4HmwjLlNonQqWci8zYj9DTiebC4Nw3mlSJ0yCd9u/vnnfsG5j7lKESBXFiGU1aSWUpaD3/IphZNn3jquN9tDroWk2FVOPWx98KvhecSKk7qR0+j3f8BUW3OflnpvYHH2t55C6uXx4bmBpakvI9dMl3P0Nqe58ccgV5CIH1NLW88O5I4RN4c5X4T+x5qcCRLft6wSZW9PrwxhPRnWZWQeiL0X89bujrwwRVCPymS+S2QzcMsK+4anvobVdnMV2rGwL0Qui7MStcUNnN5ge0hdtNEZlN/QvdckRqSrHgMONHVU96K4vcQy2AnzXDonjfiOekmBForxb0h1C/rBkxfXLvAsrq0HQyLZN0sbmhk9oVjCP3Sbnons52X/ugiBsevIeo/P1fP7FvSDi96tnM/S/dPfcB58Z/B62GLzNi8dPD9E2uWbwJ5MUCuxzE25Yd+9KyxKbhoDQLNjBi0t+IKzywVTr9tzyCQ6lBefNDqVli5MhkW5xkOQ20ynmfB0lPNZUmD+b1I6Gna2h/69ooNZYdOf5qzAtdUjEY2gsxtyhpE81Z7fioMc5aYLnqQcJX1meE+zlkVz6x0W6UpVKa88Q7HOL7v5qDM4jRrdLIid2y6qC54VuYPAY1F2ffzGo9yvtWt4CXUgl53s+/9lrBkxc9fKsOT+zXViR+Enr7fnZZ+/WPfcwPZz3ca2/75idAHZTGympn6V7Ly0ZZud3mu3+tLClGOiz14PjSFTX3pcnldzwyABzH4y0e8J5yy4rWxoTnWgE9Ev35vwa92BHoTAXWXhrVBHgl5Q+KavRRn2wRP2AsNmLQ87HyjRMNoA7YIz4gW+u0KsTT/TMLDYC5Ni/HfxAiksQhZsRGN6a3ID+3kNDpy4iv9yLoQkLKUlQN99da0LMrmnZRRRr3Ltdz4gt2iXTTkdeVnXcf3O5P8MsI/o+5NZexFOjfjc7hhMaKvR1zCCPh1PdePOwKOwJoIJEU5b/wX7brI/A7C1H9+BWt+bEp9w5PYJt+O7xsKo7MJTx/lch8q/8781ntZDp3Q13zR1T3JCq+zZrtpcMUr7XBSiKrnenzqCCTtNyt2BV9VJqx0GySnyqX+4oMD3o2FU795m1+h6ZCa3bCuX/ISDfE1vay4FvmxXVIf84W+dd3HjzsCjkBAQAvKmIXe2JIweF6DdR7anfgBs6bh2w64NQk9L1aNIvS8JAON+1oakwXaDgluxzS0rKNdIJhrEBUAuYHdszFT76s1z/8oI/Gw4IzNTwfnm9kXP5DQgXPT03oCdUapZ8XFEPiXCd+Eqy9Mh0kYhvUHJi5Tsur1y4ozkTtZhCjU37p72BKEHjoCk0JAU7qzMhgIWWN5aHNsho3mnrO4FW1OvXwo56idb58FriDx5HJfIUJH0qC4m0nodpb5dkrwpN7GHJ+UFJ682JqXvbc93d3tM/sSbCR3MdB/0Mn9YPwDuojULaT+dI16xxVW/AH3V5iqlVMR53r525C+oNFL+ZCrzoT6pe0hG40/fsVvrt9fbEidExnL66A8/QvhM7mNF4wCU90LaTnK6oHkHsyK13Od3IP3C2XRFcsqTB53BMZFIBhh1OGoGOukrPGGUBeb3z+nH93q1n/aPdptjAqNYiT04lPWSDbnoZOBrNjREu2EbjBM+m+oTfpTJp3gDjlRI94POEMa8YMhq8sQkR7ur/ht4oypbFnjyc3cqGyn7pDmzmlGpIlLSVMFrhJ2HFQ6pbvWGxD3mNUDqwsGZcX/hEbDGg7lUQT/U+Sg2uLhjZvPyldJgUBhwCUvhSK55rPGTuGaxq527njk37yJRxyBHkUgWOFadTMo31UY9I3zrPgYIsVYs2pkmfOtBG0XX68duDK0A+02ZRYST4T+39HlfoetGGeNZeMplsd200KqwLdT3BrVNnK/tBM2M5WWVBZzlM2w4Ewk9bDGMvv4Al35Fr4f3yS+vpfzsRqzlq3iqgJLCxcZ9uE2k2tNom0RNtKysFF4BwaWTcLCXcSKfhmLuWTFo7nXi7jPYoSBNOXRhF9Gfo5cwPFfIVjdxfYQMM+t3FuknuazZg1Z2akBSaHy+muueTNr+wfvWQXXPn3z3hqnkYWE/0Lehmhf940tqOTbo46AIaDp1VbeVa9M+Q4KuCzuVP9VPyb6sFNdS2qXO3OPDyKXc43qm8bsiNAlKNbljzm2RW3xmLrbLq+gQuiHmoXOKD5C+iaV+OLpls40KKldEu3p6G0EUnnUJ2Pz4ieQZlpqN7rDrCL+nv3vgLDD9MH1RaxebEZ9eAjP2437LiL+VuQ4tj/Htsj6t4Q3qw4Rt/SkONtqFH7G+R9BnkOjMPoDO9W01a2hiH3hjT04/0+6X5Rq/m5m37kcPxLF4FlIcK+ne2XFSo69S5t8TbG/b6k8DPIuRGskWCXaViOmMCkzUnaCopPu5aEjMFMIBOVZ3i6RbiBeI99IwKrbVk6tTMa4ymwi5RRG5Tye2z+dBbzq5dak4WnUk1cgJ/Lci5FU1xTehmCZhzrNOacyTTYMFFd9acdfcrmT8IMrFrr1S3Jsd6VZVko7pt3T1MMIpDI5dNIGlF1ZwVixiUytIqaKeQfHRLjHUXlVcfdE+Fpb+SjI/v58gnYL4vdDtmf/jpz3eO6zL+GByIeJr0J+CjlfyfYtUnRF1C1pbXOcZ1oa/kD888jhCGTLIMmp/kS4+tUbpK94O3JpuH9qcHhO6GdP+WT9dlv4omHP1UCerPg4RP9ABtdtMtXHV89fuLTR14eXop8FNhhEq0Z2AflHFAbB6rFGN+xvNbo6ns4HGzufbe7BVETzhNBw8/Ei3ZdzTcYcj4pGUjjMg8I+0mJdIIEIQhzFJe7jXnYd233E+/ogjxBfM+RerWPM6NF5pCFcVz02fpxnhufq2SGu7da+Vlpb6eP+zTyE69K1yk/IG/cwjFIoXDg3YhUILx2z/el4xJZjzffDceLpnYU492vua8XTeSlM96heyz7GXtn9myHjW5aQv6Vl/4KDy74NDmz0bbB0eOIBnNUCNlPx+qoNaosZhzI4ci/q86PJk+rzM4gvpS4sI059Lj4Dvt8mvAi5EUn1J4VqLxDV49CesP0drn9ZM5l6d+3600tW2ng5+48ldDKyZzzmhC4g/NdeCFTHduQjT6DSraTMolUni92muKGcrlFpVXnvRK7n3KsQQi0aYR+BiWTdImrqSIXAm/eOFb78J9f/gEbjWJ6/hHvsiJKw0RpAaWlgkZsskMmOOq/2fQ8Ob8S1e3OPU5Cq1R7TEdLbyrvlGc9AKaK/DPkR8bO5xwnE30v4DmQf5IXIs5FHIttwzjakb6vaAV04BXCNl+I75hyBxSWEW25OfZESjbJZPoh1F0K5y4tHUQafSvl8NuXwBcRfyPgQpKhz7mGER8Syq/IrBf0stv83yo8JVc7/imhVScp+q04oXpVKnY7Ga7Ve27mXcP4nUIiDl1pAaWBrtYtszsGbxAOlZdlpefEyZVIfZ0H0qUoBsKeOcY4TuoHkf22HgEazy9JLv7whzfydyP8ht4vMg6xJypVKrdkdgbRTOIrEwz24383IhUiDin0o4W6EW6VHjwrN+jTrdGC9GgE1IKmOpgdkxcbsezryFuQ05NfITUhstJJlEayM8fMfGrsWBubhuJlt5fE6rvk94QVgixS/RITnV5FVyAr2I8VyzpOr8lPIh5B3s/+N3OO1xCWvQV5N/l/J/oNpgJdw/iD7Xoo8nzgNNxgO0YgPFTsT35lzQ5gXT+EayZPZ/yRkJ+QJyOORHbnXY5EdEJHAozhve/Zvx/a2yEOIP5j9kEX5QLocHlSrr7w/8Sgr78f5FSlELlvzMaCtabQJbbZKK8yK+3P+A5AQZsSzQtsPDM+QIsQUw5xpTHmxLfJw9is9j2Cf0qZxFTuw/RjiEtKPlygvlRflSXmTPAnsyKvyXD4FfCIGwoS+XfDheMTHwl3Z/wxkD2RPjj+X4+BavpjtfdlehOQIimZ5IPJy4q9EXkX81YSvIXwNz9G7ei3XvY74Gwjfxv53E/4X4Uc4dizh8YQnsu8UzuG92/tfEcMGx84kfg7h9zj355xzPvELkF+x/1chLC4m/mfkSrZvJKS8FbcGKQnV3Uu5HKrW2VBOuWezHnNtM96st6Pq6/h1Pdwj1AnFg1iduVHpQwrkjSgRT64tPqnSppxO10CncGBqLKhk0UK/0wg9rBa3l9oQQG5lLjUqHjoC7YRAziIQcrdWf1njkVTQQeRDyBeQXyN/RP7FuXcRjhIalJvY9yfkDxz/DuHnCN9PqMZvD2u8q/dP8SX6KhyertAvPTtafBhAN8Bz1qiLAy89Rg0O5EUaQ2N9FOHnkR8j5MVci3cQ0oiFxpD70CiuRaqKzdh42laY4ule1e1qXMfX2CYtarxNKsfHntdq5BnbY9MUZXBorM9qRErbbYS3cn+6RGwcw02E/0JuYF8QvDBsJ7mO/UmuJX4tx0KoeJK0D08O+yQoOham7RvsGYGc9MybOOdm8iNy+jdyG9sSrb6p6cD6kqVE6b+L8O4o4V1U853iFkaMEoajjkXcmudVcEzvpHpdujbtS+dU96d91XN0fDypnjM2nrbTvavX69g40j/OvvHOG29fKt8xVN2+m3J+C6HqvOSHyJkQ9nGEb6e+7IfsihW+darKo0Kr07QrnfRrknVevEggicwrhL5YeWme00kZ87T2JgJG7MWChQd/efz+u0UjWMys/x5czHIzJ3kE8QfVFq2CmE9egzRHgSkFV4pwCMd/zqgLZngjWO2tNKzl9n2LbHpNyG9e/Ad5XIQMkXaR/kcRrK/ibOR7NH6IKQEoNeU/iF9FmyC5lu3bEBHquA3xOvenxlzXpwZ+bDzdm+O0QfYca+DTtTHUsep+O7dyjo6Z6Dztj89J59n18dhU47rXlK5Zy/nCId0rxdcWpmO6RvGUlmpo+yv3rZ6bjhkewiRJ5X6jzonPsPOq8XTdeoemXKKQlSjYxdWUr6vhGkTdYMUVyO8RKaXfj/Jdwq8jI8jHEMpveQzhe5FlyCJkMfIchHqNQl8vH1zbj2md9c+uvU6rDrXqdT+kP/f1ei31ePKHkvVt7ppCBewuJH0T/fW6EQAHt/zk7+pnOgLzj0CYhibiRda0bNeWwL4h9XnbwKN4PSRe7bNf28VzfSxMlwxuwaBoKM0MNmPO/nR+GfPk6417M5huc+vvrNOtkJUoPOUTue8u4IBVo2V4TfYk3JuGOCN8OZjJm/E6wkMIXx/lDRx/G/H3EL4f+QhyLOccT3gicjJtzArCYWSEeGNNKbRvJXIa55xB+HnkLORLyJeRryD/y7GvEX4D+Rbybba/Q3gu8r2W2MJEP2AbIT4Uw7w4z7bDwkXf5zhSKPwh4Y/C9bZdvZfOqWyX3w3nWUi80LMRhRYnTUqX0ld8i2d/k/jXiX+V8BxC8sCHsixPxVc4rvydFeVMQuUbYanuvDwVWYWUbBejpWS7iqPhN8I+RDiXkhXIKWzrHZzA+/kM258i/nHiHyY8ihCyLN+NvJ3tQ9l+Peek90rc3rHeNe/culheSfgK5ACOvZhy8hzkaVyfygthqTL0FOTxnLc9oq4L+tURzSYJsinK9cxOtzRPmtXjap1WvZ5ePZlO3Zr1a1LfQFbszosSod9thB7cc0fq+bwYJ/RZfxH+gDlBQJVXxDyeaPSqptKIILvlF6x5lBONqm56FmKDptHoJgO4iTle9ver0fOfI9AmCDCzog+lph9OYoZFkNHlWOXXvGXVUN6rWMfjQLaOtbin+iLSEPwwIEP9OiL11SJ3QDlGt3NCnyqofr4j0MEItCx+lJ+x84XNwpFVo0azKbQX1qBWQ7UbQapTnqrToYjbtKe4jw9FoVhwTTpnnJApbrRPA7jUW2G+krhJfz+r56GU9A8MreofULgMYYbBgiWr+iTs61uw7NS+BUsl7FO45NS+AYXL2D7w1L6Fy06L53I+5y60fTpP13KORNfofsR5FvcpEY4v1XO1j+lbS3mutokP4PHhXB2zdC0gfSGdSutKCCts95NW8iICq+QvxMEl5JtQcbBFERsHI+GXppM1saziKpwnuC6dP8FxkWd6xyG+BpnGclCZgmhlxbxdlm4Ux1BuggdNimZQopvlTmVOijeh/6aIQIvQH04B0cCSJqGz/SndzV7gFG/rpzsCjoAj4Ag4Ao7AXCKgRRT0YxoH2rFGhFYInakK/JzQhYL/HAFHwBFwBByBdkYg9Rfmxb0g7qtw9WgEpbnc2f6sku6E3s4v0NPmCDgCjoAj4AgIgTTCj+UhcbH/Uxa6ETohfRvLdQr7fVCcgPCfI+AIOAKOgCPQtggkC73eEKFfiTVedbmfqXRD8Ouew9e2GfSEOQKOgCPgCDgCvYBAi9A3htCviBb6HcTvQc4VBAuYOtALUHgeHQFHwBFwBByBzkUgudwXFRtC4JeJ0JkSAqGby/3C2j7xizmJ+Ds3p55yR8ARcAQcAUegixFIhL7/sOYXXioih9SN0CH4P9X2j19dSud1MRSeNUfAEXAEHAFHoHMRqBI1341uudy11m9xea0+sqFlzi30zn3HnnJHwBFwBByB3kCgPz81zkUvvlm10BnlfkUtGwnfdnZC743C4Ll0BBwBR8AR6FwEWFAmjGIPC/9jmad56BB6nQ816OeE3rkv2FPuCDgCjoAj0BsI4FoP88zDh+ur89Cv4hN0mxsKVdd8b8DiuXQEHAFHwBFwBDoMgRahnwy5Vyz08mYWntnWcpPWfO+wrHlyHQFHwBFwBByB3kFgFKHbtLW49GtxV22oeJIB4YTeO+XBc+oIOAKOgCPQmQjQZ24ud8KTbFBcmId+l6x1LPRnW670qUT/OQKOgCPgCDgCjkAbI5As9Kz4DIPf5HLXPPQ7FYfQ97KUO6G38Qv0pDkCjoAj4Ag4AkIgEXpefMIIPSwskwh9bwNJH6n3nyPgCDgCjoAj4Ai0MQKJ0LPyvWtY6HkRCN0t9DZ+gZ40R8ARcAQcAUdACDQJvXhdJPQ7Ky73lxpIbqF7WXEEHAFHwBFwBNocgWR9yxoPfegi9DsUR95oqU+k3+ZZ8eQ5Ao6AI+AIOAK9i0CyvjWi3UhcA+KahH6sAeOE3rvlw3PuCDgCjoAj0CEItAj9OYxql1WuAXF3WDwrSstFFleT65AseTIdAUfAEXAEHIHeQyBrhBHsWeO5LPV6N0R+JwKhN5i21oiE3gjLw/YeOp5jR8ARcAQcAUegQxBoEfqzjMRloWe43I3cG5+zXGRO6B3yNj2ZjoAj4Ag4Aj2LgD68Upes3BgSv9BIPStvCeHIOwwXJ/SeLR6ecUfAEXAEHIFOQqBlpT8DIr8Tgr+HT6fytbXyPoR9uODDN9M7KU+eVkfAEXAEHAFHoCcRyIp+y3fWeBYkfmytPvxM266PhP09CYpn2hFwBBwBR8AR6EQE6pHUU9ozrHP/OQKOgCPgCDgCjkAHIiD3e51BcG6Zd+DL8yQ7Ao6AI+AIOAKOgCPgCDgCjoAj4Ag4Ao6AI+AIOAKOgCPgCDgCjoAj4Ag4Ao6AI+AIOAKOgCPgCDgCjoAj4Ag4Ao6AI+AIOAKOgCPgCDgCbYlAvdHPAkFhnf6UwGxkAQsHMYthxKcjJkw8dAQcAUfAEXAE2hYBkfm6fiL2bNiJfV04+XFHwBFwBBwBR2BeEKiXgczrI49lPYETsNJ/RXgRVvn5yPHI3rXFy+/VTJs+javv3WflQC3n2pxlfiX+cwQcAUfAEXAEHIF5QiBZ5oMjO0Li10LSfAKXdfn1Kdy6fQ43bf+ZfW+v1VdsPVFKB4aKvoGhsr8Psu/LS4RwqBkOsM0xO97fx1r/fZwflIHSlYGJQPX9joAj4Ag4Ao7ApBDIcLUPDmulvx8EIi9vg7jvCoQ+EojdCF4kb3IF4THIMsj/WVjo20HKW9UWjel7n9TDWyctWLKyv3+oHGhJsYB4UAwUhjhKQSnFYIBtxfsJpUAQoiDkpUnrrh5zBBwBR8ARcAR6AYH0xbx6Q1/Mg7BLfdceMev8i5D8nrjfT4C8r4tkfg/kHYhdYY41n5e3QKTXQqoXIz8mfg7hCcixyLvZPphrhjjvxYRPZt/jCLfnvlvVhhob84wNZgvqhUtP7esfKqKiUEhZMCVhbBiVBSkPTYUCBaGlMJjSgLIwFBQGC2N8ttLu93UEHAFHwBFwBCaPQPpmfdb4aCDs8g7CROjPa94oK7Zh/9EQ8YWENxEasUPO90CCo2WI7bXLXRy/FbkKuYzr/0D4S8JzIdFziJ/FfUcIP86+9yNHIG9GDkL2Qfbi+LM592nEd0S2JT3bIPcjvnmtXm7YTPccRQaWlCgOpRSHqpdhXOVhrDLBdvI2DPRbd0T0OkiJqCoSUiCS4ImYo6z5YxwBR8ARcATaHgF9rx5XtRFg1vhZhdDlZv8HbvhNsZ4Z1c60teovKx/CdbtyPlZ38RZI9FjCUwi/jfwIwVIvr0Sw2s16DwQv4q8QPUR2z3RF94nX3kF4K3ITcg1yOfI7jl/Is3+BKD3fYPssZBWynO3PIMcQPxI5nPjrCV9FuATZj/gLuMceKAxPZXsntndAtiP+IPbdl7xuhmyCbFDbZ3jdMwOq2M1wfMGBq/oGlqxEkhei6WEYV5kgH7afvISw0sXBPvNOcE5STCy0bRQIMDHhPOvWQPlwpWKG36ffzhFwBByB6SGQPnObD98bAr8pEjrWubnUz7ebprnnIv+sHE3sEz11MX3pWWMLCE/k93BkFyzq3QmfT7gMORSSeAvyPshB5FoQP43wbMIfEMpav4T4H5ErkOvZvpVwNaRyF2KKgcI5Ej33FuR65GrkH8hlpOdSwguRnyI/QL7NvnOQzxMvCU9CPkX8o6T/A8TfQ/xwiPAQwoPZzpH9ie9N+DzO2Q3ZGXkc249GeXg48YeA1/0Jt6TL4l7s3xgcF9Re2l5TBxcMrewTwWtAJN6KsV4KKQprVzBaioadSz4VWpdHJWwqGOARlIqkZMhzwSwLMDMlg+td2Ziofvp+R8AR6EIEsjiILSvoPy9uRxgIV6wOhI4LXr/kkk/ZN2LHqmdQmhFLGs0+ZAPYaHBDg5pOn3a4z3J5DzYkLfehoX4g8jAa60ciT6AxfybyAuRlNNyLCOWKPxR5F+cdBQHI+j6W7eWEnyM8G/km+7/H9k8IRcKy4i8jvAIRSd+AyNK/E5krRWFtz1E6bkNuQq5FrkT+ivwZkSJxEek/n/A85LvI15AvImciJXIKxz9D+FHCowmPQN4Ffm8iPAQ8DiaUQnEA4V6EwnM34lIqdiJ8AvseSSil4sHIA5D7Qtr3Jrx3bbCxsJavnLWxD9MuN1y4cFkg84Ghlf0Dy0ZMySAfUjRMSSBuSkMlXEB8lJD3sdt2DXm3e3A8hK0xF0HZSIM0o5eD84NXQwqHKR1VL8dKVzrW50X7tY6AI1BBIJF11jgQ4taAOPWfIzZV7RN2ZkbDPdWfXLFxXjoE249gaTVFA89sxLoa0UrDOdCPZbcQF/JUHzfl8weX080wvAFz6zdhUN5mpGEr0gRpFdsj9Mlr4F75VPbvjjwfEtuXfUOELyfNr2Pfm5B3En8f532E+KeIn0zYIDwd+TLyDeT7iBSIXyK/Rn6LiJD/jlyF3IjI8r8NaRdF4h7SkmR1TNvNhFJ4pFj8LYryIsXi54jy9z3kPER5/xpSIp8DkxMIlyPHIMey/W7CDyCHIu9g+yBCdXnsT4j3Bk/FkHV7PIPt54K7lAt1fTya8LGE23J8W0JTMPrylfdlexNks9qik/t4n0HJGFo1r10hUy2TC5auEvH3qw4EGdWFsoBjkxJwqJ4XlI6kfMjjYaIZImH6KGW6PwnH8HK0FA+wD0oI+zln9uvlVEHz8x0BR6CCQIvQ62aV5xB6rgFxcrk3XmNnagGZefhZw6IGRQ2MhZqWpkFi1hDJFRtESoHNd68qB2G6G42gNWg0kIRYazPlPZgOHovl1RhZ2Jc1NgHbzcmTlIgHkp+Hki8UiXJHGk311+/Kvv9g+7lsy3LeD1lMXg4ifA373kRcRPgewg9wXiJKufeHEXkkvsixc5BvI+ciP0V+hlyCiIT/gkipuAK5Lsq/CaVYJDJvt/DumDalU0rQDcjVyD+Ry5DLkYuQPyA/jPFvEP4ISUqGFIxVbJ9G+HHCYeR/kOOQ9yIfZv9bFecdvJr44WA5xDZKXLEP4RK29yLcV++IkC6kchfOeybxHREpgtuzrTEX27CtwZpbEd6fUJ6NLVCaN+zPV25cW3Q6U0WRDvwNLC2C8pHbNNN+8kf9shkkhFbnqkpFMw4mFk8h5zaPKQ4+qU5HxcMUkFjvNTW1OUg0xK1tGKOEmFIyQ17CDnw3nuReRqBF6J+mwdH0MxG63O4i9CcbNGlaWxfh1B8UhKAoaO56sExoJMybEMOoDKiBkls1DiIb2wiN2U4NGu5dFAgGqy1Yelr7WDaDI3STNBbSMG7Eu8YzUWwOFrJ06aNXfz0CMSGPJ187s//phHsQvpBjL2L/YrYXIa8kfhDhWwjfADZHEn838jHO/TDhCez/NKHIcwT5EttnEZ6LfBP5Cdsi2ouQXyJ/RC5FrkT+ityIXI1IwbgZuQe5I4aKt7PcHtN6E6EUD+VDSpPydQXye0T5/TWi/MvDIYVLeHwH+SYiBUQi/E5HTkGWI8chn0CORo5CjkTeJgHPQwhfz3t6OeFS3kOdffsgL0Hk9XgO8kxECuNTkMdzjjwej+T9PYzwIcj9EBTNQgrnvWkLNkU2rA2VC2sHnNaRyscGB6kOsthVGNfRDzapjipcMJGAkxQM8yBamLoWg/EQDQqb1ko8eR9NIUnKRgiT10MeDtod6l1F2M7c89FF1DLPWUlknTXOobAll3sg9HrjqZY6jXL333ojQKOA4iCPQ5KmZREskOj6pCEJ1kmrb1bb1vCkcKJGaFRjxf3UiA0MzUEXxnTRyfBa8OvLtRZBsQH5w4JtbEr4AJTKLcnPI8DrQRDOE8FPXoynIVI29uScZyB7Ed+LcF9CEZiUjUMIlxC+g/C1hB8iPJzwk4hI8DhECsfxhJ9HzkT+Fzkb+QEiUr0A+Qki8r0YuRz5E3INIqXjFkRKx53IHUg7KxgTpU1pX43I43ETovxci1yNKI9/B6O/Ev4B+S1yEXI+IuXjPOR7HNcg0K8jX0GE42lIAzmJ7eOQjyMfZftowv/m3b2L8G2EhxK+mv0HEx8iXMz2frzrl7Kt9/lcZHe21e31JESDRHfgmMrAdpDiQwkfxPH7Eb8PcZQPKanFwhqKNLNz2keJnkTdWADpU1f7WFirT96PBZoCu5QuF81cibNXyF9YalsDYuU11WJg/nMERiHQIvSzzSrP1X8eLXQn9FFQdcMGDSBKRXWQFq7Tptsy9qlat0YYpU5DKSsmysSL8nDOggkkXR8sI3ktYtfHBnMxVmI9X1rfkpJxFsNSuDanAd0Yb4YRCHndFiwfSPgYwkcQ7gJWTyCUoiGl48XsfwHbg8T3J3w5+w8m1NgLkdl7iMu6/hDyMUTKxikSjski/xzyNeSryPcREejPESkalyB/RC5DRLyS65DrESkatyGdqmSMp3zcTX6kfChPtyNSQG5GbkCuQZT/y5G/gJ1w+R2K82+IX4T8EvkJZfwH7P82cg7yJeTz7DuDd7OS4yPIScSPQz6G/DfbR/D+3k78cOKHEX8D8lq2Nfg2Q/ZBwloYeUn3WLEH7eYz2bcr8mTI93FY3iijKB5BOd2KbUSzfsr7EN+slq3UlOANao/7ckcpH+tZpfzyWUVAI9X1yxqR0G1Q3GgLPY2En9WE+M17EQEaOzwWGnAlr0VUNIjT4LId+mkJW4O21McaRo+bokC8Gpp7lGuboeLrEK43RQVFA28GA9NkJbXtu3gBluegfcpY1ugm5H8L8EEYi4GQ14ez71EQ2mMRLNtiZ7axdMtnEUJA5oKXNXwg8VdwPi768jDCtyFHsv8DhP/Dvk8TnoQUyKnImchXkG8gUjB+gvwCuQj5DfJ75C/IFchViJSLm5CqgiFiHo+wO2ofGI1Kr7aTKH8xfhcY3k78VuQm4jciNyDXI9ciVyKXI39ALkbOR37Ku0TojsrLH0P85yHfJX4OcibveznyadrqzyBHsjbI49q2nHrC5gmBqoUeVn6rWOjFLpaqsd9Gn6ek+mMdgblGgAYaj0bwakQFIykeWO1R4YjLCtNwmxeCkD7V5NVAoZjc2AspHgNNWbLSVgwMAznLvoVL27ifFYVI0xfBh/72hhSMrZAHgMGDkW3B41GEj2Pfk5FngNuehM9jn1zr+yJ18n0QOL2O/W9G1FXyXuT9yIeRTyInIAXXnk74Ja6Vpf114t9F/o948lyIIOW5+Bv7/0EoC15keivhava1tVJB+kwhAIukGNxD2seIxjqZ3DLX9cGf1+4I5LF/XBb6RITuFnq7v0VPX48gQOOOQpHGYERPhikd0dMRlAopG1IuFJqSwHXybNjgTkLzWqSQ8ybvxViyKg70bEMFY58TNRV1oa16mbP40lCxWV9Wbg1e2yDbIY9GdgSLxyM7I7uxLcWCfvtiETJEfBmYvRJsDiX+TkT9/h9FjmXfpwlPRkrki4gUiu8R/h/hT5BfIpcgl7FPFvi1xG8gvJFQlvqdxFvk3LLmR+9b85zVXKdr74hyO5b7bcg9PVLsPZuTRqBK6BrZrlHurT70Xe0+Pihu0nD6iY5AryEAUeHFSN0mLWUD8kGhqE4zMyUDxUJz4IMXw8KKQsEx6y5hf1AyRns3Kh4MFBUGi2k8xsJ2GvS56CSmpjLAM2NpaAZ1YiRtRZu6NfJQlIsd2N6Z/c9kew/w+Q+UiBcgi4m/hmOHIYcjb2Pf+5ETOfd85B6muq7mvmqb05RiBjCPfLHXyprnd10IJOs7K76qgmOEnhd3Wzxr7GSXJ7f8uu7lxx0BR8ARmCcEIMDovQgKBkoB25I0FRXlQkpGUDSiUpGmnWmKGsqEpqShTDRDxSsSvRlJsWDMRRh3oRHqs5Lt+opH43X4K3JPED5lXR/5I6P431F70X/6KPdZAb2Tb9oi9JEKoSctcMiy5oTeyW/Y0+4IOAJzhUBTqdB8cykYSalIykSYr47hZOMsOK4wKBAWSqmIioWm4OnH0teQeQaRvxbZh0GRm9r+pV+fHSXCbu5/nYlAWgUuKw6iAEYLvWyt5Z4zqnY6S792JhqeakfAEXAE2geB+gTz6bVAlP8cgTUQSNZ31ngxhH5nU8JKcefY+XHxjzWu9R2OgCPgCDgCs4tAvdGHhb4A61wygLhlPruId/Dd0+dT63zqNCv+Fax0LSzDCMqscXUtW3Fvy13mhaiD37In3RFwBBwBR6AnEFA/+qKVCyD070ZCD5a6DZIbeRH75XZ3F09PFAbPpCPgCDgCjkDnItDqR39rJPQ7bLR7cLsPW8bSOZ2bS0+5I+AIOAKOgCPQ5QikPvKs2B5rnAULmLYWvrim6WvX8dGMrQyBOpa6/xwBR8ARcAQcAUegjRFoTV/7atPtntmHWtSXfpilPH1qtY2z4UlzBBwBR8ARcAR6G4HkUs+Kl2KVa61gzUVPg+P+wOC4DSH2fsSt9N4uKZ57R8ARcAQcgbZGQESd8ZWp+shCiPw3Tbc7awgbwdcbB1r6640FbZ0PT5wj4Ag4Ao6AI9DzCLSs9EOMxLMGo91LWel3893e39fykY1qGfMh3Urv+aLiADgCjoAj4Ai0MwI5VjrLFfKVok0h7csQyFyC+72OG74+8g5Lfr2xIdsscOCD5Nr5dXraHAFHwBFwBHoZgebguMarIHN90YdlYBtY6CL1xu2sWPSiUfD4l9hGweEbjoAj4Ag4Ao5AeyCgZQZF6ou10EzjO5C4vvKzGoHU7Us/kHrj6NpgsXtt/7iecJr21h458FQ4Ao6AI+AIOAKOgCFQZzR7voIBcsX9IPELIpFD6voer6x2kTwu+Kz4Jcde07zG4XMEHAFHwBFwBByBNkOgPhy+tVs/+QGQNsQtIjcSF6FD7JrSlrZHjrbUSxHwnyPgCDgCjoAj4Ai0GQKJoA9obMQ3eHOIvQGx3xitdFaR05S2Mlntu1nqfc33NnuJnhxHwBFwBBwBR0AIjP1UX3348RD6NYiWhRWpB2u93lhpgOX+nV4vOI6AI+AIOAKOQHsiMMhAuUGIOmsstARmjZ8Fd7stOqOFZyD2xvl2LHe3e3u+RE+VI+AIOAKOgCMgBJIrvT6yLQR+nS02o4+4NNd7L4YNqDTtzTb8zxFwBBwBR8ARcATaBwGt4T50Wn9t2RGa0vat8PEWrHP7KpsNkNOAuadYgp3Q2+e9eUocAUfAEXAEHIEmAomgX3IkZN44Hcs8fLglZ4R7Xqw2cs+KD9v5OfPX/ecIOAKOgCPgCDgCbYZAWtu9PrIFZH42VjgkziC40WR+Zu1VWjK2McB+/xJbm71CT44j4Ag4Ao5ALyMgqzw/Pcwpz4onQOQXBjLn++jmZrdQbvazatnJC1lkhoVonMx7uch43h0BR8ARcATaBQFb8lVWdtlym2eN10Hat0YyV5/5XVHkbj++tt9JEPnp6ld3y7xd3qOnwxFwBBwBR6CHERi7Fnu92BOS/lrsL0995sHVri+vZcVbDa2lp6lf3cm8h4uOZ90RcAQcAUegXRBI09FehLWdNfaGrL+IyJ2O6HvoTTe79v2OfWFFOPWZy6r3nyPgCDgCjoAj4AjMMwJZmfrJd4asf9ok8tBPzmdTbSS7LHS52o+HzLe0FOfFgnlOuT/eEXAEHAFHwBFwBAyB5GbPGksg7psimcsiR2xqmixykfpKiHznJmppGltzh0ccAUfAEXAEHAFHYH4Q0CC2+kqk3BKyZtU3c7FrTXat/Ca5Bjm5lo3s0kygXOw++K0Jh0ccAUfAEZhvBP4fTKZob0DUDQ0AAAAldEVYdGRhdGU6Y3JlYXRlADIwMTctMDktMTNUMTE6NDQ6NTYrMDM6MDCvo/xYAAAAJXRFWHRkYXRlOm1vZGlmeQAyMDE3LTA5LTEzVDExOjQ0OjU2KzAzOjAw3v5E5AAAAABJRU5ErkJggg==',1,'Signature','data:image/png;base64,iVBORw0KGgoAAAANSUhEUgAAAfQAAADECAYAAABp29OTAAAACXBIWXMAAA7EAAAOxAGVKw4bAAAgAElEQVR4nOx9eZhdR3Xn79S7b+lWq9VqtVqyFu82xsjGGAeM2QmBhASCDSGSbckkhC0hIcmXZCbJZJuZJJNJZjLsWwBbsiUvgJ0MYYmNMd4wtgEbC1vebVmWpVar1Wr1+vq+qvmjtlP16t73WpgYMl3f1/3uUlXn1Km653fOqbp1CYvppy+943KgMi+g6O8A8R4Q9UGpCZD8NMT8nyKv5bjqkueay8W0mBbTYlpM/45JPNcMLKYFpo2XCVx9MQC6EKA/AKgfgABhAAp/hFb17bjqEmDjpdlzzepiWkyLaTEtpn+/tAjoP33J9Bm9FIAEITfnOUASoCFz/pwwt5gW02JaTIvpuUnPLqBvvFxg4+WLRsKPMzmcplmQA3f7IwA0nwOuFtNiWkyLaTE9x+nZCctuukygIiQuv1i6axsvE7jyEllSajEdVaLwl8yvctdCkF9Mi+nZTBsvBUAZUJGABCAFVCXHVZufY8YW02JaTD86oG/cBuzYrIF74+XHAqjhyosfwZWXSGy8DLhycXHWs5scUM86MLeXFcEg+yKeL6ZnP226FNjxTgB2mgeARvXFtJgW009A+tEAfeOlAldulth06SsA8bcAzoZSNWzcugtQf4YrL7lu0VP/saX9+keJAL0FaVnTIqIvpmcxbdwK7NgCvP3TDWS1LYB4LQABtL4FWb0UJKcBAFdteU7ZXEyL6f/ndPTz3Zu2AaIisenyGiA+C6JXAOgFIQNhA0DXYuPWEwGS2Lh1cV792UvWOBqz3rifVgegFj2mxfQsp02XAUQCGz/Xh6z+DVDlUyDaCKJ3AOJjEK0rcNUWgNTic76YFtNzmI7+AVQQ2L4ZUPI0gE4FkIMA86cXZhHehSu3/Gh0FlM6KUwm4+qkcpthMS2mZyUpZHpaLfsMSJwHUBPasGzqSBCdBgAQ2aIxuZgW03OYjh5oKZ6rJRa+p8xc34hfvaIBMZ9j4+VHTWoxJRJhWv+4DtB9qUSTny6mxfQjpU1bBa68JMemrVuMV56DVM0MuwygEShsxoWXA7K1OOgW02J6DpOI/tDh1x/v2KKP81mhQ70tQBkDXT/YEkqeCDV7Hra/C7jy4ixRDwqO49+yfGVlyq7H6blQRguhqfO6Re5qOrirpLmvZu2FH4HWs5HK+jl1v9P1o7lfNIbLxnZZvc/GvTKZ/GSlTVsFlJDYeNkaAB8CQeo1Gy4JQG3CVVvuhpLCROPMdffbTV+k5N+NLijXUUefp9O9Mv471fls9PlP0rhZqHwX+/zoUld1aODtXMhel9EvUO0xxwQiAYAAEjoPVYBK7ZcBABvOj+vg50VCje+lrsd5UvUXtambjkgNviKAiOtI0Sy61t0gVOZ3vinbMRuAQg5AYPvmuHyRLGO+ingsGqQpOfFxVZS36H6KD55Hor2PeR57PyXP1FiPx1FZezqNiU5jNabdiSa6vJfKV8RTqv0FeQi48mKAxCcANcBei8zN7z9gx5absGlbhh1bbHviX9vGonu8P2PekLiXulaWp11ndc5TxG8qFbUhNQa5PFJjvtuU4qWberoZF93UmXqmFvv8J6DPYyUYZ4xBsQhg4OZslTTHZPO8CUCGndfmaK/P1hUDNBAOipSw4zzdGCYxzdRAizsi1XmpcvG9VEoZH0WDKM0fsTzkqyIS5hrlACQuvLys7pifMv5T8i2SXSyPontF8ovzpEA85r+I76K+fbb4LZMJTyn5ps5TfzG/cfky3uL7RcokxbfApm0COzYDm7b+EghvAVXs8ysBZFD4AUj8MS7cBoSvsR1t4nym+EbiPPU8xflSIFbUT6l6yvi19Iv0TdlzV3QvZSim+Ez1Y1Ge7vq8PW+RHLqRTzdpsc/b+Yz54ucd+zxVSUoZpM59XiUBElDcY1RSQCkAOBHv+OxLAMA8/LGlEiuuFKMpIcroXtyeuEwMEHH+onKpfN14PqlrsXIvytPpnkC1burRhpSyIXfrtm+/uIx/ey3m52it9m7k0+m8m3udaBeB+tGkbttp6aTudUO/TFap56Bb/rr1AtKegwCw4fwMSv2tGVL+npIS83PvxvaLcmzfLLBjc5ki5e2IaYnEtW55tr8L6eMi+YU6ZuNlGTacX8OGt9bQ/mpvEb+pY85fUdvjusuMsFhfpvIA6fHYTRtS94vK/Mfq83b+Yto/FX3OM6dSWQcGidIrriUIApkJu9/3pQzpzkgx2k3HdbIgY4uq27bKRN5YeEWGRKrOMsusqHyXQKXlTlTRWK5KvaVUGwrqLQSrlFxSxlOKJtDet0UDOFVPkfzilKpzIfeL8sV9Hhu8cV5epoxmqmxKxqnzTmMnrjPmq30cXLhN4IrNEqe/+a0QYgNRRRIgoFqmjPgnfOE37saG82vQ3nmR8V/W1tQzGiu2VJ/HXh065I9Tkf7xcrrykhw7r82x87om/PQCz5tyDsropuRc1laRyBPzGV9LjY/u+7ycN6Bd7v+x+ry4HalrP7F9XqYMyjv+wm361+E4e02KhLYVbEhYyrcAENhwAd9nPDUAijocKBdeqoFxe1J5UsedrhXRj4/LBlpqYJQ9YF0kpeVt+8P2TzudIl7iVPYQpe4V8ZtqVxlvZfVwYIzrKlMgnWgVPfBlx922N+ZzITRTCmehvMVlUwo3lOv2zcBFWwUqlT/2A0oB2micxtzkXwMAzrggBrv2utoNaZHIE/OZUvQpQCkqb89F9FtMb+Olus6Nn+/Fxkt/Fxu3/j3e8bm/xq988jwAEps+V8Y7Ete7NUDjtnUCqBTgpPKk6Bb3ebke4HlTtH86+7wYPFN98lPR51micnuzqBN1/u2bdShqflYgq8HuakIkoFTLgDkJQEkQTsWF2zZg++Z7DM08olfUCSllDZTzzMvF9SwQJEsFGPPXDSCnBm0ZX+3y0HKXepkCz2q2fVXP+sdZOrUrBtJOSiIFvGV1FY0Bfq2TPBdiZBWlonYWKY9O5VJ5Oj20z0YqMwAE7POp6HUgOstMpwmlpOZNqUvxpffvxhnn17BjcxPFyq6Idic5xvyg4Lioz2MjM6VjEvcIuOBjx0Lhq6DKaVASEBmg8Cd4xz/9Gnb8+tZE3TFfZdfjdqTuF+ndGIji4xjIgHQ/8+MiQEnVhcT5T3ufxzTidhf1T8xX2fWYxo+9z2MLCihvtP/lHqAFcUDPoxsc938koKC99E3BPHqqE1INT1ln8b2FKOtUu1P3ZPRX1GHdGgqdLESbp2yQ62S/yaJYlEXPderX1tL7ypQNUp5nIaDC5YOC46Jr3dRVdK+I1tG0IcVrEa2idnZTb2pMxeWL6C80FckXCJ+VcLxvMs+1lL9nxpPPR2IW87P/Cxu3We+c3+8kl1S+OL89F4l7neotM47Lx6f+5oREbckHISqngVQTQuQgzIIyQFRfq/Nt5XXGPBbpiJQ+iduPKE+qbAyKqTGU0imd+7z8uVloH/509Hn7eYxHqWfwJ77Ps+hiSkBlFgFQbZi89rU1eA9dKujQOwAlzwfwNyAq6sx44JVZKUUdmAL11IDuNOBT7U11fIrXIuu26F5cR6quVHsNgPMPtAjvoeuFSkVtS/FSJvOFyKgTrVRbOskxJc8yumXtLqLbbXs69RfnsVu6Rfc60Y/pdCPnOC+/nmHH5hxv/9SpIPw8UcUYjCqHXtl+Hb74vscQ6o2yuovopVJcpsyoLepzgWLaSFwHfnWbxJWbJX5lWwOq9VZjCddABCiZAWICc7N6isGv+i2jVZTKxkqKt1QfFz0TRc9bTKcM1ItlVD5W47p/8vu8WK8U0elEqyj9u/e5QHGFRQoU0a+Ekg7MAfi5c+InYgM2bTsZ2y8GNm0rE0Y3wBx3nEC74ER03GmwFXUiCq7F91OdVQTG/HrRb3ysUxQZca+rQYUe+qaOc+hFPKf4LHrQisZEXH+KfkynTPZFg7iszm7HUEoJpH5TZeL7Mf34L1W2E90y+p14S9GPefTpjPN1vqz+awAyE2aHUkpPr7WaHymoJ1VnUfuK+Gvnp/haik6KXue6rjJTh2r2bBCOt3tXw7QdUt6Aa9/7CIAMV12SqqeM57I+5te7GR9Hc79beXYai/+x+rxYV9vjGEtkIl/qPK6T0+N4EOvP+DdVT0qHtulfbmmXCaf4fH4mN5vLCG/AKo/j+r10qWmJXwLwv81qdx6y66S0uUBifoosvE6DsMgCStHt5rwMtMra1g0dn7Z7zzt8r4AAUA6iSX2a/NpaXG83vHYzyDrl6yaV5S0zTmJ+i+6j4LzT9f9/0n3XAmdv7oeSF+tP8bqHGADuxNXvuhtADd17KD/5afi0DCO7ckC9DVIBkFLvhmd2xMtnvwighuHThM63mH7KUjc6iGNAXCalB+P8cd4yPZgyRlL5izGguF5pF8XFGToD5Hbz7qnMJ6HkNKjS529GK2MBvTUscD6A/4Od13IQTymGIuGmjI5uLKSi1C2YpwyK1HlRnd3kK8vv7124TeqP4kAqskEQu3aBpHttbfvFqbak2ojE9U6y60aZx2OnCARSRkGZgdNJXgEPL9hwBt71G+/pPe35p60bGFh+Yr1ehyCCUgpKSUjlVxcqpRAvPmgzizp8ljZ9t+Rq8laHWhZQpiw/v9zMZVbLRH7N90dfesujh9dpGenmKgWcvX7J7e/80x++webrlnzyddaSMlR+o+TyUZcRU3Ot7M+//Ng7ZucVQHCbZWUVmvgvbzouH/7rB1/fBdMdLpVnKpZScaauyiyo3NHSK66mc5k0ke5oFTwnRCDzjOd5jpmZGYyM7G9ed+11uz7+sY+Mw+vC1ALilL4qAtz4Xlm5lDMVe+o8b6rOMudVAhAZuxhXVGYlSAMsAnNTk6j1TYDQB+ivLCrZAhT5xXG2XsI52Hj5Olx58W5svFzgyouLLJ5uAbadr3LQKAP/bsIeReedaHXr5XZKwo94sjINkzLaaNM2iR2bO9XHjaoiIE3w0DG6URQJOBqZlEUVgsFdr9fF+vXH4jc/8Nt9Lzr77NOXLu0frFarqAgBEsJgMdn3ARxYEYxlZMGdLMgrEAj+zPxaQ4q9aWDzwV4KChhi+i0ETcIaEaxOKGYvKLTx4hNp3sG6XzGYYq+SuhYQhflh6TmCUoHw8Ogzr69WqyDoFTCAQibExNtesv47S/sbIFDOTCDfBmYABO12vFpOlO8B3gj7rae2CqyAlZcJ+/GyV2gzHspsCc20AJS8Y+eBY3NVWZdVXTGpFMTqZfXvnbRmaBoKgkjbfkQRLd4/yu4JAS8LgLUcUdv9L/nMfri0ySDsPAJF+XnDE+UcT/oe5zGd0XDcnrF9LCVoatEo98Ak+4jTZVWQUqa7vXwSoyKiDTSbTUxMHMb+/fvx6COP4gc/uDe/8Rvf2Ldz533jJnMvdHTYgrndR6HMIy7Cnk6gz/N0cmwWmpIOMf9gSipj3FDP/PbN+vfLfziJC7eNQak1Zj5X51FyH0Crg3qVrEHJtwD4MHZ+sQYt1G7C1imwLwKThQAkL9+JB047Pi+WU/q3EwAW8kSAMAM6U1BQSgkioR0L1RJ6ryDEI36hA5WXKworpdoVl1tIXxSlItkCgHjXb7y79stvvWB4aOXK0xqNRpZlGSqVilOQVg3Ei/7JKgqdySI7V2kMcDigeogPgIrZBD5y4pW3U+imykAJK4BURKMdeT1j1jDhHzyM9aSxEshZC16VOtVo+ScSUJA/3Htk6NDM/FmGjLCgvnpZ/da1A43JZq6yWobctSbmgytkw0Ng5IDJ294ki9UEImYgOPnbthPLq+WlyPat7QNl5Gjb7+vnAlVGnnN5S9SrFXn3k+MvNUaWNWIEALxg7dJbAWC+JUU1q0hbBTm+WPvJyNMZMZ43Kxw+CgkKyo5RNs4UcYMnNBb8WPaGpisf9z3IHwbXnSmQME4QGpXMbHOPSBse+4eGjABcC+w/k4U9OUHn6LqVZ8HIgpSXHW+L/W21WpiamsKBAyN46MGHcPPN38J1112bHxwdnYbWF7NIg7f9/K89B9J6jR8XedhFQI/oepl+XYjeTWGMyxtvaxinIqUsAMjKRVvRumJLDqCplAIU/xKT+jKUugBEg6YLjEeZ/TKAj5qwO2ewG7q8AUXlOwk+VV+3qRvPnNN8NurlSdiHWAEN/WiQhNKeFJGQfBlDqjzKB+hCeXu2QLusXmfILV++XFx48Wbxyle+enDdunVn9i5ZUrMADoRejdc7BI6V5FBBMW3nPQAVoKOty6shLlirglwZpUJlxZSlsiDNQYb7K04vUlC/y+G1N6xJYNtrYdDRYoBqG5/wz12mZi5FrSLkNx44+HIp0SDS41cZYHvpCQPfAAi1Krn9DwJPi5hsKBx65EApbAcxvn15CutmQBzeZ+xz+Sl/0zqGGgtjyep89aySA8D+ieZZ5oYwcI9qRUy87rSVPyQQqlklD4aFCkHUB0eYkRS0xQCyM8qIgSdj2JUzMuNRCwKUMdCYtFzbGGOmOm5Z8RzMFAj6kRupzB5iPPI2c7Ja1rbV3hh1jwWTPllD0AJ9MJ64ocnp6XtSSkxPT+OZvXuxa9cu3PTNG3Hbbbdi9+7dyPO8CQ/gswjBnB9zQAc640/ZdGUqUslTJ2yyecqwoigamixXFnKPGWljUumor4CSGYmKXRiqCYnKvVDqdECdByAHCaHD763X4YJPHI8vvf8JbNxqP7lYFLroFFov89SL2rGQ8EoZDzGvZTwupFx8P6zDWq1K1YyHKAgC1nJ37lIBoh9FWohx1Sl/XLaIThCReev5F4jf/uDvbhgYWL6mWq1CCAHh3qqIwoMOxOCVpju3qoV8FgZAIQTDZwhO+blX1vbU1xG6M9bzYNDmQTYGPafszUnoqLAa+BmjxcMF3MuLyxtlXcsqORTwxMGZ1xiawpZfUqs89gtnrHwEgIDyfeYVsIVALgCmtJnC5hEKuGM7bikYui5fBJ6+DcrVzeVGwXFk3EDzZuoTRJA7n54Ymmq2jre1CoKUCmKwr3rP2sHGJEykQsvV1MfAtb03GKhaBpmhwUE2CAAxYOVtUFac5OXAAw5B9zJMVLFx5Orm/PHk6/YjykYM4Ctn801unPFh647bwT+kaqMN3pvnkS7bqPn5eezb9wzuv/9+fPv22/CVr3wFTzz+OKABmoN3DOaS/VoQt+lHdfjiaHGZY5TCtiJjIYWzRdHaVH0yDrmnGloS/zfvlBNbJGMHlcynIVufR6V2HogyDeYCIDUG2ZrFxstSDS9idCFhi26toqJUZpkt1CPt1mjotm4J/05gAwAIJEEQSkrod/yZtij3wos89YWmhciWpyIZAID45y9/Zc2qVavP7Gk0UMkyvdAFaAPYNu3ILsF4wU4BWd+E3feRUzLKXgUZ2sLpHKdtmJ4pa18/09bK+trKK1niMEj+ubFlGXB5Rc7m9D2eskarCPxsSJXJx9Fx3pggQN7yyKFjp+ZaJ+pbSo8rkDh+qPcmALKZq6yesfHF6LY7iQxUFc/JflNK3il1Oz2RAnLPvxdTGH9IitGJhF8h3PvUkRNaUjWE7TsjoONW9NwDQEcvMiEDzAX3ZEPDjUOZMmOAAzb33mOZBBEZXhvZVoVtoriCyFgIJGKmLWJ5xCmMvMCBdrsJQG6I23PPv0JYTSo6RPzHcyolDk9M4IknnsCtt9yC7Vdsw549ezA7Owt4b3vWHDcBTLPjlAcOdMYMm8quFYFv0Rx62ZR1nK/oWgp74lB78JvaWCZFPOm5y8svMttEymb4hgsA0Dpc/Rv/HRsvq0GqnwNhAKTuQXPyE7juA/sKGCtqTMqgSIUfyjqK11nU3rLjbvJ2Oi/jt4hemNdqSDnfqyoa6JTU+wAoKInZCd3W7V1vLNOJ5+TAeRZ+wX8/8NsfFK9/wxvWrFu3bkOtVtdeuBAMQaMFagYsfCg7clEQYZgJqVvE9Yo4dHGcHlS+jFVSFKEo95gseHmv2io1G86PPC83v402rRZilz+zc61ev/O5WgT1uzIuHhyG923t87kS1Yzk3U+OvxiAEERSKSUUlCCi/GdPG7qNQNBgHpVnoWMEovH9pZW+agN3HnVwc6bsdtu8cHvNrCfCUHWwjjA2lKD5aeZK1DLIxw5MnQ4AEJCQEFIpQQS89MTl9xGAeiYkL8cXtfHFYkHbAuC3DVXe2FHhWLbiCI0THr2JWm7oujV1nGTMg4rGraI4gBW0SV8woy6ILCBJiIKaXKvh5tKZgaysnCKeW1Li4Ogo7r33Xvzb176KG264AU8/vQfwYXIL3LEnzufCyzxwm4r0USfvvFM0uAhfkMjfjV6Mj1P1pPhs28u9U2P4Pa+UFaa5t2D2c18LQOLKSz4O4OMF5YuAMg5pBEwvMJV1YCePtYh+Wd4ya7Csw4E0b6Expd/hb0JUawQFpaQgYT9dSxKNfv3BDL3KvRPdorak2pA6L/stouX69t3vea94x8YLTx4cHDyxVqtpAIcHRfInCFyTGICZy8qzsAhu5DkEMM0sBObkB7qMr9D2YclUeNHlj7zLYLEWGJgznq0it95pMM3PIhCaXa/oY1wNCYMtLjJ0nPgINQPUe8fnzgIISkFYlO2rVx564fr+EZBifRm4ZR6E2hxVaxUxcGbyUryABZDYR2UGgpt+hopC1WHDAnvKGlIBXxpU6hnlAGF0snk6gQAJYbP11rInnrd66ZiNXth+cTaBpcNAOYwoWDDjEgIbP8wIiI1Kxy83XWytRkrRJLWbl/bScnXZxjsDMijKFkoqW3e0gt8+F9a+4CONeH+5DnJ0nVFg5Q7faa1ch9Lv/M538IUvXIMbrr/esh974XFI3X4BL7WgLQWy9jjWrSkntROwl4FynMp0bVG9Kd5T+YucYZlaFJcC8FSl/lyIUaXMoiwlzcItWgMA2LS1hh1bJDZdIYGWwI4tto4ygC5rYMqSKQJp3p6ilLKEuk3d5i0CuKJ6ig2JDRdI3HctANXLC+jXZ5Ud7D+uthxtfa7//uZ//F3jvJe/8sT+/v7j7Xy4UwghBrZ7B2hTHy4zr8OqxzCnV5p88RjcVa6sEJT0NZnfmLg94gDDybZz7IEHYXLccSC0wB8LxbbVKVt/IyBvQcN6+IGlQ3J8er4xOZefbAmTWe29elldh53nlahlQjo9bwBfMUC21EOjgvHK2+NuGakHi58s4CMWtDOkoqES5iG7gptfjftDn+8dm+2bbsp1XhT6dbWBnupDSxtZEwThYJTNmftqWZujVw7cojT+SpqNEtl+ZK8HBN4+TFRDUeAk87tBD/MIlrECFQuVe1GafKwhLh5g8hIzbH2437bdDB47lFT4xFiDQSlmhjC6zWYTIyMjuO3WW/DP112HW265GXNzc0A7iE9Hv7EXXuQ0lYWqEV1L1ZNyyoq87zIanJ8ihzLllccGQ6fIahtfRa+txSkOkep8F24T2L5ZoNXaDUFQkKbvJEDoBwDs2KIZ3XERb0iR4FNMp8IQqYaVhUW68VRTqVsA+1FC9Auju/NLxo1FLwAQiRzKyXQaxV9b64buQlO3xpL48le/vuaYY9acaT3xAGxjYLUegQtLt4cdnWfNy9kwdIIRp/6Ikt5GKsJrvSwf2jSK14aIWVidWyDu3XZTC2ybGB+WKb6iu80zAq/WRwSCvMq3IWyrcuDmlLOVjwdgoaDk7Y8cOj5vqX7LpCIIgHDKqiU/BIB6tSK55RFiLZOfxxbYbou9c2UBJfLofcjaABEZUIOtQwV5vCjYMQd6a5zYEDILNQMQBJLff+rwurwl+3k0hAAct6JnJ6CnI2oVku4G489R58aIe/WKGF8e9O2dIOpkj0wbPRB7fkNj04fQKWCMWD0RgPsL4JEm+zojAq/c5RLNXIpatSIBSPcYKssnM5BdFECT4X2upMTevU/ju3ffjWuuvgo33fTNIhC3xxzE7aI2RL8p/Eg5od0CeVxHmSdcBMYxnZTjmbqfohXXGbercAozNYfeLZNw+SqVAwBgFmjp96H1FpGgi7ZKdcUWXr6bcAUS94o6qxuvdyFAVga+ZcBdZDkhul9kMHWiE6cGQDrk7tcvTAC53stda78yOXfTB51SqfH39RtuHBoaWnlOG4hbEDSJ6R53heyrZVa7u1tcTXK1zk55daGGj8DeBc9dLYFyMlksGAaL2niYk/NnvRNrYVBEM2hnlPh8qX0nmyh835wdeKUfgrldMcxVfbgQT9+xC752H5pZb65KpRdjQAjMnnvC8sdM09072A6QI8AK2+HbELwjDtIeIJepy8tEaKIRbr7YtpadchPPk/Uer1uISFFeAuZyJeoZ5K5nJp9vSEtFdv6c5DnHDzxA8NMR7ZSsoOE8cG3kUDBkfXSEwbqdQ2drOryx5+UQgLgdUMrSsF51uyHny9kLbB4/agCfMoqNBgCyllX0YkAePWDGpu5CNs6MgKVs4eDoKH54/w9xxeWX44br/w1TU1NA+BrZdPTbRPhqGZDWoTwV6eMix6/M6YrrTaVO2MB5TdFL3S9zLuN7nfAHqa1fOwnDE73PeIuylUHoLzMJEgC53RPtA1gGtjGdNqtjgY0qohWHNoo6rYiP1L0U/3G7YpqdohJF1l0oE9mqKyIQVSSgV7kT0bS68td0vu1bOL9FPJVZkrHcUtfa5PjxT3668aKzX7yht7d3OLMbvARKzaSEl+L1WRhDDkLZbEMPXjDOEr7+YpNV8kwRRkaA93TC620bcHDN63DEAjFbBMfr4bFJu6mNVaZt4ogZK4k8JLDGRREYi+2Ln3T+Z8bnTrPythu39NYqu9csr0/HNImV1XRYWNgTZoaPbTs5oAvbpzwrBiyCciys7Q2d9j6KoCwQaCwj2/+jU80TebWKgEZV7D3tmL4xYxRJV7crb3m0BX1rLKiHLfTj1Y8ftiCOQs69fcN8ehu2d93n2xb3q40ake90N3/OJMclE4jLivcLdz29Yf/43KrBpdWDbz5rzf199azp+PXomQAAACAASURBVA6Gpu/HmZkZPPLIw/jyv/wLvvCFa7Bnzx67YYwNn8cgzgG+k4PWTQS2U9S2Uz1I3OPX4zxH6zAV4epC+E2W53PoRQDH7wWNpDPeJtV91woSWa5DfDCfWxSA/k63IKrEDknKgCgDsKIGdyMMTrOsg4oMgSKgLvLE+Xkn46LIWy+yTvXvGW+TuO9aCZGZVwF10l66mgAAcdFWyCu2FPF4NO0pio44A+P6G7+1ZsWKFWfWzLx4rNAZo95lClwn7m3wBUUquBPOMwaXtK4NQrkeMhWvjWkkV7fyWjCkEIJTBBsuNMyVtfVAAwVqPXa3OMkqYR/+tFm8pm9fWa+rU2jTrGEGJ+YwbG14NzRqFe2BzeZywDTXPSdLG9luIpLNeZnVMsq9nMk0h3uJXspuF7UEmFt+yPWI5stLyofuVSRxC4zhW4WKecU2khGE1uFC3E7+QL1COQgYn5o/zczXu13x+nuqj/U1qs1mS2Y1k8/2hTaQWCg8Hhe8O5QxHJQfUewWG122/Ua0yssCtv/4WgpuAFBYM19Bzhe3xWDOF9FRWCke3j858I9ff+iPJ2by0/XjrfCNH47s3fzy4/761aet3A39OpO0/LbyHCMj+/Ht22/HZZd+HnfeeSdarRaQnhdPLXAD0jqvTPd2AjdE52XAn3KwuuGnk3OX4h1RvhTPRfS7MnRS3zXm1keKeZfUfV8UAKSSueSfTFX6Qywmk1NG3YQ+ON3YQy+yXuLGFdGL7xW1rdu8RR4s79Cyzi4zbIoNHC1zgVaeQQgoSCEgIPXHWWYBQF6xpajumPeYr7g9cQruffijH+8955yfOb2vr284yzLmidhwo80ZAY/Hba72o2xOszsgabsNr6RcFe6d7zBzMMfbXhLBPKK7EahL/z/QsSzkGraSgSj7x9qOiF5bEJu77XHjWTtSsM5D4+YCw0UnL3lkbr52ZDY/GQpWfwsAWN5b3RNEHoK6YxqME8V4ijYeCWCFg1QgB7aZCTeoFJyh0CYfCs8DEA9AjQC9C5O86/Hx1c2WHIy91nXLGzu9ZRgaaiwYgxAYoxlzZWepKeiqwH51/W2MMwv7Hul9VAKugG8mn4owZhJsG5lhY2lYA8CVUF6+ppuEAuRtDx983uGZ1umknxkJkJydl2u+8oNnfvnVz1/5keZ8S9QyIWdnZ/Hoo4/gmquvxjVXX4XR0VHrjfO5cP4b79aGxG+ZU1YEbik9aVM3DmCKRifgt3lS12N6RXq3G+OliJcUzxIIX1uLgZQDbBpQzzArrkU2aR4iaTxzgIQG++0XlwFEt42Ky3RjBXUStKVZ1L5uLKi4rqJ8qYFWVrYTDxKVilEAdv9pwGy9K+miy6GuuLjIMCkbtEUPhCt/7LHHib/4y7/qPeOFL3xVT6Mn2DedJ79oy6hB7kYz0PdrumKPzNTDQq7eCzJKyips5iUGC3JMQadqmbIMXziCA4DAY+ft4fuMs9CjV+TWy1FtbQnC74F75ulTzFGbAeJZtW3WWSxfHrhCflwDXIWKVTYz18qURAOE4DW54wZ7HgWZBXFg4O22t6WARyfraKWblVfAUyCC8B19t2CLNcZBEhMOz9cm20jEKriu2//AM5PHSYUaOSkqIQjy5OG+R83ueTIUPetTZ4zw9RIR2MfoDDvmnGiYreUpOZ5tuxxNBbjQOYtM2Nby7g5oK8+PMi11fULu+VCkF769+Pjlj37zgQPTLaV69SuM+rkfm2yePjmT12Rzunnb3Xdh29at+OY3b7Rz46lFbZ288aJUhBdlOrQMY2zqFmjj+rt1JFPOXEwv5XB258gVO7VBG8p2iksp+rghmtHW/KgSAgQh2Cuv/eodl9dw9cU5Nm0DdmwuahBnvlMDUt5vJ0OgzCMts/C6MS54KrI2U/eO5jg+FwCgpF4UR4Kg7Nac/kkva0snnuy5AICf/4U3id/54O8Orz7mmLPdIrdgMRjQplVj0DKKRqsZDno++XAsBQuHdHmupPg5PFBZ5crBkAO41cABqIbUnQKOmhcvNOO+l9WhHEP9jrOWrgWexPvFHBlYHfyI75hCrEwcHbCLyfyCOb3lp1tgpzW4ACAf3D89JJVqxMsK6tVK0/l+1nCx3ndAjPHrs3gxsykWIrANgSJjyMnKZuSCZ+seyEosbfFonlm9nkUQgGZLLwR87MDUBtL3pDJRiYqgyVc9b8UTppDk5gW3R9uA3Y0azpPy/WWnTvheB/xtCddc6/X7fvKvs6mo7bzp4WiyVgyZTErxdnBDAK5u00/izGMHRpcvqf1gdLJ5ro7Y6DEwfmRm3T989prhG3d8ZM+uXbusbuNz49wjjxe4lTlXNpU5E+hwL06dvNlurhVhXhmfKd0fR0uLyhTl6RrMgfaPs6S89TLrQh9Xsn1Q0n75SyrVEkqpfmSqF8CE2eAkplNGt+je0XRwyqPvFkCPJpVFD1IGycKSjYoAMKAnAQilCJB6qiOes+vAZ9l9vP+3PiDe9ra3r1sxNLShVquB7DbfmlCoyJjSCSDJKBHvwEaIy4GTNAB6nxvsKFxIZr/mFCzo4QoUXOkFWiwk6BAn9BS5TxWuHA4OfH1k64NRxmEZ6105pZ4wZlxtPD+jQeyKZpnRY8SUm5v2n6GMRwWB8MTBmbVSma3xTcWVCk2+YM2SvSaPbGeVcxFu5kNBZINc8ERZ4DC8hBUqZgn40cTnq0N5W3F4C8qbLUxS/MtljpSmNTXXGnLj0bRnaSN7pK+RNRXM/u0OUK2sfRVtuwQGfCn/OPChZv+RlYcv540EQ8DIzoG/HR3JdRORxZQYn7xsZMO6+3N5S9Syilw90Ng1Otk8F0rJmZkZsX9kP/bs3o1vPfqd4/Dwrj3QwD0JD+ST8Du6FXnjRaBe5GzFx/a8m7piR7FIz3Win6qrKJU5vXEqu1aGVSl+g3JZdKNIYCmLQ7DhOKLBRZjXqCpQSvZjZqofwITx0FN0yhrYzb22BnWZp9swc5w6haRTQF5kwcV5+P2YV3/PvlkAmLUKJDzIdgTybh4gAMDPvv7nxB/95z9et2rV6g3VahWCu7vMQ+Srcbl2dQpZKfYhC+WBhZhXQ1z1mNrcLlQq2AkNRskT16TuBdiC5UcGaLlXyHWgBahgsRsHVxiCivjmWZ5j216r+43L5TEnMl6cPEJtb8PPvM7AK+f7ajPAiIPv2sPzoVVi7bDtnGtp5Z23VGY8cAlSQkmgQpg9abhvwrUw2OWOdxRb0GUYDsLFQWd4z5F72NrY4x0crqTmYWpdJblvzjhn3g4Ibtkx0HVlCPpDNAQx3czXmD4WICWhINYu77mHiNA0wGYNCjvEOF9g/HvLlmUi/968G1nExp/rRHbNyUn3ppuHhxePJ+/HmN+BjhlMoRB9yeBHv09u6dezigQUBnuzfdPT09i37xnx5JO7Md9sShAEBo49EcC1qNSbaM1NINxTnX8IxaYFgRHSujIu2w1+dBtpLXMUU/SP1uEr0u8p/jphWKpuxxv/2lqZFx17ueaeGbHNKVCt1406E/ltQFRqOj+JqJ4UQzHTcUQgvlbUuJhffq0ba+lojYuiQdVNB5UNnvCe99Az81EsCQAKEBA0rbOFnt8C+MXGTReJd7/nvc4j14lZ+06jhOFNq5psVr/5BeA0G8tLTFE6vGMgTaGKCup3AONdfgdVAPyGKqoNljVPxOpziRkK9nLEj3N+rAfMkJ2DLf9WeJBi3s1FIvOGSOD1kq8jEJgpRSGIt3miNmzrcI4YXxboFeZbsubKmLYLQU1rxIRz26y9rm18HtkLLgQfPgR8+/kOal5crKQzGnzT/Hw448Aaf/EYst6wbzaIgENT87W5XA5ZGkqRIEL+2tOGvk3QwNb29VEGxo5X90gwuA0LOFnbHkgCOTO+wrHKE49EsWeRMRqAPmPSGxOJOnWFAAjz8/PYs2cPHr7tXx+8/Z5Js9C2AlR7gEoNAI0CGEGlmqM1N4nOYXWbihyoVNQ3BrqykHMRRhXRTdVbdC+usyh/Ko9I8NINrZivhbQBQHpjGV4QiXN/rD8AkuuHQkauixIQxmDYcXFROKIopAIAWDn8s1ja//yabM1l8/OHxeHD98rJIw/maN+D3n7trcgDjq8VecJlvym+iwZHt/eS7U7QbLdQpVxNosKyKEC2RqL6yqxenk/8zEteKv7TH//J4EknnfySWq3mY7AsPseVuNObDJjYxB+7Fug+75na14C4gcAWSNn5X04dyuYDQvBCMPaCd54jT7lQKTMw8l6Uchm4l+XjwOTvEM/HtvjkwGXvxMQDMIr4UjyMbJtpaNmwOufHicEeKHaLEFRGhPHp+WF3zXjQ9UyMgcxY4dgasad3X4siCtZr5VMqgQyMjPwtZzKAARqzPRxRD3q+prYynLQrw7gmwrxUws6bA5AKSgz0VO//mROW7wMglPIb6bT3MQVXA9m59jAebR9YGSiWJ9mmorJwwK8fH7bBDy9Cvp26OH+10Fo4+tgawLIlsX/ffnzxi9fg05/6FPbNL8mw4a0axKu9+jerAbXeYQDjaE5KFHvkKZDm5/G9GKTiOmJcKtOrKZqcbpE+T93rJm+RPi/S3SlaqfaVYU6KrsvfzXvoZUCvU9abE5FUZoW73le8BfgtSeNGFDEa0Btc8bLhWn3FOXaQDw69DFLmkK0ZzOcTmJneMz528Nt7Z6af5INLIrQa+d7mcXuAsAPLfmOZcN67tfp+VO9fkrBgIVYDgFLu1UNAVB7U2ciWKaPpZPCPH/pI76te/erX1OsNVEQFzoNgikJFSsfrO6vRFLsbegpGfzBVxQ0Fh6hmsY5VmAz03b6cDuWAtjCwVWAqBIsA65gC9u624ZctIopbybGRrWy2YMZXHcfz+cxEscU906aimI5i4MFpIAJKJymO9j6GENoNDnjgpwYATM7lQ6xjJIhEo5aNGhAUACSn5n1LX4nfBQ4hj8xY4p9+9fyRA6pw7tx3XGCEueax/NE77/addCu1FLhWBUmi8Lk4ebjvZgW9e54NPXuCEW/uS2JBxYZH38IwlE6szcFEgpenLeemJhD1qTcK/Lhmz5F7Vqitv0N6RkZS4dChMXzta1/Ff/2rv8TYwYNaJtWePchqj6DedzIqdSCrC1QyQNEG6DlzrvOKwCzlSKQ8Vntc5HDF5ykQTXnQsfdclDfFUyfA7xQpTpWzx93Q7VaGbeX5TnEx+tsUM+8Z1F/0AhRyRSonIWpQ2lsnv1scr5fXmWJUPO/0P+8bP3R3c2Tf9fLBB/77xPLBl94xtPLV59YbwyCqoiJqqFRqyKrL0NOzbmBwxUsHpMwh5Sxa+RSazTHMzDw9Ozu9Z3Rq6rHxPD+SWnHJgT4G3pSgilLZwEsNwjKLr6ukLr9YHxCGQQqChFSwK3XVqMkV15uKOuC3PvA72ZZ3/tor+pYs6bWbwSBQvMaL4F64RQeHlmG42+bjXhHHMH/VeuR+8U/o2fnQuMNuCr3VIHrAFBzTZR6cuYVhwCg2UWyT3HWuBZUHJvAWW+OA88Dy+gg7ufneFBDwMlZq/NcDJFPoQZvg3jsODBlzm++kq5hX25JohJmBWoWmCX5r2ACwgkoD045N3ZLvz7b8vHdC8G6TSVyHAzK2mYzDrkAggVz8kTZQHhuZGmhJ/S0EpZSoVsTkW160+tsEQr1ayQM/28qMLbS0UzohLSB8e4GcwJXhMzllwYyxdjG4gR/KIs4XRUCcsODHDLH6FIDpqSl8+9u346/+4i+wa9cDtpB+zWx+ZhK1vhHU+k5GVgMoA0QF0K+w5RGhbsLe/F5RvpQOTGFPrMeKHM6iaEAZtsV8FBkIKT5TvBW1p6gN3fymeHfXU3PoXXmKAMDGrn59QaHm35xSQK23qJMKGa1WB14zvOoNWLHi5Xj8sU/fcWjsO+LQ2HfuFqLWWLt+44a+paciy5Y6MIBSqFTqDuTrjWOwtP/0hlKtdUrl61qtWeT5EczNjuDIkV0j42N3jiD04mOgbyZ4bRNc4n6ZNxwYLR3qKU4XbtPTHJs+CwA1KILUe7lLgoKSLdOH8cMd0l8xNCQ+80+fGzz5lFNfUjUbwnAFwxWkihSNAxkLVOQg21NmHqFVfA6onCdusZuBPvOuucL3r3WF86ltrTT8tG+JzupigK2sAWO3L1X+Rhvmsi9jMU7CTNY5sht4WPAxNALPqm3OPbEYjK/gdxW2NQ6+x7z/7B1o+0YAy2PwlIjQksrNoVtetPdKrOZQbsHHcvhhmyXhZea/PsagN5KF+9Qpx2XjkTsDx8rQkWYZA9GoiBfP0ZNjM0NKISPSu8MNLa3dffzKJROA0qvbTZ8FH5dxpkg43x8aOEYIZJ+RAPbBHojoumfdT4/78eDFQa6dzvht2wo5+qXwuJXneOihB/G//+EfcN119m2Ztq1ZJ1Hrlag2AFEDs3I7YURReJkfx05jp7rKdGzR/aJwfpzK8KnoepmxkuIjvi9QgH0lPJSF7YNUtMo9JfDYCpJmDl2C1ARA40rJAQDGO7davY2JInoAgJH919+0avUbX1PJ+nDyqb97bnPuIJ7Z++W9E4fvmX7qya2PEWW15SvOXb1y+LVZtbocQmTOa3IKVRGEqEKpDJVKD6rVAfT0rMfA8hcPr1v/q8NSzqGVT6M5P47m3AimJh8fOXLkgdFWPsk9ef7ZvjJvvizsHqduphx4/WHHG3kP5D0Yr7aMfhBSQWb6wa6M67wqRQMA8J73vi977/t/8w29Pb0cPWAjmV5ZANYD0okFMQOlREwLGfhl4VK+/YfDIGcNWII+C6+/f+lS9C/ts7eenfSsVfTjJvvjZXRuvoV6tYKeRh31eUAYg0JJhd6eHjm8ctDleXZTebt+7N1DgKge7KnWMggQJBRef8a6r1ezDHmehxmZ0UCRJekAls1r+yhLaI5yII/bx3dsCww+eKPRv/ERENdGYGgdsyhJmFdJibGDB7H9iivwX//qLy2JHOF75NOoL21i7sgksvodqNReAZAOt2p667Bx28m4cvND0NiRY+EgvxAQLau37H7KWCjzrPlxWX1lbSk7TkUa4nrL6KVwOaYDID2HXuZBh8c25L59yyxduG1CEWC/ia4HmBiICSaYDBo1su+rsytWvCzPqssyIoFaYyWOPX7Lmrm5N2Jk39eah8fvHRsbvXX00MHvYGD5i1cPrXwV6o1VILJNSZvA/r3kDCSqqGR9qNVXAn0nY3Dw3GGp8uFWaxrz84fRnDuA6aknx6ennhibm9s/LWXTztGnQD4l6DLgj4/LQjzJNJ6PDiNbNghULKhDqVYO4P5Edtev37z5lhNXrhw+tVLJIk+YezdeiQQLwWDmiLlQ3dw2v07OW3MhRuYlex3DtFebltN8zMzMYH5+vkgMrmAbCHRAheTtwjIFN0poUCcGklUlypTSWOiNMEMzl6hlAnPzOebzPAB02cqbhyeOuDzdVFx8t8Al7YbVHzVjNLzmcinqmZCT07NZnrcAQCypV574pTNX3m/AXHovnAExCwvo4ewh202lwOoYtoDO+TNmGsvUE0xzB94141vB1+EclWjBITcg2PPs1iVA/+Z5jrvuugt/+Ae/jwd37bIZ7SYw0wAmYL3zai8wd2QWovqg1wUCCpCAaoBoMBJ6J1Ar80QR5SnL3ykEXZaX81NUT0pXx05WJ31eBLgLMUrKyneM7KZ2iisLiYQV7tgMumibUFdshlJykqhiHC6h32kFBgrLFl/DAz/885s3vPAfXgdU9QCmDI3GGhx7/Dtrs7P7Vx8cvQVjo7eNHxq7Y+zQ2J1539JT+odXvaHR07seQtQ9eLNvCwM+cOdeZ7FPlcggkKFSaaBWG8SSJSdgYPk5A0rOD7TkHFr5JJrNg5g88vD0+KHv7s3zI3ZLQw7y/DiVjqZTw18dcgcay48lcrIVAEAkppXCKNoHHQCI79278+d7ehrw3obVADY8zLcEJeZF+3zxh0L8tC4F+sfWp5WRV3AKrLyr31bPvBjzm+ct5HnLB1wD48B4JN65CdtidbDTvT4q4PkxNbGFRizaG6So5eD7Yod5LDz73IrnD2L+IWsxNZdVhTTcP8as8qV8mFix2sxzYGXZzFuArKDVkkJKHymRClCylc/NzaOZS0BWEG5uY+RuZOmnIKLEUCayFUPeOlljXFaJ8s54ZLS0eJTnwUzlCJBsNltQSkrr2W5Ys/S6+flcNnOZ1TKR80+NthmeYdDd8M/62wg69I7ZuHMAyev3Iyv8sE1kUDBasSHMF8r5CLw2IMbGxvCRD38IH/3Ihy3L9p1xvjGM3651+XECk/tziIowbxsbTFAm8CeAEOg6hZeLvN5ugDmmFZfl91N0iiKpbZHhknLdOFkx+Kc87m6nZ5OObkE9bQAff5wljvMjKtgmAHWFfXVNSKWk2cJdh3hA1J9gtIw5e948dOju7w0Onnt2MEBRQaNxDNauezuGh392YGzsToyN3t6cPPLg9OSRhyZ6lxzXt3L4db29S05Cli2BeU+7TUcosHkopiWCR4kEqFKHqNSRVfvN3PwLelevefPJsjWLvDWF5twoZmaebh45vHPv9PTuSUClFuDZ46KO6mTl+XOra1rNflXJjGI18lYyx/henX+728RHfO36b6xbt279hkpFh055CF0rJq8cgnC481KsVHzIz+/r7Yq6CuJFUlw5BYaEpRXpqCA5/KDoQrgy3JVXMW048LGAb+oShh9pqjBCtK8rWWhuB6QwnGqus9e3OPTaj4w4UCYnJtf2tn3MA/n7Zsc0g7wO+LmsuEy5OcKOucztZQVUBOVE4WrsANNceNf3Jf+2tm6u30Ggfaxw4yg8pjgTM7SCzMT7xRfwG71QIGv3ujYRXnTcwKM3/HAEvbXK7ktefuwtAEStKvQX5bhFZ9vlML1gUaYK+8KVZePeL6TjLVUBz0qFWwQR9BqWcFyx8gbs7dB330lXuq677roTv/m+9+HJJ5+whaxXbj1y++d3d1u2FngKgMimEVAO2iedc1EOVmUAVuYwFgFqfK8TDX49rjPlhccpVcYeF3nrcf3x/bJyMd2yufMkjfh97rLGpSrljAFQUFLy+vTmDWecL3DftVwIncIreHr3laN9fc9DrTZovD9upVZQra3AqtU/jxUrzqsdmbi/tn/f1/LpqSemn3z8c2P1+rAYGn7dwNL+56Na7Qdg9x0nN+iJKVM3DxWhSnCdYMCTUKkuRaW6FI3GaiztP722cvi1x7daM8jzSczNjmD80PfGpqceH9OefCnIW1mUyd/JxgFKVjORFbctpwCJH2Dp6gnoqIt8/vNPF1uv2P7zS5b06V3emKZkuttb9RzMFQNNcp9zaIP2FNBwlefrZ2AezbeHIBV1Q7gSC1b5cSe9HatiMI5W4JuvbUEBzXmZPTMx13vcip4Jpx8RtimODlBEyjbL2wEegZycHJhxsGMemMlkF86FjHg+fLvY4jFTvxsbDsvCdw/8h1WMgB1KMjh14KX3MdfseeFaufCN3axsAtvB8GEIt4M0AbwBLkSN+Brjzh6T79lg1bgDbqsnIn4sEAE4c92y0bXLe/7tZ09f+a9Le6pNKCWCVZHM4PI07LjyPPCV77B759sPqBCXGVw5zavydZp1JG7tiHf0Gd9MLjz6ZDhSxvKwz8bszCy2X3EF/tMf/YGVnp0rn4T3zvnHU7xu3nmtldOIblYr05HXlvXYtY7avjkG2Bg4F+KByy7ydgLCOCJQZAAcDW9FNFO0Y36LoglxuWJHrrtQvgT899C7AfIO7j7lAIGE9tT1iKQGABHuP97GVMywu/7g/X914wvO/J+vE6LukSfaVSmrLsPyFeeif+DMbGrysf4D+2/A9PQTE08/deU4USaHhl87ODh4Lqq1ARBlDLN4CIwDGV+Fa+eNOfBE1jIJCKpBiBqq1WXo6VmLZQNnDUrZHNQgP4G52RFMTOwcP3zoe6MIH6KiOfkyOUEB5xhFI41SFgTap67+NYFjX5L97W+9PfvFX3zza2q1GmsPs+TDfgO5WDl/F1u5fdVD4LZ5Y6+BhwjtITkF5X4Do4nlZxK2io5HjrmCDzeeIzc0QGH1zkZxWKFfW7rxgYMnfuOBA+cfnmmdmkvV11sTe85av+xftpy39jaAhP3yFPd4NVAaQkyGoUli+DHy4caAjRD4aQILsBTK0wCtW4HPZRLIxz8SHrUsP8rLLBBVeK53iwu5BwHCrHIna0BZkLHtQ7uh44HVglOqI7wRFERreL3hvrrtObzRoevjoGrapILSoeFkgfjvfmXDR9gjLQNqFJVnYwCMLtcJnr5vS9vHWXimxIBVbeURPgfuGwfWE/f5bZv3PPUUfu+Dv4NvfesmW20TPrzu58r9lq1AOxALgMagWjDbeIOoIhWUQD4/CEDgwm0S24MPbqWckjKQ6jZ1imSWhc15pDmV92h5KzMoiurm18rydcNDkVxl/HEWfrOIiZTlI6FaEkTaQydoC1/KRkH9ARPRdZ6azzz9z7euXf/2VwBmtS2z7L2iJ2RZH/qXnYG+padgZvqp/oOjt+Hw+L3TB/ZfP37wwC0YWP7igcGhl6FRXwUStfABs7W5h9U/Z/6BsdT8q1wOJ5xy9Q9upVJHRdQNyK/HsoGzBtat3ziQ50cw3zyEqanHMTX56N6Z6d2Trda0BXkO8E1ESXm5r3cXLX+tfAIArv7ofxt+waknnKlD7F4xkFEAznMMPCJ2zkCi3YQJd0Vz9Dmo2IvMEW8DvVj0EdDYazxkGYB+Ij7vwZ8Zav6/ACCJSH7oG4+9eeeeyV+XSmUwu+FNzLROv/3RsePfds7qu/rqmZe70+9kROM/ehLMbzMlrEAsuu4BItxKxHDGwrTh+gJXpe0ML0j4e95jZQDOPrPphrTpd8UFCQcggQLhknMOPOMvfC7gjWC74CsCef/WgvX4w7723mXYTL8bAnl5AJF3y3jleRwQsxY5JEiC3QAAIABJREFU55tPuwBQkIE7Hw0tHw7XesY+64HhwEHYttPxpmDjMbo/dHvb3xYJpRIK0XekjcC4twBZb9133068/73vxq5dD9res145ny9v98q5LtcLnSUgx0EiB5ARMdVcqfYCkNi+OWN1xDo9dYzEvU5YUBTaLgtxF805dxuJjmmXzY1znmJ6KR7i/IjyFZ0X3WubTkgBeierC8lrCpPebYC27EjpPPqDImXWVBHTYuzgbdODK87d19t77OrQ6mcABK/oK5UGlvSdgt4lx2Plqtf3Hjr4nd6DozfPjh28bXzs4G3N/mUbBoZWvqamF9A1XB1MfbThhfYKqe0mxQfc4w9wkkCUQakM9XoD9fpKLOk7BWp4fk0+P4nx8e9h395/sV8xsvNc7Yvu7rvWyI96GWN6vYJsffvm224/rX9gxamVSpZ73eSVuF8hy8GGgvaFs+Cxn2eri+QeABcXDCtixaPYieJCshT1uV68SAG9dq/d0/ILHjlxwnwus2pG+e6DM/0f/+bu3x6dap4LpUCCpNLvHQMAKkJMOsB0HjJXqxbEQ5lYzOULnkJFbzUvM0wohPd2b9+NxEie1NZej11e+Fy0oUxZZcRAlJFQAPRXE/VVG74P6CsmgwjhQyOF7SsQLezzr7LbFjMqdhccFsVQDMz44PP9w8aR449L1K5ncLKXnl8PoK5NwYp0a8h7IHexDYIvZ4wmYnqQy9kViJ9NN2j8c2qNb1d7ZNiFqlDhq1/9Cv7g938PIyN292dMoH3hm9Uvtv3ci5WeRwCk59aVkiGg65QCuTLALAKkorB3p+htChzjOuNUBpCpusvypnjj56n2Fxk1ZXUuOKJRBtRxZycFQhdu08dCjPB7SrUAvdGJxBkXFMX8Y7qxdSUByMcf/eT9eWvS3SBjLTvdYT1P61kSQYgaenrWYc3at+J5p/9ZY/Uxbx6o1YeHJw7vnH7skY+OPfrwRyYOj38PeT6B+LVtxf8rjyk8R7sS5kpRuRwK3JJXVmE6HrNqP5YsOREAhqHXHAyavwEADQA1J5v7vpRj41YBqLOtzJTU76D/1mvXD69cuerERq0q2xSGY0CFysXpXnOibDhY5yOYcLzL7xcX6bxGRZriHoz4DmlMNi6/V3oeD3yfurlkyx0zFDwOqKBP4sU7BEIzb2XVjPL/e+/+0//n1x//+9Gp5rmujxSEqUACwDHLGrcvbVSb87nKLIi5mixQOjn5cxVe0nLgY8XK1PLmZB6OEAbfsF9IsyJzy8sCXPV1eQFx7GcAyuSn/1Sw/SuXIgDkSmVWxrZvQ+/cl2S4E/r+5MEy6Bk2IJycHX/e2HQy8A0CYwZ+uoBFodzmPQT7VoUXvS7Poydx1e3y8EmR71guS1IezPVzEbrOXD5cxsy6c89N+BZJ+1RCuEpeH8/Pz+Pzn/scfvd3ftuCeQ5gHN4zn0AYageKvHNAMG4FAOGnNqTVzXrrV6v3mZ5G+bx1KsXgFWNAgr/Ce/H1IoCO6Xdzr+i4KOyeoh9jaBEP3eSJ6bk8fh/wYiBPzUO4cwX3Avgo+HjUScfJvYceMxkLIGlZtVpTzaefuubm9cde/CpRqblngu8P7Y1cvuKUQFRBrb4SK1e9DgODP4PJI7sGRke+idmZpyd2P3HZWK2+Uqwcft3A0v7TUa32Q0F4xaE8FSDhkcIqZmKLkSzp6P1Q/vIpr48qehV9fbg2NzcSy7oJ30c6FLz77hod/zNDZkc+QUQ478Rl+dnHr5gUnG+uPR0gIfz0KH+3i/zcKAcet6AtmEu3TQn9eU2RLGaAKytdNt4i1rJnpBqgP+MZQLi5BhLHzL0GBAiynon8Yzc++Qv37Jl4j7Q7gyktMxfiVhBEkK85bfB6RQp6q1M4o4UftoMl8+isuK187ZSBkz1vnJd3+650/n5Aw5IJHTVH1463dhFa3uwctTUGXD/L4JHVNNjrId6w8V5/MFI80Bm3UnuY9tkMjZ4A5F0TQ+APG2Gp83KsX3jUxhgD4Q5vtrT1fpl4FdMhfMGg8bQ9KT4njtDgDDoCcBEvq4K4UiTfiqjFYJqkLeLD89hnCVCYmZrGZz7zGXz4Q/+I8fFxINzxzYJ52Xw5EOthZdxxRX2ArCH2zgljSKdUqLnsPs/TyRCI8ScVul+IJx1f68Rbp3YV8V7GWyfvvFP5uB4J+K+WpW6mhNheuQbrHLJ1ACRAJKSC1N6PEPMF9VjmOzXA8XFk4oHZwxM/2Dkw8KINoEr4KLiHh504YLcPj0CtNoDlgy9B/7IzMD31eP/oyE2YnHxo4umnrhoH0Bxe9cbhgcEXo1ZbAVDmvAC7IYTHSONbETvnoTsF/RqTC8Fx/sDyaR4roo6B5Wdj/76vZdBeeQ79IDaMDOwX5nIc84I1SskBEIGkwitPXY56Vpl+0fr+fabh0r6W15a48lFsxTj4fB5rZ+BB80aEC59CuyA2eZzrAq7eiMgBHwA2B+tDrNrTZ54yQhoqoKMRt5nLrFYReTOX2d/86yPvfurQ7JvIcqAgiJczJ32NbNerTl2xG26uHUyphl6UY4JFKnh7FROWawdHL8WVth4fXkKuN+A9ND9OuCi9XLzw+etbdhw6ELfAFH0Jr0KUc48PAKRCZmVGLC/n1Bex/cKNEGs0eBkEIXEm0UB4tkWsXv7MsLiF54zTtDZKaC142Si2FwKf+2dt9Ice+YkBv3/R29Su4qLUVp2zZsDaEdhstj3EyoV9ag0Xy//U5BQ+/KH/g09/6pM4cuQI4MHcAnn8SloRoIXXd5jdP/O5AVTrhrY0el153Wx3CS0OO8epe0wpBtiFAndZ/jJALStXBPCxPMvC8UWY1w3vZQaN4Hu5xxlShfmvyWdGqsimoVpQcKEZQLaWwIbc9fxv7IXHHRtfc7xJOYcD+24YadRXjTR61g4jASiBTuFhQevBKAUigayyBEv7X4AlfSdjdmZv/6GxOzB+6J7Zkf1fHx/Zf31zYPmLBodWviarN1ZDiBoC9cOVmAEcrTO4NwwPiNZzZ16cVcZWSYtKA719J1kK1tBpwIfIBCygZ9VTATSgFF51ynKISgXVTIwJJfNn9k2jt7eKRkOYVbjKyYRIQBCBBEEI4YwVL8MggMkUi1Y2wQI18DCyb0forIRKKtg4RvlyyuYlVheA8u+Ge7BRpFxeuznId588vPqKO57+vYmZ1uk2dOvfVojABMDzV/f9GxQw35KiWqlIzUes6Jn5wIIBHKLivdW5bNztAOx5ilZCg/HNvD7v5YbHdqWUngbwHmCQx/LJ5J0Jmg3ErMD2dyeWP5QZrKfPxze3lMjXGr5bbwxdC5aML9+vTljwfqx9fr2ZEVp0TP5WGcA/9yGAc2MiMgzY88uNeW0DtK/hoJi+o8PYDFa5+2fJkWNGqxW3ro78WgN4W2Jyagqf+PjH8JlPf/powLw7gMvq/dDfQ5ewa6FswwH/Ya50aHkhXmnZtTh6W+RFx79FYe9UKpqHL+MvlYrAuKzuburrJr/Lm3ptrWxeoR2Q3StpStg93M3+4gJmpzjtSwZ1x2H91LW2Dpyd3dscPXDLrtVr3jScZcucZ8ABhXu/Xpkx0509oHoB3Yno6V2HoZWvbYyN3dE4eODW2fFD350cP/TdZu+SE/tWrX5jb2/vcRAVs8uaBRZwUEFA0wOfSd5hgrXQuVoRoopadTnq9VWYm9ufQc+bT5tfHUVZthY4/DQgW4NEFZx70jJZySpQUKJOeOwzn7lP3vXdkay/r5qvXduLU0/pxymnLMGKFTVkGYGEQJZlyCoVVLIMWZahUqlAiIoGeo364PpSKx87x8k1mVfYfMoDYLqUC8AaN6y4o2Blx5PLFAOwocbL6xNBRLKeVfKt397zstseOfSBvKX6Sb9tIZQB/EqFJlst1cfpZBUx8eYXrv4OCKhlFb+ZdwxggVEXdq5ugkY2u4rZyYK3MQUGHATNzSBawuSs6zQyYdYrIaoDnr6v1FxXFnz1PHo1E9Phe82AVEroAtIx5HDOArnhXTFePXl7Q4NcuDseO2ayjfmN4lqwGbyZFQE4vA0Q2tbWIPXg6e96T8DmDdpn6TCjynPskZ9PMXC2fWSCc4K2fHyVf/hVNxU+MEphZnYWn//c5/CpT34CExOHgWIwL17JnvDs3K/dMKaVD6EiTLcKs7+IQgQPZV4nEtdTKQ5ZFzl88f24PTx/zFsqf5ERkIpYdxsZ6ORVp7z2mE4RT2Vydin1tbUUM0XH0oTcAZnr6RcivYBCD9R+AEJtv7ioISk6RQ2QAMShsTuma/WhW1cMvfwVlUpvYFkrwDwAifc+AWfi2ofGPmBC1NDoOQbHrHkLhoZe1ZiY2Nk4eOBWTE89Nv74o5+YBdBcd9xFq5cuPQ1ZthR2EweXjMfhvAHLkPXgTSbrPfm7nrVKpQcDy1+M/fu+Auh+sR56DUCOfE5/CIHolWesXYIes7fM9HSOfQ8fGnti1zjmpcLMdI79IzP4/vcPQimF/v4Mxx/fwIkn9uC443qwcmUPGo066rUqatUasmoVWZUDvHAePAcBLUZyp1wnW6PGLU60IWAV9U3QFayPYgA3yjAAiSCfrZYwZ7xyAOK/ffnhS54Ynb6AE1KKIAjNc45f9vEf7p18y1Qr7zPNkFJBDC+t37F2eX1S6WiTDOv3NBVHPXsZyrPt5sIjUOWAwr94ZhdwsQoVMxYdZKQMHtM+LzGeh8EOB1sXsvW3jGfdphQU9F5EmowZx8aYddWZe9TWCGJvTCg3WJy/TTA1MSODAbjiXETXeBhc3zBAyAzp+C2OYOkKl4sDcbBnlHnW3JPn4O5qsoaO3eiI65h4PpyVZ19L8/P2RsLccHDHyslnPp/HF665Gp/8xMdw6NAhwE/NxSvZ7Z4W7SH1MBV51wJZ1jDNlABbd6LseKFU+aL6u6FdVKbTOb9W5sUXXevGm+/ksXfywjtdT09/HIV3X/TamiWSIorgvg+na+9GAURCr3LXHnrKWCgLtfP6UxaT2P/MlydrtcG7ly074xyq1H1Y2eaKFnDxpyoMv4cPvV5AtwIrhl6JZQMvwtTkIwOjB27G9NQTE3uevGJMVHqwcuVrBgeWn4NqbTmIKlqpmafSKjkX7gb5uWHGY7wZBmDC7kuO422Pw+4AUDt9de+Jy5fUAQUcPjIn9j49hcrI9K5qS0Hw/jHtnDiS4777pnDffVOo1QjLllVw/HF1nHrqEhx7bC+WLm2g0VNHrVZDrVZDllVRzTJUsgwVBu5tIUki8E+rutfzfMsjZ4xpVgJrv1ZyHP5M9eBFjWvjN3jROUU9E/nNDx889ovf3ffBydnWqZqEC1eLnprYc8HZx/w9FHDn4+Mn2miO1MYRXnbSwPVxiDQA5hCfHcqzGd62qITd9tSOB4dBzkYhhz1Oo9uxAX8/Fl3ICGxOKwvbCc4QYST9XD0LpRAIw/313Y8dmGI1AmS/gexqZ4BnaTD7wc4xuwiP45uND1uDs5KcaZNoJ49gWfBnIN72wBOTbzihYusjF0Gxz5957qNnMe3JI9Qn9igAfxgg91yH1ZA3IthzwJ0B/30AsJ3i9IGUEjfeeCM++clPYN++fZYRvmmM3f2NL4CzKXaQyrxJXiZMSuZQYtw3Plk3UF53N3PDC617oXPrR3Otm2jDs0HvR6rb7+W+8TJ9iwDsuIQ3oixkIdyiOJHles4F5hUHAkgNsrJFHnps/RSFSgLg37vni2NZtvSRJX0nnUykN1FxnrdbeOTn3Np2lILPl/I5q9V+DCw/G31LT8PszJ7+kf03YPLIQ9P79311fP++rzaXDZw1OLzq5zL9pbcq/FytHujKm9lMgXhfw+sCZQAzQ7U2iHpjNeZm99mwu/XQG5gand38vt8f2rdi6enzinDw0Kx45pkpzM7kGJhvHYodCu7nWRpzTYUDB3IcOJDjrrunUK8T1qyp4oQTenDKyUuwbu0SNHrqqNc1uFerVe3BmzC9EAKCBEgQAuBgyjV8P9orYu/dUdBuFdxDoOh09tDwMVkFtGcpP3bjE2+8d8/Er7da6CXzfWsbiV21rHbTB157wqfWLq9P/ucv7vpDA6ZSkhKAwpJ69tgvvnDVQ4YtqfvFetS+HfE4CT0vcv3s2h+BOAcbOzZ0n6u28mx/n8CQ4eWspDmguUsUkGInbGEac9NrGTVDCRMkkMWPRGCAKUveErTPHafNwD1iOQh2sLJ+GPipBtcGm498hYplofCf/1HWwCK2IYtdrEhxM0PD1RFgRoLyLxy6dQMM7d2YIP+UKyuvYIzAjS8+q+70QcTT97//PXz8ox/BrgcesJftzm/WQ+dbTANp4E6FtYu8WndNKWkaRnsBtTuqqyh0zY/LQtyIrvN7ceQg5cV2EyLvBMhFdfO0EGOlLDzebRShqO4iegD0oji92OrKS2wGYOOlwJXvTHnk7Z24wcyhK0wCAEEAQjdI6fdZRWXzVtnatqVTB9prKY+e5xcAZKs1hWeevnb3umN/tbend/0aIGMPmE7ENCpXwnZxSeyph+X0g5dlvVjSdwqOX3ICZmf39R4au7P30NidzcPj90weHr9HVmuDYv2xmwb0RjU9LGTmwdzUGngHMS0i0mH3gRdh/76vwvSLnUPPhletavziL77prI9/Z2rowMFZjB6YwVxTghTG+6Zbu01TpVcsHjysQWNuOICam1N4/LE5PP54E9/61mEsXaq991NO6cVxxy3B4Aodnq9Va6jVazpE7+bfBciAu1bA5i8AF6/RI1j2AMaBx2KUMoaI3Ufee+SADv/JR0emBj598+73jx6ZP0/Xo6A/IwsIQbNnre//p9963fFfBwGPjkwNjE3Nn619PSUIkAokTljRexOBpA7bU27NlMCTtccusgM7eAxHVrmH3rGzabiHFh+6wWiNHn/TzwMnysWi9GEPX48tzfGNedfu3Xfl2DWtUZhvqQaIUM+EjD3eALxj68GCVBQeCAw4DuBGtl7ePtJgIyBt+REaBGHkQjGA9CtVHCvmn931LZSVP+Pd4neF1B5+sBOfazM74MZ7pF/8Ajud1+8776dr+NiwfD/99NO44vLLcdttt1pG46+l8Z0mgWLQKwKa9miobB0HUYGCFO6T2ETT2LFZ09ixmVVR6kl3c6+srjKQ7IZeUflu+U07st2VW4gMOkUjigyi4Fd76Bd9tg9zrTOR1YHJZ+7Hle8cB/feO1suAsAIkdCIriKiVEuViz3w1CBLMe7S7Oze5jN7/+Whtet+pa/eWN0PCK2o2AMUKmYwhaQcEMX5lFNEXlEJqqK3Zz161qzB0NCrauPj36sdPHBzc745Nv3YIx8byarLsmOOefNgX7+ZZ3cVxeCAwENy+Qyg94Rhdwvq8k/+9M9OvOfp+WOf2TfVODjWRJ5rUZDCeKUlZ42WTnj+CIh5A8N6orqVea5w6FCO8fEW7v3BNHp6DmL1qhqe97xePP/5fRga6kGj0UC9Xke9Xke1VkO1miGrZBCVCgQJt9o58C5iKOcAw1lhytSHZN0F2H3YAcitt+952R2PHnpPM1dD3iDQYL2sN9t5wdmrPvHKU4d2T87ltb561vzmroMvzKXqs0pTQQki5K953opvA0AtEzIwstiv6yrneanwGucdCMLToZwjw9G4s0XjzoGIs3J8fe1QRO5OKG0P1WStC5OhlgmpAKxa1jhgAFOQ2cN+viX7YLHLMGZBlXuwbVMDzHN1oBsKkBlyqecSsOaJnVN2XjTvH2KSJiD+2p2Pe1D4y2QbAnDCUmKWg9MPvJzJFHQNwN5fN5TJc+TWIyRkwA0n/wwD09NTuO7aL+Gaq6+yzy5/15wDOv/4k02dwAIAJN7fBIDMCEjgfe/IMHHNWZovIdy+9X5zmZSBUBYW7wR2PBUBN9COQxLlvBRFe3kqo9+Jt1S+bkE9hXGcx9S9VNQ6qDvDps+/Hbn6X8jq66AUsGT1Hrzjs3+Gq991KS7cJqAg3LuJqUSGAGEiuKYVXaapttBqL1km6FQDUw3C1OSjswdGbrxn1epfeFW1ttw9+Ry4uNdow23E0K/dAAhVo9/2FSCqoN5YieFVb8Tg4Lm1qanHas88fR3m5w+NP7X78jGiSj608rXDg0PnoVZbDrcHveWGhxsZTwBAlKFWXY5G4xjMzj5jwbzx+je+aXVWXYlv3Xlw1YGD85DSbm2nRKWlHiLSYVIBlZOK3+VmioKFuV3bYIDDKEYAkAqYnlJ47PE5PP7EHL5/zwRe9colOOmkXjQaDTR6etBo9KBRr6NWr6OaVZHZkLwwXrv11gOgpOCYbYMeJu7+QH8VrZ6JfM/4XN8nbnriXc+Mz72eANgFXQpKgIAThnq+8F9+6dRtIMhmLrOl9SwHgEcPTL3E0JTKjKFlPdWdLz5hYB/0NqfSycL1z/+j7d3D5DquO7HfqXv7dk/PE4PhABjiRRAEARAEH6IoWrJIiXIUW/FLkh8ETFCS12vHcuwviTfe7H6bzeZLNt74i79sPq+TeG2tTIECqCimZFnWW5RkiRQJvgkQJCESBMHBYAgCg3n09PTj3jr5o25Vnbp9ezCU7fq+me6+tx6nTlWd3zmnXh7+pRZShEwq0GqSenPSX25TgGGnqMArYoE57XM0Oo4lrBfIcx6EoFd474HILuJiTSC869p1Zx96aqaZMddtm2SaawbMSVulynZT26MCg5q89SkpCrYqSrokIIM8cAbxyJMsoU5Ys8IjDmuPy4V4oQ7jaXasD3VbQbalnZxSEXA12JPmM5BALPuQI4lczRwzLU891/x0ITPj8ccfw+cePIpmswn0grm1zOUiOBvK5HUZEChA7QapHTm5ChRpVLZvNxdF2oZmgCoKn8w+lAtCOFen4wPED7Yaan7xlF4ERSlYNwBugLMOlqbn8cW7NJZnZOK1WMj9fvdTMPopGmV8upI1XcxnNcBdjaZ+7/rVW8bvmz6GxqcBqsMINQVSm8Hq07jnfoUjh/4SdrEboHDwgRhH7rWZpZCBMQdCytpcyZpvjYnNqyBqUcvrx5R+DaOK7y7PHWvGldG/m5h4751xZcS5f4M+BkCuMA1WQdnXFO4R9S+KGZlnlWQEo5WbMTyyGyvLZ8fenP0alpdfXXzrwrfmL771HT267taRq656f1ytTcLOsxt+BEp+LgAM2EbxIEbHbkZr9jwAqEqlWtu46Y7kG9+4nL6yEu3QSeTGEkBQWTbr8zH1Eg68UtdfUavw8WR180M4GJidzfCtby9haamNbdtqeP31OVyaI+y7YRTXXDOM0dEBVBOzWt5siYsQqd55d/KI0MvnMh5zvh2tEqWff2Lm5u+cuvTbrY6eMsYS2YMuMFCJzn5w38Sf/vzNG08a8CNVzbegNdppMr+c7s35rohYM0NtGx84BgDdjFUSk7YSNzTWitrXaqQW7GM3Gd672jngstUVC4KxR60MEkshG8C+tzhZRCtoTX6Pvcs6EGqZ5pot0gG4TMtw6qIDZ+uGt0UFICjNdRJDLwSFYP2ArKuk18W35fq6uf9l3Yok5EK6Q3JW5jSSVyZ8BrYOlhQxjqkA5rZaQdm9c+JW35FKSXBqHRFmzp3D17/2VZw4ccImtdegFq8+LS6CK7Mubeh9fuqBsxi7TiNtTYDTcagqUJ1XIAZUDFAEkAIovoCsDVBkQN+eIueaxzJIGX6aY5xigGKwqhkm2Eu2YmD0WuBj0yhk4n+bNuoA+gI4m4NOW9BZC9xt4lNX9QPUIlb8fV3cq1nh/UKZ97nMW7BWj8JalQAVQ+M/II7+ACB7gICG8Z1/Cgce+BjAXwDwDRw99BKO3Os1h48dBp5+KAEDOPBAivZiitqwsXSU0mC2C5eQfuZjqzG6jGCU/C6L4yr/1pvfbEaq+ti69XfcEcfDsHttnUXOxh1W6oK2gxh2UNpBGgrpsnlAO/c9OLIL1wztQKt1fuTihYcxf/np5vzcE435uSc79cFrhjZu/Jl6rb4FcTTguq5fXW9KZmbjdq9vtUUmu3b/cvLSiwO60+kg25S/MOQpAKi1sxcBQGlopnJ6Aa+s2GkGF8em6UEpEkKPMTcHPPJoGyvNFINDCqdPp3jiiQWMjsS45poB7L1hGNdeO4jRkRoqlYpZVJckSGKzsC6KIrctjpSlqWCZulYhAFBM0K9fao586gfTvzY9t/IhIkBJqxzA1WO1r/3uB7Z/enKk1mx3s7haUWl+/alisH789OXNnUxPWBGs89Pibt4yepxASGJzkIxdmR7yQfYJIbCDSNJqtG/Fe2uhB4jtgSRYFljUJQPrsIh2EsQkyVJRsALWUy7zJQBJRJqI0vyxAgiZ5rq3oj1ggxnS+gzGkrCUQ8LC2WxGeAZ/UA/7L2eG9TbJ/f2cv3OL2wK2iLIt8Je9l4tpLFuKiluPC9zX0S9cCxWEYl9G8NuXFTRrseh8JXy328X3v/93+H8/9zn7pgPvWpdWeXHevExeFkP47tsfbwGYBjAHYAhADT/1rzqIk1zZ0RqcKSxfmsZTvziPyXeMYWw3MLwVGNoKDE4BtfVAdR2QDAPxgFECTO3EB4m2KfRr21hOYbIKARJwtBkUb4aqepo/mUGAPoCshbQ1jcbZaRy9sSlqV+b+Rsnvt/Osn8f6SgrCagrGWuNglfg6xuc/8S/wq59WUPE/M43ApgFNxDvBuBNKadzzmRMg+i6y9Hvoto7h/kMzANL8nnONA4db+cIJe4UqwKxw8LAiEPjIvQoHHtA4eq8kZDWG9JvHKFbUpZs9/+V5UsmxsXXvuD2OBy3mBYAVKPgoDPTCd7+fNu9yAsTDFcemDFIVDAxswZZt92HDpp+tL84/V7948ftpc/l04/Srf9pKqlepycmfGhse2QPjSVAmb7kwimJUknWoD16DdeN3ANiHTifRKSHRijYCANuKMXeSrr7o57ggvZyB8uH4YIPH6lAQSzYUfOKLi8CTT2fYfyNh9/UVPH4fjrvIAAAgAElEQVSsg/mFFM88u4Rnnl3C4KDCNdcM4Kb9o9h9/SjWrx8E1WqIFBBVFJKKQqVSMVviImPFm0NtlGiPfK6coP+fh199zyOnLv56O9WTSVIBmdkABQD1RE3ftXvyP33izmueEH3CuYLaaaaqcaRfu3z++rgSw0Muoxqri3ftu3p2bChBXlZJ6/d/8g8Z+udepmT9gwc1PDTYWjdUOzPX6NysiLRmVipS8fBwXdHqoIB/DAJ/rBzL5sD/kYLWGq12B0UfU3E+XLrT7eizyrPXdcL993aenpnx6iuv4Jvf/CYWFhYAv99cArpd1d7PLd1vvrUfWMm8gaHJFpSCU+x1FyC6gPblGZz//jze+JaGvDgKSEBxjChJMLy9hi0/BWy4HRi5Fhi6GkhGgbhugF54azyQE6yHRGhO/pm4cdEwVgo6BljVUKnsxLobduKTGh7sNaAzgLMZZK1ZXH75Ih56j3QZG/oPPqABezvoF+JejwHMFm2jcGjYtWJHe85YWYtxWvauX5wyZUK+g4ijzClkn/vEP8eBv3wBGv8cFO12wG7mPkwCRfsB7Ecc/x6iehMHD59Elp2Aip4B6FmAm0QqZXBspvqU2e5w5JC//OHovaBfO6wYAJ5/KM5vYdM4ckjhwGGdjwAJ+mUVW3Ue4vy5h+aVip4cHbvltiga9Jq1dZlZkHMIkoOzG4HCNU3WgreWgh+4cvz6s9Ot9UtIkvWYmHw/xsbfGS83fjR2YfabaLVmFqffODpfqYxi/cR7x0bHbkaSjIPF2fREhEo8jM1b7kElGUeUa6VpRQ1pwsa8QFMXzRcGW9lsftSnZtkH5WAQiXq2s6HXHWyVDGfV23l5IjQawPPPp9iyBZiaYrz+uh+cjeUMJ04s4+TJZYyMXMCOa2q48cYhbN1ax8jIAAYGavn1sWblfKWSz71HCkoplU+V6FcuLI/9xffPfmJ2vnV3zmsNQ68CgC3jA1/5vZ/acf/kaLW5tLzsBJVUrzqpRjdWmL7U2J6lGdx8O7Oq1aIziUpbjWZaAK21AcOqoN8ni/LHV063JiqKRvEaQzvVqlpROiaez3QGEOmMWWUZq/mlpqrai2pWqdTay/x7qkpFy/ftpF0ln7cd5K4VSQ15T4Sf9uiz4M7mkwObzdJ+ttttPPXUk/jKV/7Wxs7noQMgt382rMWNXPZbxtewt6kNjKahW4qB2sgigGkMTtSwcM6mU7CnWXIaI00TXD5Zw+WTcpdOgvU3jmHiZmDju4GJm411X5vIXfoKAYjbQv3cov9e+mnji/YATL6sgCgGgCnE9c3Y8E6F326bemddjax1Gq1LF7B4Zh7P/G8a0w9bnshPwx9jvPZa5wcfyAuCBpME+X6YtZZ2kc9Wa9fCHLr9cfTjf4n3/MaD2PreD4LpF8D801BqyjDFOYlTkNIA6gBug6LbQPh4btV3GCo2TFZgnQGkJvDL/+knESezeOvMLJobGvzZQ7bwjr/fGxpHDzlC1aH7tT78sZgOHjalOk2EFMxmd/P7yL3AwcMASEOcRnfujc/PsdZPjo2/47YoGvSqstWVyYOYP5FMArx1o/qRRtQrvbyOWTxEBQ7YK5URjI7diuHhPVhZOTfy1oWHsbT4QnP2/JfdfvaJq+6Kq7VN+bnxQFQZRlwZDhp1eSC+FjCXZrCZ81SRNntCiY172q4bcBY70GNl287v1moLuoWsgp0/N3t/2Su8YCw1gDfeAAYGGEkCtNtOHQGDkWWE+fkUTz/TwNPPNDA6qrBr1wD27qljy5ZBDA8PmIV11RqSagKoOB4cqKZRFOHTj5x7/zNvLN1nV7ATjNUIANUKzb7n2vG/uPfdmx8HM9JuaqeICk1DUEDaTVMsNLub2TBFgaA1M0Zr0Zm0m+bz52a1N0mLwLZuURiX7IZwXcvmUZTfhZ0OXueyzuzeKQ/fHjllQZ7SuikQAE+fXGVurT9pUYIAnWlkivMFWF5ua4bSmUZGQUl5NyJHReBmDjIP+RPUigp8LLixy7aRWsCUvCmG4umPniNhne3CT3nZinOBF33hrvIlfSHnRbAeQDy3UwJBKrdg1fKaRX/IqWKzTe3YsWNot1pAaJ1LUNfiD+jvuu3n9SwDBuDgYY0jhzRI5dcwkwZBM2cKKokBdLD1duD4F8I1VKG1aC/9MpY7oHDpeB2Xjid4+bA9BbOO4WuGcMM/jTF1p7HkB9YDqtJrHAvZ7D77xZH06NR4iilOc4ZrUEU78KeKArq3oT44hOrWTfjP/s8adHsI2aUhpBca0GkKRTrfrtgBRS/DbBe8iO7KNOL6DB68txFMRXseKBw4nBbOuy/ySr4rA/e1GrLutz0pLsWBzygcva+FR/7iSwC+jHvur0PzzSC6G6C7AH07SOXnYFOujRLArImUBkUxs1YUXrc3iUrl+wBrTG6bAaiBrfefhormAH4RWdpAFJ9E2u1AVU6jvZhCrb+oD9+jAaR85JCsXLnW6eMEjJrpvrDIjYFnR4f33hZFdZAyWiBpCwBWjIvDRIxQKFhsxXlzoQnmgzacU8+FC+D26ZrFbnUMDu1EfXA72u23zH72S4935i8/1ViYf1YP1LfVrpr8QH1w6BpEUR12DTArKNKkuxU1lResreSNMj4NAJmCivKtgk5YQFgMsAJP1EzMIcrV8FIAcsCjMG2jwWgs2wHGboA5Hln6mTE/n+HYsWU8/fQy1q2bw969ddxwwxA2bRpUg/UBXavV0mfOZBv/9sXFT1xu6neTonyunKCZFRGwdX3tS59837bPTo7UmgDM+gzOb0aDH9++PQEiUs1OttlTbri6ed3AKyQ45QW+AElYoSF3BvQufgoB1yqA5GSOX30tOZznFMy9532NEV7eI1K4nIKpHm+t2P5mccl+OnXLgqmtR/5i/VD1zPmFtlCcfe6WAhKMdsULgCxD2mD+2NLB3qACeWD1NInM7Qfbj94Le70jimSqsAZeH/DxxWpEOZwBeJAOGGcrLBUuQK5bCZSfEuXGj8ziO6vEEJg1XnrpRXz5b75kX1vBbk+As/KpzDoHyuXkWl2/3upmaEADFIFZxyAFaL0LAHD8C2UgJNMXXdqAmZ/3d1MANSy9VsNj/7IOoIbq+jqm3juG6w4Ak7cCg1cD+f0ZTtN0nbowRgkKnCpQrMHsPb0qNvQxgGxxBNnljdCNLeCV7eDOVnA6BdZjIHPZlWtYVQGSKfOdNaBbgF4CuOMbtlIFiC/g4OFpaH0SSj2OtPMkVO15PPhrZrGiAfM4v8hGtonk1ZUs+WIoTqXYZxqQ96EfvU/jwKcBRApH71N48GMNAD/I/xQO3D8B5n0A3QbQLQzeB6LtAIYYUGb/t5cHpPJFEWaJuwJgBKtSuy0AcBSbARDFAKGFgRFNSGf44OEGWM+B1GkAKZh+BOJ5MLWQts+ikjQA6qA5dxG18QYAjQfvtSs+TeUuvKTP46ULtPmjj42te8dtKqqXa9lu8YwAbMixbAUFAWBlB68mKNfXrEauXH/TfvwyGNCUn/9OVEGttgmbpn4OExPvTRYWjicX3vxGp7l8uvn6a6dbSTIRX7Xh7pGNG29GFA+j1WINAtKYdntpwQoMVDv6RwAQadOJpbUngc3epGbBRx4yA0GnrG/RdvDpQi3ZCS+bFXuhZc+mtiHLgIsXM/zd3y2pxx9vYOvWRO+7cTA+oZOfO9+ke5hUPYoUIqU0K6WIFAZr0em7d6//84/cuulEnpcyQE5iPIdC1ArkRiv1Rxubd4oBRIo0E1CJlXYSWlhaFKTxwjxUiOw3dgBuBLKIEwAAu3ZxDHJKln0m43uYCcqV6UVad51qMa7kiU1kZVKsNBjYMj7w2olzftepryALxcRfZeu7DwXl9aR3xZFDUgPmgi7XaF7hCTwW7PuiK1toBkX8t2WT65z2mVCvivOxsspFHopx5fjgtIwCP2D3mOeH1xTGkAR139esMWHKv3TpEk4cP27PagdC69yCup07t6HfAiuUxOn3LAR2Qgwo5Eaa2VFCagd6ARsifT9Xf5kLuwFvwcdoX6rhtS/W8NoX64hqQ7j6/ZPY++vAxvcA9Q2GYUZWK7BWIGXc26YvaFDs6c/mx5HOTUE3roFe2QHubgeyjYB2Bmk4Fqy2ByFExKcaBHjQRGANpPMANwHWkyBMgnArWN+LuAqAp3HwgcfA+GusXP4Wvvi7szh6yLjlmSGAvYxnV5xSLuFvkD48y/3oJ0JT/8BnzAKBE1/QOPqxiwAeBvBdl8Ev/slGVOo7oNR2Bu1EFP0OgEmAAO1oig1f7DouzseC8Z67S5mIaswaDN7pzB/mfA7VAq0GVaq5EkbggdFFIGsRRSkfuH+eSM3m+bcAvgDOZmdAeLPVjMeXeCxGPKfYrAolRjvKuBll3FDMKTODzBVxadTVrQp7bdiDPGlnUWj2e3StMqDhpnTk9hPXh/K8CFCgCFF1XI1P3onR9bfFzcbp+qWLP8Ty4guNZuObnXvuuSMZHbsax483cOLEsjqr1MZcFqm8Q6a1djbt+mFQCLyAdOVaGebn96xlV3Rxcs7/wPso4smDNqjwzraXFKbSu6EJcQRK223GsTd5/7eXW59QSXfn8HCEkZFIDwzESiml4jjqXDsx8P/91nun/mrd8EBneaUTD1QrqVI5mNvqUlBzCwmKGPrRV+a2djM9bgVmDuadd2wf+5HjQQmAWNkhFSNr3eYVFHyT3gvBE0uT0A4kr6w1KsHRr7SXjPc0SNooAEax4trmIbDKb10UACQAVXN4WAIFrKWe/IhkTPshQQ8BWPozIYo88TwDLOaGbvPgqFculE3+s9CDg3wtlAfu9bAinhqpGIOD8RG0K6y/RI4D8n0EhY2ZQXvI36bNrPfj3LlpPPbDH9pU0rUuV7ZbQC0DzCsJffu8GN98mnvOAcYJQN8JUqmx0AlgXRNxy9P3WpBloCUteWvwNWDBPWvVcParszj71SEMXDWC6+7ZiOs/lmJsF1AZMtMBlunduQnoy5uRLV0Dbu0Ed7ca8OZaj/ArG+S+C6RANG8sezUHqAaCwCNANg5ihcr6cWA9wBmg20A2l+epNcCbAfolgH8J9bE5/Or9X4aK/hxH7rXH/Fkjuow/ZTx8W/yVgN6rGRy9z8x1A8CBwzaOmZc4ckjji787C2AWwKMAQAcPvx/AJABtfNysmfH7IMwx+CYwhkC0G0CNwVuJqAbQGOfnpBApsDa75gxoe4tfKQVmaGatlFLG6qVoBMAIaw1S0RQYe41g1LmwiwFmZPUhXKp0UG8xlIqslJDBMZjAHTBa5Pd4wrif0CFwC4wOAc38AgtNzC2lMUfgJmtoxWjGWfaW0ugQoOOuXoy7uqGYtWKkitFB7taPYOZnlBrE6MiNGB66Disr52pbrp5HHCUYGwXed9eY3rRrcHzmmebW+UWNdiszS701Zuor2cX8Zjnnbjd89PXzJ8ZR+K5gjsiFgVLweOwsALbhi1XGet+JkAO8IiIdAenyQLTx8kj1QFpRdwOATllfvpxifiFVtWoXG9dFz/703vqn3rc7PtNeXsB81lbVai1lbU6ni6L8ZjhbrxxYvZ5iaFhopkOBpw4ERdSZHKk2c7rcgk2XroQ9TriT4ENoNjs+Shkd6AkFXlmapMu3Z/seu2+B0mHSFq3TXJUJQNbn64FMOIhzhu3ZNPzGt05e6GjNCUBINddfPr84tm/L2EUwFAjiJD3PC4HeucFsNE4u3gtPsveEDJIWsz3tzcnbghUedC2bJwuL2/HaE0f2q4Xp3u5p8ip4ltw6K6EBua2Asm4inSsfhdP8rCLBlHs52DpoAp6mmcb0G9PyiFfpare/iy70UterePd2FlYhvz5Vg/CMxQ57LTaU2oyP/sed+KvffAUHDqtV7kMvhtUtz4Of0ThyX4wbP2wA/vgXmrBu+ZW3anj+T2bxwp8PYfc9+3D9h3dgaMO1UGzAm/UUSCdBA1irqqDY5QxPQdEsqDIDlZyFGjgDNfIGKGkiXn8RzICK/ILAoGNlMaAV0ksTyJrj4MY26NYOxMO7oDubkTZi6MW8b3MK8DgU7gP0fThw+Ctg/Fs8eOjRPDdz5Ho579ZiodsQPCvetlbUAuC++7N7ix1I4eBhBUAz6w6pyIMxQwH0RRy590xP3j/zh0O87uoYwGZk3RGOko1gbAbrGpO6Hsx1Jh4D81Zz/CBGCDwOINZaKyKlbDl5WXmb5QoBtBN8YIauJGiqFPVmCqViOMFh2swu4ACDYhDqQf+AHdNl0gBesLn8gl0PHTIeAwBokuZ5EFJi6iitZ4nRAaMVZ3qWuJrG2eilGZ3Nf+2H1Lht32Lrum3V1kxLTQ2PRMnQcIyVFa3nF1LVXeyeYUC7bV59Qt9VtpJ8h9xCmBYt935VZ2Hhcmk8xcyaiHRXoXZx/cCHO9XoI2wWxgCiT3CGObrUeYB/1Prm908uYOGmxfid7xhOJycHda1Wg/2rVhNU8lXyUX7sLNktNjkQyGkAQSycSC4MWJLpeuEH8mY5qTQE3UJakBaQgvx9ROqXTpJr00mPi1W6CvTZb+7MBavg5DX2IC4wOJ9v3L919GKkqKE1xgGG1qi9PrcyfuOWsYtSWbDA51zvToHwW7L8KWuStgLAWlrZg6zladjv/FSG72LWms29DpaPzgsRrhHoVWTgAdy1oT0kx3YJS5DkvcQFqbAUaHG1FWVY/QXs3jmTXDT20tIizr5xFmnqPNpyRXuZq70Y1gKmq7l87ZokAHzSMEDHbC6/0mCuo1rbjwOHT+cy80rzvSEd1ig0DaYAgBQ0P3AI8FugTZyf+99HUBncjbhyM3T6LrC+GVl3Jzov13HpFWBwK1AdM8vAiqvcvVbWMuCdnAHVTiMafA3RuhnE6y8C7OfX5cBW9pn1hNo8WZuT7hRQ2TiDmGcAnHCdLH1zCulbe5DN34F0+WakF2vgLkCUgigG+ENQ6kM4cPj/Ame/jwc/3sE9hxUePFRUrlDy+0rKkgt2gUJ5A5Rn3uM+IYLizx4yKyQBkFkJn+fLEzh4eBpnH4+x9V0pEWmKofX99y7mceb65B9+Hjg8xJ3GBJIhoNsa4qQ2BZ3WOaoAOt0MqA1QKoZxD02A1ASDa4COQVQD6wmt4vryAMdDy50aqUSBUEN+PG2g4RUCyy+lGn6/BAAICQNJLhVGmMxecgDIIu/p7Aiv5zyAN5d5/olj2YWx55afH5+Ikk6lgkqFUK8r1OsJNm6rnrp6SwUnXlxWjcVUWzde2Ae9Vem23UnwzWnvnZeFd5vL+knFhfqnzYNzDRER3lpXvWulHt+jiewiNdneqHSzr6y/3D5aa+t5AGppKcOjjyylxx5fwq5dVbzzHcPYtm0Qg4MD7uhZc658EuxtV0S5cyiknQC71VUboBA2lIsT2FVBkEAfWu/515KV0ML2LpRFXv7061OiTLIR3UpvC5rFBvHt638VBF1uSZPrF7DKRQoYbw8zq6WVrB5W1hPlakViAaQDNJIVDWixQS6E8/3N5xnwjzg4KM7eO+/PuQ8zcO3cU6pUcHrr5dtCegU8fcH8Nxzei+k1wDnryfLdt7+z4523wGdnDcqFhQW8fuaMLULuMU/R392+mnsWq7wrGm0m/oHDKQjA7IvPYsOeaQCbwRlg9iEDzP8UD378IRz4TIwDDygcvbcsT5/3vg8r7P+IxpFDwNFDKQr0MaDws380gpFNO8DYB87eCYr2A3ofgHHDnMQwPGYg7mjojkLrLLAyaw62qQwCFDWBygwoPgM1cBrRUA7e6+ZQGkhBZ0ZQUJyfFAkt2jwET6HkAWyUEp3m9YxSVDbMoDI5A+Db6L61EZ033o/s8ofQnR9DugCoSIO0AqlPAvRu/NKfHcCDh16CXMcWhrIpkrI4QbuW3YcuMyvrLCUmP9k4OnefK3grRuPIobwT/odU6KUqVwBkJ1A4/pCiGz+q+fhfKdr/0ZQ/mx81e/RQE8BZUf6JYmUsQSXYbPJ+/79IuLsUNy+cqU3W9uysJut3c2Wghig2myGJwIQ4UzSsFdWYkIAozvU2EFhpohorqjFoCOA0nznXAGuw0KAZKYHMe3H2LTGbbVJEGsyaGCmBU6WxHGW8aIwNVgroVLp6EQBea9Z+Sw0Cw0NK1weVSioKOyYrr77vXeP4iXeP6RdfbODJJxdx6VLXzOK4OW7TCS0MhJIRvUAiBV7hvbQWAzdk/tzjer5wMD9OdG40ubkxWDmgFe3Nswr6VqT1yeGl7qfHlrov5WUqGM8DmBlpSjh5so2XX25j65YF3HrrIHbvHsbg4AAGBsyfvTTG3OceI2KGORQDUoLn2VNaiXGFw2T6vFnlJwugc3xxkazbQ2Bw38ILhDlcCHcaBKBZ/BQYH9jywoL176GSWKXj9eTk7EJrkgiazUUtsKmd9Szr63C8UBlLglRwGIEL2/kLBLkyD+ctkeYxrIKatyPb9ixqbhLKi9sMw219oSInLXZ4ggvBGd0k9oZIpcWOt7JFcTlfWHg6ZKYLC/M49fLLNno/tzoKz8sAGoXf/V3sxTRHD2nc+JEExx9q4p77H4RS/8zNg4IBRB/Er3zq53H0vi+JPIH7/hL4zMeLOKFw4gspTuT7t3/5/gQxTYJoO4B90NktINoPUjvMArPIGLNA7hFTKQBl1g1lMMfPJgocN6HiM+g0T2L28VcwdOMCJt4zjYHN835ciE7HFudU7rZlDSI/Fw+gVzm2SjP8M2fk5Na9irRtcwAKWisopVGZnEV81VFkC19F69QBZPMfQmdOQS8DKtYguhlx7Tv4yH/8AB76zZPw7vcrzZfLti1t837agUxU9lwWosH5M601FBkL3d5laSfCDz6gxTnwJt2Rnj16RmvLXS/sXTA2fZzP8ah8v6Sig4cV+/3sABh040fNUZZH7lXq1x7Q+rP5QTXf+cMWAGRA8zy+/CSMUlCbmLx7amTkhs1JdT2iqJ7vByffvH3d1lI691pL8rFYWFeejzQfhPsQBGREm7ttRqedqfmFDEN1atWuyqabTcZgPdF33D6Cd9w6gld+1MSxJxdx9mwL3a7usUSsePEL4/IHQvYEOBEIPU8mbL6hUWqUHoZmMBZGkt1Lg5WPZrG6Q1TUd0Lmi/VW9uDkpdbXRXojCCQY5XRlKfDamS5ePzuPyckl/OR7hrBnzzDq9Trq9ToGBuoYGDBWe6WSII5gTtop4CMR0iSKzILG3OUb1jdAQ8swARS9TRfMreaMCuE9RC5XjHxov9p+ItzJdsshFeaKw4YzgsWvkQj7YY9lmjd0J9MqiUnHsWrJnDOtlTR+i2fvh+smrNXtrW/pgg7mowUtDgRltVjwL4gvwTm0fstoclnB02Z+5IBqz2AXLgrO368tUJinVKqcu0wowPD8D2YlRFebvzyPEyeOy0LsHLr9XmZQAeUCvmiUAb1gXgQQ83zfh1Mcf0iB1B8D+A2QGgOQr4uCQpQcxYHP/Hdg9RAevNfcJfGZj5v87v0zIKtPgXgEjB3QejeiaAuAvQB2ANgI1nV7PrxfL5UfwWxWsBvegWOjTKhTIPUsdPYUWD+JTuslfOGTF3K66wDquPW/3419/2UdQ1sUoJUB71yWQKV+7qro1SkohPIzkAu2oYoauc0H2gC8zU/HiMfmMXT7/432j56EqvwBdLuG9gUFbmtEyUZUkr/Fz//7d2JwfA4gJVbAFz+vtP7BtW9c8uJKk/C9gVwBRijkjcLiDBhx8EtRq1jNHeSfmfRpvgrTHH4AaA73oQOAFoqABXMTx+wHlHVqbdj0X9QmJu7cSiqG1l1k6TK6eg6sYhXHQ1BRrUfLL9P+7bviPKB1tdnzy3XZqnIQonyrW56zWSsHSpcH1EYdYcrWJ02hluay09/5UmP+lc2x2r+/prduraFer+D666u4btcGXLjQxbEnFnHqVBPLy1lAGwDvKrX903begtu45yz7EJeM7PJb+TQALAwnO5eGKh9OY3WnqGKKfHqHwM2knX1p/HLnb6qp8UDkFqHvZ4FsFHv8AWSaMTub4ZFHGpiaAtI0Q5pmyDINrfNDUgCAEkBzsUqA7CsFay6oWEEIlwfDwKKFZ07WC3WDMFUBxL2tF5Tllai8L1FZWgrIli9l0baerleS/05QWD+YTE9f8kdgK1KuPQR1rs6mnrLO/pUHcFmvHrJLFCTvjO/9JWOH352shtMHgimS8JhQP8ZcKT0YblUIFsMikO7mGxfT9ERxvLJrcCzPxNENjuhOt4u5OechtofIWFAvmz9fbSq0n5wtpu217I8e0vmitws4cPhjgP5rF98s2amD1J8C/Ie45/5ZkJozU50YQYYY0JvBSEDKnNImFjhb8HbHhMPwhTkzW9GIzoL1S2D9NLR+Aln3eaoOn+bPHpT1MHTu+4jC4nQLZ49pPP3vnkf78lbc/PtTGNnuL47pGbvk5VyJcFj1nU3vtPg+7xkARanzDlSvewIU/49ov/4/oXZ1DemyQudNDYXtqA7/CY7eJy+X7wfYq4G6Taeky73MxXOlZ54JgIZS89LdSqQU2znqMBTz6KeZXOldv/zKgharMp1G+ub5v52rVIYfGx275fYoqiGK63Ysui1qYDlGvRiEDhfw5C8AEFi8k4aiURKLW8Dy9MROeBCbuGkUDSG/UN5aEHHGL7XajFOnu+q1M109OdnEDTdUsfv6GoaHq9iwoYIP/8IE5hcyPP98A48fW8DSUniBrQXJwHopziuWdHZBtyIiTTAr7BeGKruWhio/l8bqfZ4RZIE8ZkAnqX54bL79ucFWNpsz1LjXqbz9itudpIKxvKzxxtkWtm83c5ZKKagoQhQpRFGEOMpX5vrcbBVUN+NwwYsQ/v2gOwS1gCjHK28F++elICwt/sBc5wJ42He2dBaA1LuSuqf95HvyFrTUXZL8eNcdV9Vffe7svKP7raX2BgBop6yqlRzcRV9lAUhk6+lAyyp/YT0C6oaDGDYAACAASURBVHJmhUqjZxyjkF5UykGxo6eoPLDkmINm7zGF5URJkCOdLOluDMuzKmQSFjR4mW9LNzS5bXkhkoMZaLVWMHfpkn1hF8EB4da1fquiy9cdrQ7qZQab/330kNnZdPTQl/Arn/oZqPjTUMqs/zFg2QFhBFAjAMOe++5lp/W2mUNp2O7pNeNEgagF1jMgdQLA8yD1HJhOYu70WXz9XwdbxhgADh5WOP5QjBs/kjrP7omHOjnNRvl54c9OozPfwrv+7Q4Mb4OBHqFdBa4S8VsGKsTlknhSYXPCXWiVwfiNUnA3QXLNSaTLfwH91n+FyhAQVRVWzgO8fA/+8//5z/D1/+EHhbbp156rtnmMKzd8WSi8z9UhnV1k89W4ZkzFx2Dny90KyrdVXlknLEvTb86hzOoP0k6ffXBuZvqh7+7a8y/fV6mMgqFg9xi7Guafch938ZhNd0IcQqHcA4xlWiPgrDFzIxUpBehWNboOgHFl5ysva+3sGcqfZRlwfibF+fMZHntsBXt2J7jxxgFcdVUNQ0MJ7rxzDD/53nU4ebKBxx5bwPR0C1nGgq5+ENYbiAiaECvm1ILw5ZFkX2Mw/oUsojuEQE7z0RQDQJxmPxhZSj8/stw9DcDlAchT+USwgCeFHwkBzYxWG3j9jRSbt6TodjvodGIknQrSpII0TZFllV7BC4DBcTcz96dbntsy+02tFPwUTsJb17LjT8Ar88TN8QZZi81PFAJajys+UDYozEEIluIJaq4trAJhjQoLODZWbr0OVuMW2SuUQXhzob3d0l+m8AUWMAr5kqc4KE6skPfVK3oSyhQrU5egfZxCANd2fmxa7SIvMxe2xd7Qc3tinq+f5gip8Hc2hHI8qC9c9xWKh3nH/oesAoiALMvQ6RRvQV2zEdPP6FlruvJ39kCUI/d+Db/4729CffzXofkQlNoLIPFKpBWljsfeqiSaA/gCmKdB9DyAlwE+BeA0pZVp/vzBMhrN1Kqsh/HIdiCnYXtpbuJHn5tGZUTjnf96JwY3wd36VrS8/WIgD9o9SrFUWWHdLL3pZP4yne2HVOlAZzHq+76Oxg9+GtTdCZUA9c0aK28pRI3fAfA0vCfG1uttG7r9rOd+oGlDnzkbumzqq7S5cY1BoCE2DSI31K82rwP010SKlSqjt6w+ZXUJytW603rphX/z8M5dv39zbWBqHIhh55mtzUA9VoYUEl6zy4cxhG0QNrgVRhYUApFmvuncQtcRTeaFaBiXdWOwkb6Sg1V+frvJZanBeOKJNo6f6GDb1mXcdlsdU1M11GoJbthbx549g5idbeORH8zj1I+aaLdZuCsLC4Yg+2q+xQTQCpSmhOTyWPUnVmrxB3Wk9guO5Ba58cpEqX5seLn7V2OLnZeMTDMrZRVTigJvTf6eh8E55nJNQf6+0wHOn9dIuxl0JUOWamTC/Z5l2sTPJa/jNMPsKZRgn5/iF1icXhx7UAaCPuFkg0sD357kc7FbySDBQwh9aRN6X6wAG9G9THXIH8gk6XJEiu1R7GmD+BR6gwYIP7N/4+nPP3HuYrurJ0FAN9N1W27gKRFTSaXqD7maeGtYWMxS5Pl1SGJsuC5QzN2Xaz0FXqnxgB/cPNhT67wu+RjtmYLysQD0WuIcEu3rAEJxeUOZMhkoYD0N8WOHtU2LXjlNueV+5F6dHwt+EcC/A/BHOHD/XoBuBWg7GNtcnyUo6OxVUHQBCqfBuAhNZyheXuQjv4VimcbyDi42QX4xl59a7aW37LvMt4WTfz6DjXeMY8dHxpGMmqdFy9v2UNkHvXacPys0lu3Uzl0jKwLf4W1a+WnLUKPfQHZxJ4g0KFYYmABI3Y0t79mONx6Zgbkcp+x+exn6trkF9CKolmkCVwJdkIouunoTQIjA4BEAig4eBh+RUwWrEryaJlJGZz8a11qOTdd55dQfP7l564Gp0bFb9ilVNUIoMCm8EBBPg3dAaDkE6YQU9qeViTzzn1Hu8u9GtMN3HIbK+FSS6QaIFNsTebz5BQBotRgvn+ri1I8WsGlTA/tvrGHPngHUB6rYuCHGr/zKBszPp3jq6SU888wiFheFOz60TFROl2ZmtKrR+PxIcle7Gn2Q/fYzAEgBjgGKGYQ408eGltMvjC20T+Sr7fMVBNChO6oIno6EXrezBXjAKUnNZcbMTIZrrtHIdIY0ywyoZykynaKeqCaDwZocqDBDGwvenEVgDt0ptqtc4kSCJkm3VMDIg6twA3uY9gK/eMiLq70TFrLu0roXmoOgq/DhymWRTFLLxbRe99CRopYvlsE5mBfuZwhqZnUQLx/FVIDrS366wKWXdZG8l3mRV4YDl75UKoQM9ihp58XDqS24seznzV17O2+QTxsEm580zOz97HnHsmqpzUMoxI5pTsETbVOG/W8jXAnMV5PbxXzKDbmj92kc+AxAFOPIIY2jHzuJcJdRMe8gHzafcX5eidnrfvCwBsMulO53lGzx+1qMOwBo4eF/cgIb330n4gEgMpdeBcBsvZO2/eSihryP9Fj0XoPznaDocneKgM3PdvLILNCrXHUc2UWA861vVAFq4+O45b+9E28e/wo6iwrm1Dw51SLrXlZvF+SiuCv57Ps1nM67smJwx+ziikCkUjDHAMYBaD7+UCzSAmHDlHUMGWct8werVfRKGmmQ//TZozPzl5+e27Lt0J1xPOTAMnC8Cte7aVvf+NKF5wd2rvVbq4398Hd5OmgjMBvLiRUmYZODUOlmz4MZGUGpnF6nM1iBmt/qxEyYmUlx/vwyHv3hCm7aX8ft7xzD+vUVTG0awtZfGMPPfgh44YVFfPs7b2JmpoU0ZeXWROT5Lwwnu5br8Qe6FXUniIZCvuVAzkgrqX50aLnz16NL3VO5CFemj7O/QtcJdwvN8H3fKTZeCHqFCJ7XuRBstYHZNwm7d1dQTSqoJRXUqhUMVBNdSxJcpVZmZmeWF5MkGlk/UYdSBGauzSy0R64erzejKFJRFOkoiswcvFLeC1MA5X+MsKac/17Fry1xu5vF1UqUblpXP3Hm4vJWAIjiWA3VB1DpZqhVoitl8WOQ9A/M1zIQ/nGyANDudJCmcjFpLgLYH8/rdQcO0pPoyfLSFYcJRUXAeQP6WPWrh7VY5/3keFnaIoiKOfX7ACDFwfsBM8UaA4R8XjuU3ccfUtj/kRQMZc5b18CR+1JIg84eMRvWpUhDsZ5rnUowtJ77zmkMXr0DKoHUXD34yk/xTn5aJbOnv7KIBx8naEOC0AA1iIF4/QVQNA1km/PkGogVxqZuxHv++Ax+8Hsvobti61Lc4SB5URriQsQic/ppdn0teSI5+AnITwQze8u/UJqmTzmq8OxKlSlz3a/2brV80Fh6ufniiX/13Z3X/8HttdrGeu5t8NYH/IAtWnM2uKkWB07I0yFQEJzilyuNNt+VRI0z0RgAMCEGA7VWdhxkVsXLuM6CsNaOPU4zL2BxIcP3f9DAE08uY8c1Fdx++yCmpgZQrSa4blcFO67dos6eXcHjx+b1iy820M44mRtN3tmqxR9MY7pV1C3fL8mKAUVMi5Vu9t2RRvfrw830bN55cxe9nSMvTlWIQUKeL44Zwkr1UxYEafEQCO02MH2ui8WlpnGza40002h3U5w7cQFf+ptzzXONbkoRYX6hhYmJGqo1ir93/Oy1m5KVWaZIDdWr2uxfz+9mVyo/Utaum5NmZfDx9gKtNV1JrLdVbnms1dK2U42sqxATL2aZabK5Rmt7c6WlAKTLaffvAb9rrvjbDz+GaculP7hvnGCHCwB7BaopXlre0sLzlp/p5kXB7+NaJaBWq2L9+vG3U5XVjJriuzKjp0wmlmFAGOfIx3rlaDivbfINn/VTHsrkej+a+kzz9sTzYPi9T07j2l/ZgYpwl/QAtXws49ggPUtCoDrloGCJ2zTukQV1BggKqHSAaA6c3wJpaVDxBKbuAnbduwsv/PlJkZkE9Su2ubTQV2PQagz3IUs1K3MUp2adHy6jBgTf+mlhqykLa3G3XEkhKIZ+naJYXuuVl//osU1Xf2RyfP279imVn1aaNxQFrjXZaTwQsQNZoblb15vrF9JdB+QasG4nagJwFjGI+cLwcudMLkH8NmurdIY+BPPbKYiGllYLOPliBy++1MGmq5fiW/YP6D27B3V9MNFbt1bQGBifmt8yeNepmfb7OovpVNqxSgynDIrJrFiHYkzX2tk3xhY736t19Fw+N5kvNstv3ZEKhyPLdnYKfvesBnfBo5k8l95e8rO8rDFzLsX27SmiTgesFY6/sIRvfWsOb77ZAqbqixkwPjfXRqPR1evGY3VpWMcX3wIoTpC27clzNSRJ1R0nS4qNxS5cb5Y+ufVQjm/bhs7hLYE4bwdvGLCPGVitvh85jwtkWZJ/jJ7J25Blom+YtOZQEx+HmVHJ74TfvWn4+MuzjXsIhE6qx+eWO8m6eqVl+3vpehBXJ5FpH1q856p3CV9g3zIC5a009NBQ3Dlit2YWrSapUIsyigo2ZFvJtOza2hcfnhPvF895xdXv4+egfMq1+SiKkCTVYi1V4bPfexvKhH3xXT8v7Gpe2eKztQDwlTynZeUV417JU9yvPBtScBfWa+xb1nZK6zLJgxwwgfUtANy66m0HcKJddioB/C4eAzpTULGGqj+PrLM/oJlb+zFyE7DjlxRe+5sxNGflzXqSN6u2eb9V7jLyWp6ZEMWtvH5KkdIMKNaZ2XJ1/CGF3rmSskUNq3Ww1csP3/drePmubMAUy+ucP/fQzOW5x+e2bf/EnUl1PeB2PYlVyXLvsRAOVoC5O7KdIBHWtIkYDHqAkFaiq/L3KQNxlPHJiMls1bB3gVthWjy9QwhMByBEShOUYmjW0DPTaXr+3BK+83hzKNo2cJMeqbyvQ+pWIpWMrq9geCzWy8tazy+k8cpKFoMBlenn663sa+vm249HGp28GOVOBewpW1gmBKDwu3Qtggz5wDDRBS/zwbOyAkyfy7B5S4pGo4NXX23hkUeXsbCUxQpI44xPdRRtB6A7HY0LFzp4fKW7+/bRzvfWTQwg67ZR73TQ7XYxUM9Q01VUkgSVOM5lcWGFO/wcruRvUFfb9gKketo8qLdEYKkQ+G2TvlvIsoUAKTCxeKe3VepsPN8cnuYNowPziqA1mw6eKHJ9zBoagJ/PdrKKCoUH4AanSIS0SROVctnnkbN3jZpQXnr4YPnjBa5TBIoKgVCCPf1OKov+JsAXEG3oi/MKld9f7hUQJxgklHvlzypX9j0RhkdGsGfPXrz44skY5uaxZv7ZgpFLMYyQL1reRdm2mjwrPrsSYMpnZfJ6NSt5NSPw7cYpA7LV0msAHegUXqvtsYCkVud/uD5W3uq9nqGSOLZ/S7c+8rIpP8QpPGFIQcXAut3A7k9sxtN/2IQ/e8Ae+iQxsbTNi/vQV9PO+lu+dm4k7bYQJ3mdzeEypCLw6m6TYrhSo/bT9spoRp/fxWf9NFEXWivnmi+/+L98d/PWX9s8OnbTTqWqcFZjLliNZ8VLPwtCofHuRLtQ+ERnYwYrKGLoToV2SmUv6WTP5oQpZS10Jwy9cO45lY5Z5e5vrfK705tVNdEYjG/qJNFtaaT28QUeiy51Ua8rjI6odKAeKVKkhkciNToSNyupfjSaa3+9/UrzpZUVs4JcE8UEpARotxobnpZwIZKgq2hZAQIV3QsjKN1j8p8538FAu01484LGwkKKV1/t4qmnU3Q6OS81oDRfEFQprRmzc3rqK1+dx7vf3dHbt3fR7XbzrW4pdFpHLcvA1aq72c2QpxxZEDRZC962vVPOnMCGEBwS8KUZKkWCFDZyK5Z4LDhd5EcxLnKaiopTsJAP0GDg3detnzn8yOuzra6eYo3k9MXlkf1bxi7CrkKGKJ8kzYBVYh145dUjwF/mIrwazhp2OonVHES/EEDvF5ORK0DSYhXqMA+RrcNs4THKX7BsVNEOoXodNl2wz96mD/ITiyNtXxa5+vy84jA4OIht27bhxRdPAkY212CEeYJeaw1YXa6tNv1YTLta/H5py9L18wKUlVn8jsL31RSFYpqikuFDVIUfsLI1OWxyodP5z4JMcgpc/k4qpi6h0GSLrhx7ZjxqF/I4yssFPY6sMYL6xkVM3AyYE/Csld6P35IXzkKXD4sRgNU7RSEt52fpQhGplLmnIcryvFLHk7RdScuTz6/UQdfqfZDPWtNnP3t69vyXZ67d+Tt3qmgARLHxNJsbiXLBrxAMWtlziqAmFtVZcWdlkiYayVPFAKdDzfQ4M0PZ61KtQlFI23swCXRGSBaHKrtaVXVDN47264h2MeU3nhnrXuuM9dJSFjcaWVyrZRgfVTM7rooffv/O2revn6xdJIpw8WIHzz23pE6cWNJvXeykWveCNIw8Q9k+cm+ESWQsCNMSSzS4R7zgxr90ifHthzs4f96yl6FAGgTU2vqFVjUC4Ob1kSnsfHUmqy98bal5x7tS7N1jwDxN03zbWwatNZhrqFSAKIqhlFQwnFadywXLA0++bP/AghWCw38NNL7AfRwsCnSQ6RdP5glAASAaweOURcHHANBEMzCgkkiltVhdXOnqqZRRe+rM/LX7t4xdlDs1QhD3NfALxmxbifIcxYENHli/xbqHJy4WeME2V8C7tyG6lBwHJXvU2bcRB/1RBvZH7Yp8XY0KlrijI7/4Bmxd62KKiOA9dqayeXqT6+joKK7btQtf+9pXLREK3lJXCMES6AXH1cC8H8iWvev3DCW/+5W7Fhf+ahb/26GpHw+AeADu1LhSFU20u+zcxbN5udDJepJbTc9qskJpcIpBnray/lVkMwVZyGPIFseRXL2IsZ0K2z40ide/Yj009tTA1fijgPKjX4tMkpkUmWfoPHjYHMEaJ3N54TGzVvm0apmiUOb+LotT5hno18DF/N5upyum6Zt32l1ovvzi//owjBadAEiS6sRQrTY1liTrx6J4MKnVNiCKBxFHg1BRFUpVoVQFRLGzuB3/nFw2QkcxpyAgi9Su/AVI40y9lV3IO5LnvXDpyHk8U4SxrOZGk3c2BuNf14o2S7clMVIGAOIYQL7IDWmU8pNxo/Nw5XT7qZWxqHN2uYbBPXV11cQAxscr+gMfGNfvetcYXnq5gWeeWcT0dAtp6ivkFA2Q/160wCX9ll4bT/DDxpFbuYr21EqTsbJihb6zkjQRYaCVTi8MVxogHnLClzCyXK9srSx0Xvre3zVVq6X1/v3agLjOvQ/s9BIkgFHcWLmBSg4MJEB48Ry62NweeDG+rXJTPMAkbEP7I2SbB3Kv4UMc2lJmeghlREziWlnTybSqxqQnR6snL6+k+wEgzcylFu1Uq2rsLraQxm6otHEI3XabGeC3e9lQlI/Sii16NEjGLwBvaFyzu7TFxZRGU2iq93hZw4yF0HZ9KpTidrqrQG6ehkRJ+UsOfxuQ97wZHh7G5s1uN2iZ1Xql0M+AWc2zKQG1DFj7GVFlz8rSl4XVjMW1hLXR8M5/U4OqwPX5wnSf/14cL0DPnFXxvQRu160IgcUu+n/wkMW7cFCYw9iq64Gx6xO8/pUE3kvTDzMDXsitZP0as5/l7p6zi0fzYHRAeb4EsE5HAIBu/LDm4w/J/Pu5X8poKPtcjc6yUBZnNc2wX6ex+VgmNwEknfbFRqd98QL8VkAL9sg/Y6JIVasb6oNDOydrtU2oJKOIojqieBCRqoFUDEUxSMUAlAJhCDloVLrZs8wAK4pVfntbcKsaCl0v7zAZobY0WPmvWdGIA3BzUIw5ltf0wVaU8cmkq58cbKZPDa2kM1aAvjWXxd/7XiM99kRT77y2iv3769i8uYaBgQTvuHUIt9w0jNfPtvDkkwt45dUmlhup8zh4MqSWYcGk1yUfKMhBHuzAw+8L793jX7xLGwxVbet5pfl0FtH+3L7XAKmVWnTL2CJeWm6xevSHLd3pMG65xZBntvzZUWdpBqIoMgvmhMXnsTGsBIm62jztG1dPCn4FoQzG/bGtVoGD1RfC2MKSDpZbsn9vdQEbr5ofAXv1uoEzL88uAwBaqa4597osxO048N4lzq1TK9T8VICn3n0T7dR734x3rROVnbNu8yLPC/i+5GtbtKa9K9y1UTnrA2Z6L0IvIY4lbCmy/2VcsTYmbzDONRSr7NrlL0NDQ5iamkKlUkG32wW8RS6vubbz6PZ9maxaTZa9HQv8Su57GfrJ8zKj7O14E1BIt5Zg+Lb3N/bC7VYBvHUtGr7EW+UaPeyYPQqb9ch4YC4Dc/EpFGn323mgxIBMhoD6BsCAubTS5YEzpW0eF16WNW6/DMRzAgBNzB0QpaYOytzCpqjOgD1Upp9msVbNrkjjlaYGSmhdc35X+i2fFzUoOfjsoARzplqtmaTVmjkD705TABKiKI6iwVpcGRmq10drdx/8zR06q411Uka3y9is8dT64QTz85leXs5gTomUJ4n5OURv5TJiTZ2kq7/VTtRHmPzd7wTMx6k+Ue3oY4PL3eMD7eyimI817mlzxWsKIqysMI6faOHFl1rYuDHGzTcN4NprBzAyUsW2bRVs37YB8wsZnn1uEc89t4S5uQ60ln03VD786n84AV4E5mDOPRd+FlyCvfzCPS2Vb63MAsBqVx9rRpFbVUoAuhV1Owifi5h0twsce6INZsatt+ZCn5GjO7tyksRo+3bPeqDcS7wrKC0e7MXOBhdCNcbNCedKhZ2m8DwS0FG0LEiU74wSwdNAKAWmrQvv2L7uR9996a2UmeLX3lq+mYm/bct35zFY64Vl0ewMj6Jws9MgRtFgz5fA2KG8zpa6MH1xOkPST2yfcPBOrpCXW0ftdy4I4vDEOGFZ2epaXcDRknsjchCQxxHJRFLVsIBh7XenaOUVvPrqzXjf++/GN7/xdXt0sjQO5AUta5FbZR7GftOgZfmUGUz9ypehn6ezzGuKQtxi+rLfqwWfZ3XdJPKp0ACkZf8UzWw9UMEL+c4Fr7i6Lpcruj6BzAei8xS+2982CTOgKvncf6DMlfGqh8/97kOXYQ0diN1/sx+TwcaFCzCXba5crXMUCV5tSqAYtyzvsvzLFJUrMayYZ/F3WaeXi1iKgO/OOgegmLMkTZdUmi7VlUpGGrpyG4hipQgVlc1tq9Ar7ZZCtap1u03odhnaXgBjhZUVg67zkmYwpt5qfXphMHqkOVC5BWCVdPjlkeXuS5WMm1bgAKTMbb4caPSBRQwgTQnT0ylmzi1hdGwZe/fUsH//ICYmqhgdTfCBu9fj3T8xjldfbeKHP7yMs2+suLPji8LTl22FI3Kh3wvW/kjPwmAQP4pn6VO+AHBwuftEsxb9OvxkGjKFnYuD8daR5fQMM6ssJf3kUx1UE8L+/b3ZW2UkIZUr5AR7ILzkkftlLwspIL6cOig6LgKw4PyHU+oL+YRVN8+steeIZgTQGBgmFH5naCbGvi1jc/Uknl5uZ9u15tjWL1AGAjyXK8rdP99+8CBuifDu97Dt3HeEkE3yqevaPm4I8vKUOMkdAatuCkQqNb0KgJvNgmxXSa+F6VCIe8++ycOCNiNXPqxCww7SXRaTkxtwy6234pvf+DoQLoxThb/VjKAyuVQE8LVY3TLelcroF1az8NfqNb0Sbb3h4+d2IUr8kLeNZ7VDq0QVgT4AZtF4QCFtobyed0JWybKM9qmCdBD5reo2CkJfC/3tdIx+8XJiWAN2wZbSzFoRqSEGVHzf0TT9zIF+rph+2iVKPss0zivRtlaNr0ypKCun36Dolx7rr7oLY+tuGVOqNq5UMkEUjSuKYU7Vi2AW1hEApYhIP/dStG550KyDiLv65POzzRYYCuYuQtdZwtXAti8VhDWA0eXs1GgjPRVYjQQl3LOaGEHeLgRaax6ZgctzGR55tIknn1rB9u0V3HLzILZvr2NwsIr9Nw5h/40jeGO6haefnseJFxbNjW+5EPPgbYuwZ2NbSy7s2AVXuhlrxc7vxqtzhWsw1NBKOjOn+WSmsC/PVwNQjcHKB0aW00+xIkWadZoCjz7WRrVG2LPHgphZ6Ej5KXKKzGgkInD+TBoA0vPgecairgVp4ORG0QwtzKULNJVtHBxaRCHoBOpGkVViSsTRx6SSCOm6wcqp5Xa2faWrJxqtLBmqRqkFa7ZzgsEkuLBWRTV65VpY93IQL2zVc+/8mQ4si7cxrNEEz8tAMcgB1i2m65lP712V7j1FFNQlKNm2lbD43DoOSxTch6HBPgt4YZ6MrVuHnTt3olarodVqWflhPXn93O5AuZtcPr9SWA10i/HK3q2mIFzJM1qM188AW1v8n/58DbWJHaAo1JSLmqLrGPa76EQS1J1m6fsLZP8JFFqE4O4zz78TgCjcrUCFKJwBuosrhNKpkX5z6EUgQ8lvD3K2t2aUsuKUCOZgGRPqAJCDeT+CZHg77pWQjvLwduaB+tFxJQ2z1MV07a7/BrXahq1K1fYVJWq4Yte7mFmRAkN3Kmqv7RBJRz8Lti5kozCF/S60gJzFLoQSmFWmoIgZCtCgUJGSh334VbkOOQNF1RGeC81WS+Pllzs4fbqDTRsbuOGGAVy/axBj62q4eqqCLZs34Cd/chzPH1/Ec88t4K23OsgykY/kiSgjcLUGlpmwjsR4lVua7OrojFhFgK61sm8t1+N9eVpFIHQq6n3dCEcrGTdtQd0O8PixNkZHFSpbjWs9ipRzs5tT5MgRpvI1n3I1tmuHotDIn1u6LWi79oesC1x+wqgP8nKuaitTZJEivc2EREIno2w8BtpZppI40lPrBk5Nz7U+2Gyn2xeanWS4Vu+U7ev228ngAZVku3n6y+bSg8B+m58EYK+4WN4J4SkWIMnzQez2OJOFBWepLEmLy/InYJzji4NmWYCwyAM8sHzIG0Iq2k4hsmoL5/na8vLPKFLYuXMn3n/33fjqV75iXe0tGEs9RX+3uw1FmbSaO76YDiXxytJdaWqy37OycMe80QAAIABJREFUdz+OAdbPkDKDcevP3AkVeQAOGqcI2Pn3YE84fN+SIJ3LQri+aYsXcsuBPiPszIKGdM7fg2HjE7VAtQbAQGcRaJwrYUvf4NqkTLsri1z8DBvVVv6tFzQRNUAKipTO9+7WrpDHWoLUTlfrJMW5hn5WdVlYi3unLH3fdK+e+j8w/frR6ZWV6ROsOwCcZewDhf0C7NgZAwCDO4PN7nMMhmKz99zEycWx7TCB6eABRywc05GmVIFSJrNvHKaAPAWFv4ng9vYK68P2Vekpsmm7XeDsGx189WuLuP/wBXz96xfw2pnLWFpexsgI4647x/DJ396GX/2VKey6ro44ttZWqOyY/J3ocw8d3tu6CTBHEDenjxkRKAUI6xY6PyTGnOQSE8bmxmofAAMafiHnwgLjqafbmJtrodVuYaW5gpWVJlqtFbTzQ2jM1jbuYbvnOTvAtH8sopEQNuEeewPyZp1AwS0vrEkUdDjn2vVk5Hl5tz/7xpW2oVMqkzjSYMbNW8deBBiaEV9qdGp5X1G23OLpbbY+YfkWiL0L3BVXUApcHaTste9ZxpRTSvlvq7yK/uIOwOEwk2ChI0IlwPajHsosQBc7vqubmLnPpzykEyPIj4MCHD8sPhgSCJs3b8bt77rDxrBu96LLfa2yc7WpyLcT+gFoUd72K7dfXv3CavXrZ/ED/+TSbkS12CUPlODiICH/zCmIwSgV8QWQB5YGPLhbwAbBXYcIkafOlHnX3NJbj2gWlfUXwADa8xpLZ1apfv9QPPoV4nc/13avpmZ5MLG3BaDBrOEP4tCJyKdsrhuF9zIU3fMyTjkt/evRz12+Fsu9X5p+CpGrx8LCc1hYeG56oL5tbuOmD+0cqG+biqJabjXk/cIpcAQCNIihFU0CjEjzqcFWNsvkt2IBTqZZ67sgpOE7nTTdxGKm4jYyOWctV5+7E7DyPMP9wQi+287MDFy+nOGHjy3jyaeWseOaBDfdVMe2rQOoDybYu2cAe/cO4dKlLp54Yh7PH1/C0lLaC44C7ODKt1Xzyoa9jEa65aWOo8FxnHKz1s6+3KrF98GcBakIhJVa9ItppL4Za+64KgA4fTrDls0d1AcjRCpCFMfmvPfIHDZj9qZHUJFyTHQ7rYX7lsmDtlPeA+C3JJNX5ghBfQKQc7jIrswwOI3fgYwFW68asUvp5J25Wk0DwP4toxdqSTSz0smmHjl18Yb9W0a/Z7auhffXB/u08zKLiqJsOysUiUW9hMVksumdlw68DyyOWbUKXQD0cPlIJcJdKSumqLxMltsQcytagH8gv1253v3vW4CcciTbw9rlhCByj0Jhx93w/8/bm0frdVR3or+qc77xjpKuriRbkm1ZHrAlecC4DRgDNnFwIAFM3stD2EmaJA1JIEmH5OUlnam71+r0Sppe6wGdvPTqJN3ILaA7wVmhyQB4AMnYyJItW7LmWVfS1dW9V3f+pnOq3h91qmpXnTrfd2V4r7R0vzNU7do17d/eu4YzMIgtW7bi9rfcgSOHD1G3u7bWAdftDizP6l2OrCuy4Ivi+Xn8oPl2o9U9/POxEZQHN+X2nZsOJOHsL6dCwggWN2k+ZHRoHPqZVX8aUMdz7jsrzcCzUwJZu0qOuVMCF3fpr60VheA0cMg1E+oURfMm6vrLTyJ+8svA//hpAbBpAuZgjHP2WPax+u1PdXPh63v6v6gAIR6LNFEReLdcMF+ONe9f+7wLAGgsnV06ffLPjpw7/ZcvLcwfm0uSRfVKWksiE4YiAcqCs/UAQ7kt9ygiMnbnZon15s2nZiaTcTeC9DcV3TH7THAPM8mEGXFfMi+eC+YwHZuOk3YbOHqsjb/+mxl8accEvrtrChNXFtBuN7FqFccHPzCKz3z6JnzkI+uwYX0NPFuUSmYlTZ5axFo+9UuXJ5qGAYgkEsYYX3G19Q+QckYC3JYPo1dWVT4kpRSCIdYFlVLi1f0dzFxVJ8m122202i20Ox10Om0kSQdCpJBpmsuTug2YZOQZ3HeONa4agx5t68/X0rLSLXzm3tcYEBYwLBNyrsVtwJCv7Cs1B6vxKQBIpeQWJjOeyAlaUhquTT04mC5troQM8cDAACmMxU3sWikVeDqV4R5Ko93xTqbZuNLsUo+p1gSM90ASHpzfvIxmVFkjcQzflC/NP1HCnKkj6fKp6lcxeuutt+HRR38UsBa6XkSrgb3IwKHPaChyi19LHN9T6ucXstZDBmI36zvEU+84P3tuELXR+42rXbvzGPnvqLUkMHrhATsNFnyz6NLVynQco5n7XEYCUnKkS/cavllmEPPa6wCA5lWOmWNAa7oJVW/+Z1RpHeTaIPT5VB18UOpmIUOIhAMQUoolNx4DOpG63/mEb033mosJgXMof19T6UW3W6ddjpZYpMUWuZz0dXth4Vh7YeHYK7X6xvqate/fUu+7qR5FNSirMhPrnHMJlCWA/qX2y1AIJNyTuNyOJI2pBdORjTUNGGC3hrtLIwSI/lGmviLgA7u1dOyv7vxCAJcnUoxPLGDPnkXceksFW7f2YeOGOuq1Cv7Z/cN4x9tX4ciReby8dwZHjsyj1RKWtpc/PUXMPVkNThxdtpSBl1O5UGul/2OpGv0LCQgGcAaGViV6vFmNn6m10kmpFx6CYW5O4tTpDgaHOiiV2ui0S2i32yiXy0iSDpIkRhRF4BocvbpUN+ahhVkCfFo+0Hl0S8dajy5dukjLtRZyC/Kkpe3XC21L9SPNITLrV9YOXp5rPTg23bidAc9V4khQoyK3oE2DEv28qKfISDei44o3spfuPdf9y3gbTKXkmTd0tEKk7nQ6K9+poqTrh9KB0YNk7leaNLlgCiBdGrq80kZ0FBAw0sZaWZAYHV2N+++/Hxs3bsS5c+c0kOsV71pu6yNhgd4ysMjLCi+OpgUSp1f8UL5F77rxB+/Z8pSQnz3bj/rog+CR2xlp4+lAXS2MNrDRND0hQi4YudYudUcMM6IzEFBXnVB9Sja5fB2Q3GjdY1CbZfjgEYABi2MC498D7OlwTdgjYLt5lwUAXuQ20ZGLNLhcg0iZHa3J+IJasc0TZalLLkdTNT/58adoHvQ3NL/TzfXTy9XTq+NR+jSfXlonpReKFyqX37kFgGZj6dzMmVP/ec+Zk3++Z37u0FzSWYCUKQAJDinAUI+EONK/lIwB4IwxkVu0BoBKFyKyXW4d4EYwlpGhsBYfGIgxpiVyJtjsLfFgqYdBS5/EXVyQePXVBnbunMJXvnoZr7w6hanJeTQbTWzeXMPHt6/Hb3x2M973vtVYsaLklU46ykSuPkihGKzVGkkkTEq+eqr5D1zIMwyMk0Fan1xR/iQASGY+NAMAOHEyQaORqmNhOwk6nXb2PzFHxIrsdDlbZsJBZi1QMA8pH8a7Id12oXvYrXWurU4rZCSzc8oEP3grSWPGWHD+2xqj9oCYaikSAPDWG1YcgATmG8l1mSEJY9VnoGTaVMJ8J5xuxTJYRrxQDrCBPqc9MPslAO7Gc8tqQTIDRKMIkerNKsVd3Kf+UyPOWPCaWUnpEwtP6nJR5mB4Ml3fwfNMAXWUXVNJxFJXNLds3YoP/vhPAK6VXkWxlU6DL1vps15WuO/V7ObFLMo3RDsE9CGcKco3z9s/PzeIvrUPqRPhQJqIjBvqbtG/zjA12p5NZ0DZRPJ1R5cupRn48BAglLzpXHgvGLLvxOsG5zMobziAZAmY2Cdw5u81iOsFkCEvMBDAuaKz3ItCoYYgD/wNB8AVKDHoI18lZBWzF+oAFgry6t1oYc2viF//eTetxr8O8VOUd0gr7dYxQxqVWFo60z5z6j+/UqmMVkfXvn9z/8AtI+3+4WEJFlda6bMAIDg4E+rrajpQ96r0hSGxaEPuccfatUgD7aqywpGZV/RePyQL7oz7llrTbj7SZpYNnCQFTpxs48TJNoaH57B1ax1vu28Aw8MV9PeX8OiPjOChd63CsaMLeHnfDI4fX0AqvO1c1Ep1CgRnMGpeuEQyPNf5wvRw5XMABFNfFhNJzB+YWFn5kdHp1rdSyDhiLJFSYmICmJ1NsWJYIBXqnPc0SSHS1BwTq4BArYLPbaWDLzs8azs4fUCAvIAScxJR4HcSiFo5Flnb5vq3ll9eXoIxhvtvXjX+V7vOLnRS0c+Yk8Lll9JglBP710KrRL4Mmp6roPnF9p0KNK2SN26ebt0EAuvykngGADjHyQaBIpQWgDrSQQNEBuuMTiZZmFe/un7U1erVo3jooXfj+eeew6FDbyzXSge6ezJBni8nhOIVydAQD0XyPSRDu/FLeVHPf+HyCMpD99vNWgSYqXsl1Mga9I0Y1cAr7X2wc1ALniidTpvqsaBpgQORQDI3iHT+x7L4HDIrI+9/HrzaxPSrMU7/bQKZNGFPhtP/Q3Xo3zvb1kIJOIoTO/ds2+NCHngajPHEMwPLGLouO6HMGQAhYC5yxRe997U7Hzi7aa6hUKQsFNEMWeB+nRUpEY5noNWaaJ8/+6VDnFd49f5ffR9Pb1wYmmm/ICUDB+xJ6WQSTrsw8+536wLXIMv89CReOC2IUgBIsvDDLMQDjIdLC6puNCGtJejkJSVmZlLs2jWPF19cwFtur+O+tw5i88196KtX8Lb7VuK++0ZwfmwJL744iTcOzWFmpgO7zU3zmFdazLSB+isgwYfm28cW6/Fft8r8JyWs632xFn9qri89PrDYOaNBHVLi8mWJG2/giCP1vxRHKJViVMolVCtlVMplxKUSIp7tV8ebDG86YRbUx5DEtw+Ob/yr75767Xo5Gt840rf/sW3rXrxv06oJErOr1dXspPHoimp79VD14MRc64HL8+ngpjX9c9fKzJsKbzLZDyN0z3r5jEkJtNsdNBpNK9iNzNfjlyQww4lYgZkCfdfdd+P9jz2mAb0KJdz1zqHQFrYid3aRQYMADf+aBt8jWZQfvHih+N28mt0Nr1+8uh5x3zYgImAMAtCAAV9JrkHi+dfMf6HBmeXfGwOI5ucH/T7lYHGC1uGfA8QgUSQ4wNoo3fh1tGaBS98TOPN1bZ03oY59LbLSQ1hoPs5CI/kJ/BBqOE5qpamrAgAYY1UpMQhgBvmvry3HnVPU4D4v3dKE4na771buXvGKaBd5APQzAWBJiBaW2NwesNmfu3L67/asWvX2bZXqGsF5xYAqtfKo21V3MrrH3beiLbDa1b7G36hpZmnB6Lnalr4TdJ4qtZ1rZIyMA8sD035FYhlSPpKOxOsHFnHwjUWsWxfj7rvquP32PgwOlLFiRQkf/OBqvPe9q3D4yAJeemka4+MtiFRmeVNrSIfMRmSGVQHJ+LrLjR3nr6vfISJ+B/Sqd8bKV4crv1dKxG9Vm+mkYDJmYMnUVBvzC81smx0DwCGZcp12UoFqtYo4zubTNaCTNjAr3UPWO/W0QB+qoo7eBWNoJWn2kSOmzlu3wkO4ngnTj/iW6/rGKzHGxmcaD4zPNO7bd3rqiZH+8t633rjiW0++Y+MrkkEwAM2OjLOV66ZPSgm0U4FOxLCmv/T6xemlB2YXFvl8H4fjZcllLW3Ve3LObOyS0hgzarU4tWxYjgbFPjv1Y9f3k46apbNbG3Ofss7agUl9bK5vXxA6RhEm+rN+zvRJd55XzOHbJnJXRVjrL+dV88qhnw0NDeHhRx7Bnj3fx+5du6iVnqD3XDoNy3m2HNnWLV03YA9dXzufH38FGL7tVkTlzU7dmf7iI6wn4Kgb3ZGdxKr2LW/Hgqc0/HeOssYhEwXkiBM0Xv9xiKWHiTUvwMDBh7+CeMUELu3meOPPBeyc+RLy1nlPXIrCJTZs+b4EGjiJI9jWj3AceDplWz/yPoDdr7wJkkGihE7rL3Do61dw8GkOICVpfbpFedH8fO1Pdvn1+SxSs3ngnU5XxIsMXPu86/S6o1M+dL0Lcq2ej+1dwPFnDjcbYwvTUy+OzUzvvRLF9ZUDA4NxpVKFlHr/trVCTYaMiBBn7tbe68VkVOH0t4eZ9KZjZ5HNpatcWF5APAJEYSBVYpQJg782rbZMAGB+XuD4iRb2v7aIyakWqlWBeh2oVjg2bKjhvvtW4Kab+gAGzM0laLcFjEMzUxiMgKeubYX9otRO9y/W4wclY30ZqDPJWN9iLX4Hl/JQrSMmGRgkR3zLzSXU65EslWKUyiWUSiWUSmWUSyVEFMxzLnXNh33OGOMsm1xvpWmUppJHEQcDy6ZW1YZYxpiMGBMxZyKOuMhaRuoGWmgm5XLMs75kzZJyzNPHtq3b9cqZmf6ZRuc2KREvttKNxy8vvPebBy7ff3piUdx5/eBYvRx1dP9sdkQURwyMSRkxxctiK0n2n5997Lrh6gu3rRuYYmDcoB0FYJOzloFawbLgpNs7213vdwpCRwlLJnVftd1OkSZ9UScCeaSVhqzhaV8z2wrD5pShx5jth07+jlBn0FvslMJhlRWaxp120mOT6ZLCbB40Wy9h/msaIyOr0Ww08dJLL/JOp6NlibbcZParj2qi8jwko3z5GArd3ndLF5Kh3eL7cajMzaf75OUY/evfjai0xlaUD8CA6Ti0malb3I9rG8uCs0lr287QpO+spcAhRaQ+yciF6uZcIJ0bROPATyOd2U7iJgAioLIf9fv+FHNnGN74c5F9LnURwAwUoLcAdJC30HUpcnUZwYKNX4n6vqhRKBiBbf0ox4GvCbb18XeAsYcYpOSMqxqIor/AgacvYvsO4MDTktBmgTz8/DiJ6xeKwaXj/9JydMuLBd7r/EJKgg/UNI7/Dl46/UsVGgr4+hmDGqSJEM1kbvbApfnZvVO/+3sfX7d161pwzrCw0EGno7Iw25h0n5P6D5znjpAjtUJXQtttUcgWg9LOT7ijDUEBk8YJpKEr4v20lC8tDJMEGB9P8MahBk6dbkCkCao1BeyrV1ewbesw7rprGP19MebmEjSbKeh2EkaYYlpaA7yUyMVIyFcb1ejtYKibNmDoa9bi9zRLcVJrJqc2XMc7N91YkrVaCeClOCqVeK1aQblcYeVSicVxLAmgZ2CtSt9KRJRKyUsRA2PM6ZMMkFHERcyZ0O8YAz9wfmbV8UsLK58/Mnnbiycmb/lfr40/+O03Ju57eu/Yh57ed+Hxv3v14gf+7pWLP7b7+OSdK/vLJ65fUVtwGkTlwh+5c3Tf6SuLC5fnmndJgHOGpJWIkbGrjX/27Tcm3nn44ny5HPGZ61fW5qMIgklmTiVtpzK+YaQ++7/2X/qwkLjy4K0jh1tJGsWciUzvyrqO9n7YIWenaaQVmKEgdTPZVd5Ou/UAYOowcj1JWZ6OUKZ0rGcrR9lgg7tLg6ZXQ0vas0OgcUAxZHqYT5hcG28CwRDLqR0bAMB5hJGREUxNTeGNgwe1EdYhv0mWNIEtLJWVVH5184rqOG8G7EMGUJFMp2l8Pn0aiu4vTw+gNPAIeKnkZkVkEwVqGnLgzdzOA9oQtFNlQA1kJkASAYJDSvWfcZiGRAbgjKlDWFrnbkH7xAfRPvfLQOtuD5k4WOkEanf9W7QXWzj1NYl9/64NyCUA8wDmADSy/z6G0HrxcUn6i+JCcytF8xmheWUO4AokiDtLApKpFZmWpW7u5xA/y01XNG/uz/uE5sj9PLt1+qIpiaJpi6I5dR6IE6rfNoBkcXEeB1578cTHn3hi84Pv3IiLF+fx+uuTeHnvJM6dW0S7bbd5OWCOvGzz+zO0lDbCjmVCm9n+7gB/FhcAiIVtziT3x5WXl50uYP7QdMYoDa2WwJkzbZw928aKFfPYtq2Ou7YNYGSkhqGhMt73vtV45ztW4cSJBby87ypOnFB1AkjjOdBBSghA8oHF5BwT+O3pFZXfTDnbnAlUIYFqo8Y/cXF9348Nj7Jvn23wF1auYmOVUpRUS7G1xhlz6Op21s+qJXX6mvY+TMy16pfnmvUjF+fXTi92VkwvtkZmlzprm510eLGVrhVSVluJGBECZSrY9art/mp8YrS/+vqd6wf3PfyW1cfWDteWHCtQmuNFRasj4t947Nav//WesdPfeH38X7YSMZrVq2h00vWvj81+4uCF2ScGd5eOrRmqHLx93cCBezYOn7tl7cBMOUICMKweqOxJUxkD0nxilQG8laRco2cljoSVhRQImbD9Kut3oDI3295o+igFcOfcP100T+ZmcUkHctzoGtjpg0zR1enVre7j7loPS4RZRYNsRTLGof4QTzZ2ZFHnN53c7mV36oLUnSO9pfoK2+Mf/UkcOXwYr722PwaMAkpXQxctkNO/ofU/oV+arkjedZN/PwhdN49Hvgjc8dNrEVXutSSk85NVLDealJkrIX0DgDmpjSaTEuCxsGSYMAkUPWHS8Egdc85J6zAGJLPDEDNrkczfALl0K2TzDiBdb2mwBFLGRtvktd2o3fUFSLaES89xfP/3BGS6BGWVL0G53el570VYkmuTkOp7rQ2g+N6+I5Y7n0ywfcfPAvKvmInLAch3yZ1P7mbbd3C588lenaJX6LZYIkSrqDzwni2rwt4Ev734DsXTITQIq//4zW+946abNpU55+h0ErTbbZw5O4P9+yfx6qtTGBtbMpZ7cN4brvDyTZU8kBRYWD9I8Bb3uSwSa8h75/NTLjNs2lTBXdv6sWlTHQMDFcRRDDCG8fEmvv/9qzh0eAEzMx3QRcckcAAi4bI8MVL/eLvMf0KCxQpskAwNs3hggKMcc1GrRGdW1ktH1g5VT61fWb+0bmX/XH+9lmwYGVjor5WTdop4ptGpLrXTcppKfnpy8fpGJ61enm1uXGylo4utdG2rk46mUlaFkOUc2JA6BxiqJTYxUC2dWjNUObJ5tP/4/ZtWnrlxpG9OW7+MWL/ONihCrpWkcSXmyfmpRv+XXjj72KmJxfc1kvQ6B2SIfRhxNKul6OJgLT63qr9yZnqhtbEc84WPv33D36wZqi6t6q80jdcdMIpczsYkt3QrXvbhEi6lRDsRXBk/klj4diGjqRECtiYvBlSiSKiIZF7d1IXpXq5xATsNo1/Ydee0DGSMqOeC0vHNSJoO0qoj4RYm722ZeJ5/VTfaHd/pdPDUjv+Gz/2HP8HMzEwbaufQXPargUAfSCKw/SnBnJy1spCNIULbVfsd9TrjzSuj11+1Wq5VGz/IA3/D2dbHhWtZexqasggEY4B46kmOT17gqK58D3hcNlk6/ZbwIp0eYxUw846wba5pK9KO2imrd50YydxKZZW3+iGW1ql0jY2Qog6ZXAekw0A6CimrXhXpE1S5fVY+iGjk71C77UWIDjD+fY7vfFJg+pBuwxmo9tTz5yFXe9fg13w3UARcQILzbOvjZRz4WoKf+qvHWVz6n5DCALpMW4/gqz/3rAfoITAN8dIL/HoVuEhj9N+55Vke/eUoAb347aXR5misX7+h+g//9M33DAwOKk9QmiJNEnSSBAsLTVy8OIdXX53EvlcmMT7ecA5oARwsNcE9RAagwo/Gsc+ygVKE9QWKBIkAmti5y9JKwijTPDpWthXIUQysWVPCtm113H5bH1asqKBUisFYhMXFFMeOL+LVV2Zx9txSZrU7vHEplSCZ7Ys3zfeXPpqU+DuqNRZXq8oCHxxUq9t5FCGOI7MILopilGO+xHmUAIiFlFUhtabsCZmCWgCAUsTm6uVobLheOnP9itqxreuHjr/1xuHxgVqp7URm4K1E8ErEhQSEK6EKg+l3C82k/Ncvj93zxoW5ByYX2ttaHTHqg7EGOCOiGcAZb8YRFioRny5FfKFWjib7KvF0xFiyZqgyVol5O45Y58ZVfRN91agNANUST25cVV8ol7KvtTEr8PML+giQU6Pb60fGje8LdCPI1XtiDKtSMBdo8kqIjesbcfaM+Yx26EMtkmV5WNXAbXV9PG1Rn6DjyR53q7nTtxMTE/jjf/9H+OpXvwIhxBIsAPigDoQ9rECxcbNc8FiubKZ5LEeWqvifOMxRHx1BqX4/ELtWtm5c0SlDpLECX8HVf/UaolOFbNchO3W1wFRGKn1Sh+isBNIq9AJtmQxCipVg2RHlUgwCYjhTYjikGFbZUgWBcM2KOotWUOIxsOp+xKu/g8qNR9QqmJRj6nWBFz4LXHhet+Ec7Ny5Vsp0WC7GOb2qm2ulJ1Fjof/UX34YPH6aMWuhS8j3YueT32Xbd0DufHI5DP7/GbpZ4csFdH2NLvG7vV+uJ0C76PHpz/zK8K//xm8+UK1UFFEhIIVAmqboJCk6nTaazRbGxuZw+MhV7N8/hRMnAqevUU0ZKMQfq0RT66e75U4XROVPmusC+NTCyQ0YSztvHar4/f0cN29SJ9HdcEMd9XoZURQhTRnOnWtg374ZHDm6gPn5xC+DqffFvnj9Yn/8zmbE71+xOto0OBDFURwhihSYx1EMfa/d79oF7xhEfsEAcM7a1RIfH6yVTq0ZrJ7YtLp+8u6Nw2Ob1/TPuFilluS1Eskzd7djJfrV4sCTp29JAK2OiCsxT3TM+WZSfvbwxKbDF+ffMjHXunWu0blRufu1teGDTwEQkfecIZGMiewQrqQUsTnOWVPT4oy1SxFfKEVsKeKsrQGOcyScsaQc86VSxJvVEl9iTLnsOYNAJh/jiCcMEKWIJaWIt8sl1ooYE6WIJ9Uyb5tKyNiKePZ1QglEHMZ9GnEm9DsAiDmEBFCNowSQiCImYs6FVhBizkUiJNfvVR7MHKhjMs2AXXsOHOiXQCIkjyMmOmlm9WbInQrJJSRSoZ8DiZRcSkBIyROhrlMh+cmTJ/DUjh04euy4QFxdQrneRG2oif7RJdSG26gMJqitaCOuAHFFWBtcewEypS1pcsRVkT2PkbbLiMoAZKwOXkIsgTIgY4ikCh4DIo3BY26t9uyApqyvWgtdxgCrSpFWGY9KEqgDsgrl/YoZGJciiRmPhYQEhFAHOYD1o7zuOvBSP4BqJgx0XrqXZ6v9ZRVSZgfsSBIHCuBzih8NuRHjdetu8knace56GZoFUBh7AAAgAElEQVRANA5WPgNeO4ZoxWGUN5yCluVSAhAcV48KvPSvgNN/24QF82nYrWrFUxA9vMesS6QiqzycwfYdMTJAZ3H5aZY9lwCXSfsD+Oon/pEAOg0hC7dbHN+yD8X1w3Lc7X76Iuu9V70sl79urvVQOekzDoD/3de/sfmee+/dFMd2m7+EmgEWGbgnaUe55VstzM01cOjwNF5/bRqnTi9geqqFdkdAdFNZuhuYbz4sk25oX/tyCZdKwHXXlbBtax2bN/dheFhZ7ZxHmJ9PcejQAvbvn8XYhQY6bWOZOe0Zx8DbHuu7bi4q3zKfRDe2ZLS+g3g9j+IyGB8Ej6oRBXQAEefNOGJzAFAtRRPlmM0N18tjQ7V4csPK+vnb1g2Mb9swNBnivpWow566AbiqF1d3KK6/fFpdRpm5Bek87oHzcyNHLs2vPX+1sWF2qTM6s9RZ3+ykI51UDHZSOSilLEtJ+2oR2BM3ELV8fRla5GAIKkRFcpZaxVYxlTkalgfSp7RlY0ZBZowA0IDvMC0cFcrSs0LbXxlqPU6FXjdTR9rGZ+BSHReaZa2VCDWDOz4+jhMnjvNGqwOUqkCpBsRVICoDUQngZcUHV/XPOIcUKRjnSulA9gEtqg3qqhMpGI/cogOQUiA7L8zWcfZMioweg7mmH+nSz8Fgn2majKt+yitAaaWtav+cdFKlzr3/HoXdxwshA8PUsxeFtwE2o57xaSCaAYumwUqTQO0ieO0K4uEJ8MEZMn2QlSGJwWIBkQrMHAW+938CZ7+hwXsGCsz1/HkvMC/yMAtkc+h+J+sFWkUKQAwgwU/95QfB469zrhbQCCk4A/spufPJv84AvRuNrswGCtrNhe3TwDLjditvr3Qhvov4KHJJLZcnDoDvf/3go6tXj4KrbU8wtq3MjsaUEkKkEKlAJ0mQJGrOvdFo48qVJTQaLTRbHaSJPspUfRY0TSWajRRpKiEhDC0pJdodiVYzrwUICbTbEmmSH0pJItFuS2UG6ZApIM1GimZLoNEQuDyeIMk24OSnCdQgMedxk/3d/hY+up2Oc4ahIY7Nm6vYuqUP66+voVorI45jpAnDyZNL2PPyVZw4uYhGI9XpuGSM33pzKXnfI0oZqFQrqNfq6OvvQ3//AD8zK1amKJWVpR6DcwXqfZW4fdu6gRkDylkBDE8w6wB4M0l5JeKCMSZy8+CknggueGXXz4v2NsNa61k64pcBpOTtVPJKxAXMZ3WDEpMfGJtdudBIyxdmGiunF9orEiHjy3PNjYmQZSERLzaTtUlm3adSljuJGJQSZaktQwmeSlkVUsbLVdG0XNSeVlo6yqJx09OqI89C+GA9GcSuJIjBvAzNynjP+0HbZ7nhmvVkL0Gapjh18iTOnz+PlEVgpRoQVyBLVbCoAhmVwKJS5v1lmSEtoL9EpkkJqbZDM6a8fJzznLsfXlxV1uwaFpTpc6owSJC4cNMBXHXiyposN19B9AoerGMJqM8kZ6er0XRSALwJsAWAkT3drA0WzQCxPjBJxeOVcSBqA5KDlWfB+yfUQCu3Ea2YzjoVOQ+Cdj7DoPIQqI+xKC1GJsDMUeCF3wTO/YPeZ67nzGdA1z70xkYUvY/RGzSBMABRosD2HQI7nwSiUpNUv2CMc0g5klViL9AMAei1zCUUxVmOW7wIvJfrcu8WJ0SvF91QPrn2uXvblmdPnj77cL1ehzrvDKpPcQ4OJYSiKIKMJeJSGVIKCCExMJhi1UiCNBUEzAVEmkIY8BaZQpApBlIDeybcliPBpP8lLgkpBJaWEly8tIhz5xZx9uwSZmYSTE2RT6iS+GY/MAE7fe98JZO44e10giI1MyOw9+UlvLZ/CTfcUMZdd/Xh5pv7MDRUxe239+HOLUOYmurgtddn8OqrMxgfbwohpHjb21ZidLTKWRTxUrmEaq0mqpWqKJVKYtuG2mSlUkGpVEIURY6VTtuOAWimao6vEquz0iWTgoGJDEi9hVueGCPCwq5hVI5UI7YcIPaseWP5USjXV0yUI6t0AMqSVAvWgHLMhbJYpdiyfnAyS3VRV7x0GLRKFAAstpLyQiuJteEz20zK0/Pt+lwzqXZS5YnQitpiO6022mmt2RHVVietCsm4lIIL9bEcU5ZEyHInlWUhZJwIWU6VMsGhvgrHhcwsW7fi3PpQHgYuIbiUjGf9k2vXrqIjzfQW9HtlPbsmqg9Aqr9zY+UTXJIAl5Ccq33IgaayFnoAygS9YSiJyuYbsDRzBRMTlyErfQniWhtJK5Hl/gSlSiKlEODlRDKARUgyPLdKpuoFCTJPEGNciDQB45H5JLYEgxQpZzwSEJKDSwHJhAJlCSkEZ2r9iMiECyRnCQNPIGUigTYDSyRkS2kMURuQTQkkkIKjb+MGxIPDtqT0oCMmwKIlsLgJyTpgcRMsmwbRGh6DAKIErNwEj9tAtQkncAEWJ2BR4nzm1FFVMlpEUbavPE3aaI2MQ6ZK++Gx5klkHikBFllPjuwA04eAXb8CXPzumwFzYHk4xOnX1npZwCFQtJlkgwRJuy2jEgDJWVb5EhjRkQryoYz5cYos4FA6TTOUxs/Pz6ModOPXpx0C4lC6Xp6DkFu+KG37O995/uCjj/7olthso6LR9eEYDDEHJKLMeo8hZRnuxzasFQ5QEAaJ577Tkgr2Lkev2UxwdaaJc2dncfz4DI4em8H4+BIWFhKkaYFSQEAr90LSONkls8/p6m/mSkF0Our8+FOn1da3t9xew9YtA1h3XR0rhit43yOjeM+7R3H69BIuXWpiy5ZhDAyUBOdcxHGMSrmMSqWCDMi5BnI/SIlshbESxNU4Ilo9M9MjttLccmqQ9g+osfStULN1RBtCCSF6voCjWJm/rhKQvRd6ixr018/UwkSueWplgE8RqxRxoZcRABD9lajdX43bmsM1Q9UluQYzYQWEER6IRR3wuOSB2r6jS0HgxKQKni/QrZXl0HD6k+XTncagK+91n8tKrHHAzy0A4vadXVlPvfeOp4IQ+NaGGfzhH3wJ586d1UChV0s7q94lXCDvFkgcI0cDPSwUP/hM5mlxfHZ+PXhpG8DOWPeGb4mHANhr4CA4S+RoSsMDBWUoUPbo6orXoOxNz2T3ApJbJUsDviTXYEDaBCZfBZ7/RWDqNd1G07DtRMGchl6Yp+M4GO1b6EUEepn7wJef5AASxOU5BibAwKUUPBMGAwFmQsz3AmF6X2T56uteQBzSfkIAWuQ1CE0JUHd4COBzDVCQZyiE6kMA4J/42Z+5uPeVV7dcd931iKKIvGZ6m5D55dpO6zIv7QtDI3aJIAkcO2rApdVKcO7cLI4cncLhw5M4dWoG4+OL6sCXLK3Z324En92Da4SgAR/vYy9ESGr3s6aneXD2yut0REKmqcTUVAe7X0jw8t4F3HBDBfe/bRCbb+5HX18Vt9zShzvuGEIpVifBxXGMUilGHOtT4mLEcSyoZU6BU4OYsyrfU36CdWmA2wJs/pATp8LzjwECLv5LAqJZ3dnpQ28/O6MnCwIycx9KKVGOuXDaK/PpS+L7tumoNS+5WSpm3Q3QANZJBTdlJZ8LDlvCzMhW+oq2szttI3QElLWnJAN687U4CsA6f0CpllJnZuvMPwPAsMEsQwxkGx9pB3u4jO2f9t5Y+UZxkkaZtVb8Q+9+Nx5697vx1a98pdrptAG1f7kfrlzRVivnH39KiP/+BOfbnxJi5xOcbX9KyJ1PcPbxp0zflAe+xtnWx4U88DXOtj0u5Ot/w9nWj6r7rR8RTlsQRToYXN2Ly5UP9qO66j1gka5KG8n0HQKI6rAW276O8sfcbuHLeX/hmvIiuOkQkTRZvpzBNpgrN1RemobmO68+KuthEbj4HeD5XwIWzupthjMIg3k3vC16l8MeFnjhEwnN7ebD9h0cO58U2L5jEwPeAGNVtQqCc0B+Ue588jNs+1Ox3PlEEmIkwDSwPJ7gvQ+59WnaUB70Wchy7sbPtfDeK26I/27vDJ1KpVI+cuzEw7VajYCI6mD0ZDYHQOEMjUBwj+8MvTdjUUq0OwmOHZvC7t3ncPToFKanG5idbaHRSLKFd1awaZ6cAUMsIgnpHPihX2jI9A213Dw6fafL6Mwze8Mvq7PR1TG2bu3HljsHsHZtH+p9VVQqVVTKag69XC6jXC4jNvPmPH/kayabckx6gbaJWfOkcAxg+RX8gCtbdB3pNEo2yq7poR/5YBTgLbgoiSgROTmHbpaoz0C3dAU90nksw8/I5LY/jUE0PiKMyeMMhOlUTRH/WoEpUovDabVq4I876aTTygDdm98tHDt2FJ/+5V/E4UOHAHdfugYN+j3tbkbEct5dixFiw2evVhFVHtZz+LZvkcZy5qIJqNNgqiqgSBjlAB4g00iErm/503h+59b0mXPhPc9uJID2LHDqaeDZnwPUCXB0rzndmtbNlX4tbeW43Isi9prLJY3Msmu2ACbbAKqMcSEluBRqj5888LUQgAHFIOe/ozwUFSxEh6OYrl+monv/XRFfy3GNdCt7b+Up0GatVqu9d+/Lx975zgdvpW5gg4VZj2NE4NmuzLRB5I0fF0hzyq2mkqFRuRThjreM4LZbV6Dd7mBhoYnZ2SVMX13ClYkFTE42MDnVwNRkE7OzHczNJ1haTJGkahGeEBJCZGMpG9lSUstXM0gOBwEBJW1dOeBOyiSJtWm5Ny8lGCauJHjm2Rl878U53HhjBffeM4jNmwcwPFRHrV5DtVojLneBUimGlFH+06kemOTzIzUooT7VKWHkQRGaWGOQnlFu20VKRtJTy4bcZqDv1IXDL6kVKQ19hy3pHv5izoz1aJgNU1pnkwTEqGsSun1DgdQhUfoofWXxEpB2UdoCuOHOanvuIUthdcO44o0+IG39OB4UH5z9cSidYlNLH6TP2+ssL2mVcrufX+W2efNm/MRPfAjnzp3D4sKC/hIb/SqbgHvyGFAsX3oBjP7tJaNU+K3FMhh71IosPUhhG1SX15c9pE1MWkcLJ9fI178VdF6f0L+M9pFAflTghQA+N7CyP4vjwGv/Edj/uQTuNAg9K6AI3/ywnPYw95TD3m717nHU7wf+aJANbTjJGEaEFIKBcynS/4Kv/MwvZIfPtHNpri3P5QKsH7pZwPoaJA5QTLMobpHV74duXoDlxA3xzgHwo8dPPjo0NKRWq8JVKB1RzZgL4NRK7mJ10UHjW9lmDl4IpHrbXJIgTRIkSapW2acdpEmKNFXP0jTFwkIb8/NtLC0lWGokaLdSzM110GimaDVTLC2l6CQSzaZAmkgkiUC7rZaECSHR6aiV9UVwwBhQKjFEkeJ9cUFgbj7brhcyAkhdMKYOrLn3nn5s2zaEkVV11Go1VGs1VKtVVCqVzGKPicXuTmn4VrBzipj0zyv34MQiQfalsLxVXbQy3ZVBIUvPuJG9pDIflRCkbW7PAvDzkbkneXoZD+HMcrXCqJtd8+IAab6ew298INXB/caAuVaZ5wpTaMEX9Clv1geh+jfVz7L8tZdK15I3ljUPk5NX8MT2j+HQoTcABRraItQHzyQIA0mRkVYUJyQv83Q+c5Kjb83Dah8ds7LFFJJes/xzAI7rHXBllKkLFqbXzbqnp8g5PHi0csLQ0yb9IDrA1SNqvnz8BX9NgwZz7SkxqbA8PCzy7jochD6fWgR2IXCzzz+2Q+DLT3IMrE8AKYSUYIwrmlx9d51t/YjIrHTfqu7lgqdxlqsI+AXvpV0ux+oPxe+Vrlu5QjyE6iLEd5D/L37h/979W//X7zxYKpUtPmtFNRNvxP6CsQSI8kuBnpm/dhTlFONMAjFkIM8YGFcHsJTLZQP0Qgh1AA65dv+nSNPQtTo0RwgBIfUee5IulYYuXdRHA9MyRQKdjsCx40v4/p4ZnDvXUF9p89zxBmwkMD7exj/841U89/wMbr2lhnvuHcSmm/oxMFBHrVpDtValC+XcT6n6wE7yoPYgnSbQR6GyrM20+1tqSy0AYhT4DXVGmgdWGbDp85axo9M5WGcnCOhpZ3RxnrWEbMmYpimJdZn7bGoY8CyGam+EVhy18KXC3jLti3JHfPsGmPUXOIBpx4nXlwr4p4EuiNP55KZgcwoPnWcnkZmbvzQE7HnvEuqLbL/wyU/iD37v9zA3N6u/na5BXJ/1HjIMiuQY3lSc316oAvxBgJVdxgvVOlsIraGYdpH2GWz7q2fMazDaHnos6L6ay4Q8cmWboa3f6Tx8T4/zDmq+/Pw/Ac/+PNCeoXvMNZgXzZcDxTK927ugsRmTl0UAFgKRvHuZ6feq0hi4bQsh9fF5fmG6KQlFoF3Eb7cOqy3YIg3Hn4sI5em/CwGuH7opBcvxBNB43fg1tL7w+c8vffJTv4yR1SOmDazXiC7gAZEyLP+IuKUYjZMNKPqlNOuWtc9CIb96XkKDJgVjDfhaeKntc3DfmbgCUrhpNZyELCgd58abUjz4YAcnTszi+e+M49ChGbNozwZXGDSbwOsHlnDg4BJGV5ewdWsdb713GKu01V6tKqu9WjVWexzrD7lwo1RYXmDbhwIx7NoFpQQQAQMaLysnrJwJ8k70CGnAQBrFzQc8351tF2MRfcQ5JU1aIuToS/Pd8AyA84sCrSvbgDjd/M0Iv4G2pDwaYWPK4y+oyytBtsyWf7uYza0v+8gbMwat3akFP70FcebRIYkyAroOjPykvBr49xUQ4JFHfgT/6QtfwNzcbBlKJjShgF17RcsgC+TQ24gKxQu9A379QhmVoUfVYje/fOTWv849ZK4S4+N0bhGeB+ZOPKryWAXWgraE43lxMyJF0NfMjavbtDEBvPo5YP9/yPbBG+8IPf0NCIP5m6n/QmObBQiFLGgg3/j0Ocyzh3+7ytbecRKMrQWQQMpYSvFdfPln3h0/8RSSp56AEz9PJ1Sgovy7uYRyhS2IW0S/W36hMiwHoLvl5b8PlaFb43JyX75w6fLDpVIpP6/bRUnWgyA3Bw1AS38lRKzUypHMwJ4BZo63a/BlfEEEA9Oy6Jm6sELPpy3tvZTE0k/Q6XRw9MgUnn3uPF5+eQKzc+T8CYNPWrC7EjuKgFtvqeKBB4aw+eZB1PtqymrPgL1SqaBcKgePiWVUSHSrAaeCutdWPnEo1TXSCCbp2WrLiNqbj+VxGtLcrrWUhRrDm6mta0yrYhlFFSCN7irMuYWMpluq+F/e+RT+9R/+ARqNRgIFKsFtbOR/t9Bbnv6rhUGAPeQApq945qZ1KCjT9xqEPeA072iZpaXjK7O5BXdw6TrxJKGh6RE+7NyM5yEAIDrAxB7gmx8DFsa0i11vS6NfTiuq62540w1DChUrH9CXp42FgOljO4AvPwk88Okqbnrbccaj9UwiEVLEYOwgdj55FwCB7TuAnU/+IADci89u6X5Y4VorPPT8zSofvZQFDoAfOHjo0dE1awx4+PPCNtjRoPor+Yil74bO4hdNIRnlWQKlzDotiktzXwam5YLMXRRFykcwOoGUmWtfzfU3mi2cH5vB7t3nsXv3RVy4uIgkkcRS1hYh3R+v6iOOgbVrK7jvrYPYcucQRkaU1W4t9wrKZeuSp6vjr+1o2+VWzLVHeNPA9cPK5YfJwJuk96YViB84SDSabbRaLegxqVVoScDEPW3QxRlAYmJiAh947EcxMTEB2Ll0PZc7B3cu/c3JxV89zlEfGQQvPWiPcvcA1wn+Ow2kVDGhIC7zz/00zlQPETw0nskLXkV5+VI3vsmT8kDo6EpvXQUO/Cmw998AouMfFjOH/M4C4P8bLHIC3YeuQzdXd7f36tnsmADub0ICAurwCQb0y7d8JMbhp9uknkI0fxgAXESrGzh2s5KL7gvdHoH8/Gf0XtMOeQtC9Iry00EAwGc+/cvf3fmVrz4Ux6WsL5MOyVi2wMgG+15prMx7HjLu6WEfdC8uY8wcMwsSx8nHUrGg71m/7upjZuUCFWyFvljp5G3zQI4nKSVSCURxjPXrV+CjH+3Do4/egH37xvH88xdw+MgM2u1UeR4c74Vd+dxJgPNjLYyNXcE3vzWFzZsruPuuAWy+uR/1ugV2a7WXEJdKBNi500ahKgmtyQkXn5jlmfVmPZF+vXkuyyyRaS9k4EGtE+IzzX95zG9vImZNu+ndCzoec9I6fDvGqF2wFrJ+STcxPITmrsN1EAhOp5fuI6khl9QbLYLBCK1ES+rZt8ZoMMMMyqVa+KmmvXRHIO2Sm45gGB1dg/c/9mN4aseXIITIPmKCJqzLvcjDSkOxPPvdhY0A2+bUmQ+oFBz9VjJxGdw5bmmfgdLTpaU0CR0H771+RN3uvgvep+XwCMKDfpa1r0iBK/vUXPn0Qd/FHtqSRutxucbZckIwPSMv/UzpPSVQ5Ba28bfv2McYu1dmq9wBeVGeeelmfO8/NdEd/Hx63aYCetHoRX85lbscEF2OV6OXMqHDctwvy7bSjxw78ejKlauc/mrnR8mBF3qenCq9IepasGgxTxUFaLrUcuhKzOFHZ68uiEXM3OQhAKdZuHP8bubuFqM8TbpYL01TdDodtJotnDg5jW8/cx77909iZqadzeebKgkoIuqWc2DVyhjbttVx5x1qX3utXkWtWsuAXc21K6s9AueRWSFv97XbutJ17tVIqHJzrlm9KM3GdsHX05vc5yB5BuakdVtTBcdyloET8/m3wjqnIAXKkT9cJqMjrcLhKiFWhpv1CJ5nJQ8YOrKmSdPTOnN/qbKqrWnzGdVQdoV158750y1qyPGhKVnw0+kPHngdP/nRx9FsNgALNv6K9+V/b/u3J2PEldsBfqNTXyCdRpdLAuRzc/k4tGEcrYYhb33b9nDS6zj6naEJN04uP7i0nHtpryk92gGak8CrfwLs/4+ATP2DYnyrHLg2jPqhBLqCQWS/9FoDiiTvKKP6nXTibPnw/87Ab2KMpVIKDsYW0Zz9Ak7v7hA6jv5DnlGAk1he/hT8fPo+ePq0JFxe4KXjXlyQZ3RkF73zVFATl9IVBfQoD/Se8khpCVqWwaGhyQceeGC9EuzaulTv9MEyDrBqxVb/1cCiATL7NSuy9WIgegBMBkCOR8AEZoDPgo0vqJmxBvUWpRwAA0YZYSxbfKUXEjG9Hc+1XPwmtu9sWRhgLGb9mdRSuYTVq/vx1ntH8bb7VqNejzA51YSaotRj3wIjmPU4SCGx1JA4fbqFAwcXcfbcApKkhbjUQZp20Gm3kXQ6SNPEWehnuKaNQuvQCB8QoySrOxAwciPk6lvLKtNUmXLCSBtKfz4SeeB10lM2GU3nPMzoqBMMaXrCXSBtgI7mn5aFASy3wjmfv3st3VtTHh/EaR0w0n2yscBITQfmbe0TMiZhlS9dBl0OV5Hwy8HsFRlXQ0PD+G//9S/RbDZ14g4UiKdQMiLN7mnhdFAy5dePcbznd0t47++/HVF5CxgbNmPebIPJ941MSICOdadSGPJpHa2dPGfeL61PwzV575PQeTu8efVI3zsyi/LXAS48B/z9h4Cz30gAqYFcfyltAUADdjcBxdIQDoUCxQ19H7oOxTVxIrigAe+aAgsNtEVMpuzjO4ADTwNbHv8wY+x2RUtyQC6hb/RzOPi0xPYdAgeeZnALzEhh9TV9RxUGmqcfh6al6XSBqcXr0/ID1fcof76HgCodmjblzy+LLx00DVrPvq6p0/kdgr6nvAAA2/Xd77Z/5Vd/9eY4LhkAt3Pq+lr3Yy1JyHNDnNlxA5sjy/5BC2JmnhiJxChdMDLG7UB0nmlLwy8oBRpSZKNw0ANzDJgzhAJ1B2uetT/UlIExMMbBuVrMVopjDA7VcOedq/DQQ+uwdk0VS40OJq80jQVF82Za+GWh3RaYnExx6PASDr4xj6tXG2CsDR4pYG932kiSxHztToG7IkwVE+thsXJSy1gj1KGB2Be4bq1aALVHtobrzl7rfOkDqY/eVZWbPSZpnCkSQJ+wZsqi69644Wm+DHa7nEqk6tdT0EzzS6/stg5duc+cfmCYcxhgJl5u6skojtIVrcybhjDPmX4NtxFhlBFbX/BCFomkdXlyvQlRFGNhYR579nwfsACTQgF7J7vWWzp8UGf4/bkhlAceQVy+GYxXcxpGDgTziksOZGkccxyiWzcOzdwi1EBefh6OlqnT0yge/6F3mj9A3c+dAr73m8ALnwVaM03Y1esazBtQLnZdpz5e+rI8BNQ+boRwgMYFwoYejwkBHcFPEJrfDQUhX/9aGUACzmayY5+5+tia5Ji/VAcwUwifbkGK3oXmlv20RXPe8J5TWt3mlPw589C8OE1LNbGQy7zXtEBROXw3PKUXqhcBAFNTU+3rr19fzm8t09E0iLpCglp9fggt4jJCTj+g4y6zting2jSWhr+tzadjRHbGpzsXykz3p6sDnOTGgg4BvRrQ0qTSdcQQReqwGB7x7Ez3Mh59tI53vWsDDh++gueeu4C9+66g1RLG2srZVFmeIgWmplLs2jWPl/csYP36Mu66qx+33tKP4RXZQjrjkq+QY2Yj4z3waj3j2JY/rPv6skxmAOrWtak7KR3DybfJLLBlPUjSp7YdbTt54AkN5FbBlJpJA+QWpE1xiVtf4ZsFUOnVicsDrRsLglqVNmk9ZcafumA6LYnmrAPw545dDSVLQ8pD6yLAv+UBTnvQOlVx3N+H3v0efPELnwfcOXR67kgM5R4GAIE/nI8B3AqwTYZ94+bxyoPAs2Dfo8EDW0fpoUqCB6q5sRoAdV8B9abAcqDvzJcxN5rOtz0LHP8q8NLvAs3JNlQd0l0D/nY0GrpZ4iEs6JXex5Si9CK0KK4I0Px3eWDd+rjAgacFRArGI9tJpezHwLpBAHNeW+cYCtDtBcD0Xbe559BagNB8NscvTnFUBh4GY2WkzUP4/MAZL98igPbB3w9FSlK3MvihV/kcReZf/tqvvfSVr/7Ph3hkSblzq9m9MWG0sHNBKTdGFCVXEfCVauixk7cq7DuVI4WV1f8AACAASURBVA1OPKIE6EVR/tyw5VrLS8WAKhJhhtDILwoLW34WiJgB1SiKUCqVUC6Xcd99NWzdshanz1zFCy9cxLefGVPfVCeV4M4RW94bLYkTJ5s4faaF1atnseXOPmzZMoA1a/rMCvma2ddeQhyXggfW5OtTAx29B+i30FXNyLww1G1lzoSHqUd1q1DFX1TpACX8uXpyReabNYBKh4o+ZljXnyR9UHoASaYEnPomwKvrHRajNDNWeXNBysxrk3xNtkEFhirBlJ3A4kLY9zSRGYeUE08hsutCkKs3mr2UEjfdtIm+KsMCujK6tJz4+WfquP7ee8HYoCXA3CohJbBKS0hpzKl79p6eXCUB5zhWRtNQoPbGqK9k+IJGKznUkmcuCXvNAmwyQLSBSy8BL/4OcPn7gEybyC96W4KV4UWGo362nDnzXmu5lj3vHjrLnTIXAkH9PA/89qx2O4ikAGOsLNPWCIBz2PlkjN7g6lvAPnAtZz4ipNF0s+4Ffq3VD7CHAABpG5g8cBFf/8lJqK8XJaADIcxPN0WhiO8iUPZ57VY3fl4mPPfsM812p41aVIW2oKm1bvs+c/u2b5k4Sq4rWKg7Eo57VTp0pSz44Ej2l3lSxAChBnIUf3DEyggyH+kxbg9V0W+1dLFC28YFtEveL4fdR24t9jvuqGLz5lX48Idvxu7dF/Ctb4/hwoVFqA98BcBX8weGJAEuXUowPj6L3S/M4aabKrj7LnWG/IoVddRqdeeY2ZIG9sCX3pj5YyrEKls5WLGM+DsBbEzSR4wSQC0bW6f663gw6xlIRTrN5ipUFIio4KWH4hrFMNf01trSfYPqgn65XHe2K9HpNJTxBDiKqSq7PfrWorsaQnZRmwVhzbbMKy9krNh+TuqE6VbQxXRVH1qPjMGqaoxhZGTErygrF1bfxvGhL27GurvXI64gvEyoqJ6scuxG9d47aZEHVEOni2ZCFSWdp8lbujyYbMk7k6d0abkdRF2LFLh6GHj5j9RHVdIW3YqmLXP/6FZf9gO9ZXIRphZhRBEW++84MgudRvYZDQFVKBMAEOoTe0+D8ThRLneeHRYvOXhlOFAov7BFDPvXvSol9M5XQtS7nz8LVEdWIio9AGQa2swJ4PlfP4hzzwDAStjVi/pghuVqXj6/ywkhZaSbAuTTzz1fXFhArVolQy77QhfVnEEsAqrZwrUccpYtAXPtoja6tuMSB6HhKQjQ6SwASfKr6BMa/vjUygARaga4JBVGOgVygoA4GNz5SQIk7hGpDJwria+sdm6Ouv3gB/vwrnetxxtvXME3v3UeR4/OotWmTWS9BP76hEZT4vDhJo4da2Jk1VXccUcd27YOYd26/uzQmioq1Qoq5QpK5eyYWR6BR5nVHhC0jjWpm1xPbyC7ZjQKAZacfCdeDh1PWuDyG8mdCrA0nbUXpt2JAQdJ2t5VHgyQMQDZtIFdkElkvbT3Jr2k+VqUcfwKRsnJl53+WtzRO0a0J8ADbwdU7Ja9nHVp2LM7Rfz69O+sJ8EWVmbd4P/42HZ85cs7AYCDRWXc8MBKvPd3NmH9W4FSHY5I9YEvlydpIB+zaXzqytBVZaxhrQz6dZrFJ5eOAuMrhFS503EdnaMLn1SxkAAggPkx4MhTwGufBxpX6AEx9NhW/7Q3io/dDLZuAN3LoPXThUAdJC4PWct+6KYhOPdmBjJNBDiDlIIzxqG+Q8zV2b7bdwhysIzPtJ9HCKiKAK+owMXl+0xrJRh7QB2OkADzF4A9/+4MDv7FEuyXitqw2zzahGaR16BbAy+3rotCqM4ovSDdo0ePHhsZGbkVyIS1sTYLgJta8lQZlgSkIe2iIAqj0hEvNkjYxVPMWhfWte8NXkLLpAex2DMNwl/7kj9eFIAPWMQFrhUIGDwIb21zyWVWEZjhl85xa2B/5zv7cM8963Dy1DSefWYMr7w6ifn5jgEV5gt0cp0kEpcnOrh8WX/5rYq7tg3gttsGsGK47u5pL5dRimNEPQ6s0RantaSzpiAKkRbGMpOS1s3MzL2BMyqACe+uJ8TWmTuN4p257uw/tiDu+BOktlztfnZHIfPc7iT3jLatj5ys11a27j5E6FtDXJqxYeqTKnlOMg+ANYiDLAKl+RJlItd9s7KbvewM2Yd69HVWX8ylsXbtOiXit/1vZbz9F8tYfRtQ6kMuI11g5uQI00EkQ94N7w08h47WzEi/tiUOBK8jOaDugTlgeSL9NecFW47S0bgCnPo6sPffA3On6J5yH8x9ed9rurNXKDLYiuj4IF+IyTHyQASEC0B//efusyhqAgBjTECaOCovBeb0m+iUoWVpIYF3vYDQff/pxgh49IAh07gCvPFfZ/DSv55G2uQA6hmPC1CNHHK1FPGIQDzKR6gj+PdFSlMvz0CIP3zoxz9w5srU1VsBEOvXT0qEnSPEbVxj/GnhbDCoGPxUBJ0Ds79S/dr9wVbVNnImk7AWbDQf1nySxGWX58IClyN/HIkaSEvKU2yQMFgrTmWgrPYIdnW8csdv21rD7beN4OKleezadQEvvXQZ4+NLECJThhwLRNe5rfRWU+LI0QaOHWtgeHgKN91UxbatA7jxxgEMDtZQrVbMnvZyqYzY+UCMmhrQgMcYyy0ydq1oA9eOBWsgisjwDJ9yHgC/4ozBlmkDFDfsoVwWFah3hvZXs5ANlpadAnCYQV5hdNM7mOHqjbkbeua97pMmSlBxIIU3PxqEyAn5FFNJHdIDeOyo0X0li8NcvwW9kFJits1wZfNHgM9+Ahi4HvaMdc2Hr40xU6fhHu81KBUKAWXclt2p6Sx9QDmgiwkZ4FryREnQ6Wk5/EZ08jM9FUaJaV0Fzj8D7P0TYOIVAIJ+TKVoTzlw7VZ4UZxuBl2RhR4KOTyJC176ABJyBxRnKNmUWsGfdSLGbXx19KtO61vivsXtM18UfBd9nq9PXQVK/cMAe9C0b9IAxl8Cnv2lMcwcB9SCEepyCa1k7AbImoeihlsu0PcKoXrrCvppmiKOVXPbsci8hT7uwAmtcqZCp1twgFCPP2NtedabL1GJLJREHjhAbv7odFrAZy8ky8kXBV3MRKclon8ZiZ8XblSY54UVtcL0QTFxHKFcirHppgrWXz+EH3nfRuzdexm7dl/CqVNz6CR5lzVdaEiNkemrKa5eXcRrry1idPUU7ryzjq1bB9RnXevZx2EqVVQqZXNoTRSpVfJ0vt13hbtrJogrvUC2+xZorp4YrVWKE3pVuqcAkJztwkRJ6lT/km1hpP4t9FFgYLYsFMyzziNzbWtzpe1h15yoxMVdn4CjVqAcYJcEuPN1qK142w6EPw2cpu6dnggpgUQCL0/E+MbZEnZdinF+4S5gyCuYR9bca21tOSEXLzRGGPL80+h07DC4Hhq//BTMtYwK8ZqXVpYlCbQXgEsvAvv+BBj7DrIFb9S97p+/rkM3wxNdnvV6p0O3qe1uRmQujzj0sCCzEDNhIBKdSUQxpBRx9glVIOkoCz0/GIrcB90s31Aonpv4TNIP4CHTyCIBFi8A+/54Ca//PzNZPK2RaZdLyNUSqqNe/BZOUaC4IUONdy2gn6MlhIBeWcxC4ywbSNZqCWzXka6g1YGewkUXsamYWigz6xp0RJH6a6x1Mu+u02gG8gBK+NDvszUAdvxbnkJfK6ND34KoFjJ54KF2kb8Iy6msrDb1NjPOOXgUIYpKuO66Mh57bAAPPng9jhyZwvPPX8DBN65icTExdB0vQs6VLZGmDJfGO7h4aQbf+e4sbt5UwbZtfdh8cz8GBrMV8jUF8OVyBZVyGZHzWVerH2tvS+6kNgcA/Rq3ipFbfhemnPXuob3xjpucgq6/SNEHPz01QhQ9argZ2jCGmS2BWXVh+mpIdTMeBU8RcPjP0fXfSC8tKWsGZKYMzKXkz8Q49DL+EyFxYpbj2Ysxnj5Vxqm5CCK4Sp1wRtYbFLjrbDnp9jEfVHU8w1s3hYAOZBI1hwe035O8yDjIKQGhPMw9U0B+eQ/w8h8D574FWKPNP641NE9+rV5kP1wL+PfKr4iuiet/D93PwL8OWe7Ix5VjkAKMRULNn0uAs40ABA5+TW+b8AviM6vfd1tU0P3ZLzX6weOHHFMzWVTa2bP/YgKLl3R83Zh6zoRqaEVeiW5ADi9O6J4vIw4NvZSDbmmQpuocCe26NBavCe7qcDWWCk0RlUKDLqgwogLSDnbiSKcEDE+GN02TwQoxmU/jWE+ab+JPtend4zQNCWZtCLsnOxO2VB7SVc1Oua2MM0oLESRa/tB01h3PjTv+/vvr2Lp1FGfOzGD37ovYu+8KpqZaEIIsmCPtQk1HXfZOBzhytIVjx1tYPTKLu++u4447tNVuP+2q3fL577VbpcsoY6bpPCHpG1a5bX42Ep2OsM1uD7ExSmMQOGn/y1qKepCydHS7pGp4kLrPKwLQShhIn5EW3klX1lG9oHsMssWEREHRSggrKoNl1XjHAp4kZ0EgUQT0uE0kcHER2D1ewt+eKeHw1QhKF/TA0GsPrwjusxzKEiKGaaIU63o1UUn/8LMm9WOrwlfsPF7M500pXdIHHM0Nbhzd39rzyqX+2p8Bp/8eSBoUyPVWNP8LdDR0MyopJiwH7LsZbD+oYmCe+4viQpn4YOYXxDKoF7vx0oKqe8HBeAJIDsZvAWD3qrt5hSqy2zxCUcWrNJ9a5IjK94LxUUfTa1wGXvsisPePpkk6esZxt0P1e/FQ9LxoXUJRQ3bT/q6lwwWDnSbzhJw3V+mmcYWSkcH+XLQkggru2LagpwPdmqMY0wYcBQLDkxbEBHTc869Brq3wsOBNFhTp18TNZ2lSfqngoAvCYNywjEhwmya/IMzgBbMH1UQRRymOUC6XceedNdyyeRXe//557Hl5HLt2XcLY2CKktMDtrNonQK/LnKYS45dT/OM/zWHX7gXceUcN9903gOvW9aOugb2WWewVF9jpgTUWyMk+b93u0O1A4mrPiMFtZvuQzOCT9BmjuJlOQ3DBATBY5YIebavlOCM9i2AABSfab3zLUkrbBcyUjafE5seLtL9k/pboK6QeiSLDiNIA5uTjYBTc9HoaQUqJiQbDi5cj/P35El6aiDHfYQVASscrHYye5uCUgRbWrUMyYJALdA6d5m2HQiZ/A3S9Ogwqjb43wDNC3DQZrfaiBfITfwvyNTR/sZsP5N1kZzfZG3KBF70L0biWd91wSdCT4mikovsit3Y+QyEAzgVkygEOCDEC1+VepDgsV2PxaQCfanFwfisY3+S4ZkQbmH4D+M6nE1x6cQHKQ6A1tW5WeZEm1c0NAuQrnSNfp36aovR+WYuedVPETGCZRPTElh2HBRq241KX+V8rQN0Bba14C9R6cRIFR0eD1/wwK9YV70TqkUVBmkPHIqTlBUyerofRtRJy1pyBLw3eDszDCuaAoIQrH5nhgcEpD+fgUmZnx5dwww0VXHfdEB5+zwa8fuAKnnv+Ao4dm0OrpU6VtAel2Pp3F5CpZ0tLEnteXsTefUvYsGEaD75zEJtuUu74atUeWFMp20V0as6frpD3551p2TWQWoGaV4JsvWtaRs4TGU1aPfslDaX7AVWq6GvqfTHNbpmm6y5oWxr5L5FngKqdjvLh1YAzWCxQO2PDtDlsuxEeTGozbIjiIhkmGsBLExH+aayElyYiXG3p/uMDMQFdx9r1+rMuuB2gll4ukDh6APvH6voue+bFN0oBLM+S3kubztAjldNtDogRHiGB5gwwvgd45YvA2W8i+4CKBvIiww3oLUOXK49DNLqF5Uxnd/NQ5/ili+Jo8EG8W+Hy4JG2Y0QlQBALPT9q/PRFINS7YrYfBQbWj4LH9xkTTOfTXgDGngGe+1QbS5ebUPMn9Cs5Iav8WuYyfD6LgLubQtBLsSly3dDQjYYTlCD2LREieLI/GnuYER4Wnsz2NBlo12yQU2EG2MVO9qQ2D8RpchDZAyrEmYnjXfjZO/xR4aqtNmoNGgsN0hOBXr2ApHfqjqTI8qdTCOEtVRrYXXe8OqymhHe9q4577hnFyRNX8dzzF/H6gWksLHRM+9G6sNXMSP4MQgDnznXw5fNTGBmZwbatfbj33gEMDakjZqvVKqq1Kirl7JjZUolY7QQ8NGBloCAJ/76Atu1GrHDSOPnFaK5CqPfTS1LHfv36CpwEy02pSsbsHnvYTmV7TB6E3bwsCNt8w6w7ngAQ5YpE1Jx6NWJ5kYCQwNUW8PJkhH8cK+HlKxEmGgypUTx8hdN0NPvOgK8fn97SgWVJmcEfKqdJRoDdADcl7tP2FA7qFQh5EXx6OXY8paE5A1z4HrD/T4HzzwIiWS6QA2GZXwT0NCzHQxuaYi2iWQTuPl508/I6q9yLANUnTAMFHKsARCW1X1tVOM/apeylK0ofou0HW4ifv9qP8sB7bHLSCdoz6jze53+p21m8oYrrBbq9XDPdtCige/p8GYutcz9uTwvd3dstDQDQYJVpa1HoN/7ecPVDpAGzoEvfKwFHLAMaIeNFAQE5qYvstTULwjyB44A37EIjhx+iQFC3uKbjbIcihVMxqXQHSUPEFymO78Ugu5YdMDHGUvaKZReOO76k9rMP3tuHO7eMYuz8LL676yK+v2cCk5NNCOEqDMwX7EbpUrdXrqR45tk5vPjiPG67rYp77unHxo192Ry7stqr1SrKFf1JV3dfuz/1QuUwxQkHxJlTbTQmaT9yGJEjrC0O2BbXZaVEqBWoaUqnG9B1EBJw5r/NOQS5TiBNX3SUP1DFg7SBO1JySqVXU6QOJK40GfZcifDtizFenIhxpeFOd8Afd7rjUHB1QDmfj43vA7B+RccGaKV7wO+PCToAAsoaUeoDhXCfhxQLRwHQGlQKLE0B558HXv4cMPEq4O5QulbXejfruJeFXJTOf14Ur5cHuJuS4Lzzt63RXz90K6Sb6eWjezB6yyEAd4BFTUDUAbEPgMCBp2O44EPTU9d0kbWswicux6isuBssWmtMSR2kVN+uPfhnwJ5/Qxt5GsVbE0Jl9e+LePb5desjHDcEvEVKjU+3lycj956rj+RYIZb9ocfA2rGkBw2IiAIMmDmYmMEeA6S0rnU7xK0VZMlQa8kKPseipbaNdNMZPomVSi1WN11+URukdNfcOPWiAZtlSgYVfsyARYYKWfGlBQQK+vqaCD0KRsaFrw0XXQnQig0zC+jiuISbN1ewYeMKfOADN+LFl8bxwguXcPbsAjpt6YCSxU6WlYQIaCax1ABe3d/AG280cP36Gdx9Vz9uu60PQ0N1c4a82vpWyba9xd62NxgeYVrK1QqD1ixREW1d6tq1qC0NAarAMUMhp32xrJWzbuV42QMgReuZ0vAVRVJpNJJ1nWtWtPIrYc5FCBafpO8I4HKDYd9UhH8ai7F3MsLVNkMqSF4UZCmoOYqbjqfJE3B1XlgFNg/YdACGeXZc49J7HVTWdLxeIK4bvUgBgaUjJSASYOEicPIbwCufB2ZO6iO5l2AXumn5HgJy35gMhVD8bpZxESb2AvZuIYQzRcameceQB5YiTaJbQWhQgP2xLz0AKV7INv9PYnHqNvStmgZjwJefLGLWzzOvGf30WaC6ciXiWnbCG4NzchAk0JoGDvwp8P3f97cnFJ3H26u8oXhF77vOcQR+i+KG6qKbW79bXD4+Mfn+OI6NyzlvjPhL4cxj4z7NubwzgeMuzgK8UU4AmOarQZECt6Oe5/h090rb+K4l5Eg3C8iSyKLsjyPYHeUlJBQJP1rfkXpe2BeEngIB6chDK/CL6o5WkTTvhRBI0xRpmqDT6WBxoYHXXr+CXbsu4Y1DM2i18rLC4cSrUA1MPAJWr46x5c7/t703D7fkuOoEfxGZN9999y21qFTaSrIsZCGrLdktSwIMGBqwEfDRgBjASCWg2WkGM4y/HoZmafzRmGZmuqf5uhtmoME0Ksl225axG2wGAzZ4k7VYUpUWu7RVSaXa36u33ndv3syI+SMyMk+cjMjM+1R22zOK73vvZkacOHEiMvP8zjkRGTmL61+zgAsvnCsX0Flg930cxr2HfAqZILSgzVeD4I6wP9F7sDQ0hXautK6NP+88yvu3MqJ8AF5VdKM/lbFLP9Xb+CYIuU8AQGmBE1vA35+M8TfHYxw6J7E8JlMHHBidaAtlzO43zfOrcWrkCRi9WRrY5L7XvOP0xiWgzJ95u80rvx/4MPHFfHQMytX0RI58Aqw+Bzz5LuDRPwKGp0NAbsEc6AbCIQfMjz9+XjyFdDlvp4tH3wUPymQB3SdoU/gdaKr3w3cB77oT+OE/eyM0vh/Z6D14309/EgbsM09dLrj/fP/TEguX3wrRQ+XSFMneyOkK8Pj/DXzmVziYr8Dd/ScUwt5OqMSXutCGbqam+m03Ca8LAPLs8sqtttAFtro6rQOnIaa7V1XTYlRBENckoN+deXUn5O8qhtLzJR4dlafeNm2Gvi1uFX7dg6d9q/PRHP/qVJqOnB2XylumXyxzBHfaDqcS9ImcFtgtuGdZhjRN8cwz5/DIo2dx9MgaTp3ewrlzKTY384DghmHpu5OvsM32Ba69to/X3mDC8XNzs9Vrb/0K2M0e8hKifPXNNFDdIq6h4jiPrhhObx3gsTcqMZ78dWle9bofH8vK7tfB+hVt0bD3E8K++fQ6ndYao1zgC6sCnzwd4WMnYjy2IpHmdrwYQDogTceBnNeMR1TATcPiTrnn+fR50PQ5pIvfuKFck9nXjxCgc2MkxBOAVmbF+tnHgfv/D+DpDwHVVtz0gymhhc1As5NGz9uwzUfbxfFrAuo2/r46jRggWipMZR2wMonqffM2wZq9/tf+ksTX/uu9iPo31cPrqEz0bAgc+RDw17e3eeZdvfCQlQRC3xTqnmYMpynzjVOIXj566LEbLrts36XlBzEcAAVTmmyRkLAfnkA5R+vCZaVzqBdG971mutmjxF2sozwqmesr6gnHsh5A6hJjgb5O56aKR90Dd3nRNigA0cVPdFc3X3/Axs7hUY59VQ8lP3fhlgF2Da0V8lwhzzJMsgyTSYrNzTHW1rawvDzEiy9u4sXjQ5w+PcLx42NsbeVIU4ViWwIyDJr0WaDXA/ZdluDGG+fwVVfNYcfOao7dzLPPoNerv9NevcpYGGIM54JAaI07JpP/vqnXs2PiLkbzGKv+1tk9XN0v1f3AjQDSPrlHNYDVVOCJVYmPnYjw6dMRjmxIbGVcZ5G6jicuKrHpg+N0gIMr3OMQPV/DYstqXjvhWXaay8GfQdT7Ycsdbz8kJzFwtAK2ls1Ct8+8AzhVmx+nYJ6h7pG34dN/r9SGmS9ZXgvogAtsNLWFnXk+FSTGW/4MgFZ494+GQs081YHt59LvhIiZu6Td83wMnH4AuPcb6QK4ZTSH2buEsEMp1Je2iwb429wuyPM26DkAyKMvvHjr3NwcqFdgny3+fNedKJPrerK6XoHFJ6nOcuY0Hb510Ax70q505Tu+gorAIguVD+qEtF06pvDZFELdiOC0PjnhiXC4PRfOeb0vPp62VLv/DJCUnntehOVzZNkEk4kJz2eTDOkkxerqGGfObuHM6RGOnxjh9OkxlpZSLC1lyHPtXA9AIIqAXbsiXP+aWdxwwwIuvHBgVsfP9slmNV3D8YW8EG7/mcHEN6uhIGqk8oAJG+DS7KwZsMJ/jaxUFNnJs8LbqwwBI9PZkcCnzkT4+5MRHlqKcGwo/UDpgBp7+LqWtQIwqa85HQVnwerbwbP13PuuAnamODho2zrc+CnLuRFTkKkcWD0KHP4A8OnfBiabQLV4ucv8OE1dwbBNj2637rRgfF6MDfo0NIEsb3A7HiM8dZpogZ9a34Pe7C2AdNGBJl2w3XgR+NC3ASuH7QpH6pmHvphDZQI5B8sLlbV5+l3C5SEZfGPmM0B89WmSJ08v3WoWNZkMCnTmHIA3zO5Q1JPvepRFddjqVLXwhrRnkUy1gM9Xxz33Sex7YSqUmkKqTozCAjHzFGtCOlkEIvg4aPoTACxGTAHLgju0hiq8+GrunYJ9hizLMJmYkP1wmGLp7AjHT27h5IkRTp4aY3l5go2NDFtbCloDcwOJq6/u4/Wv34ErXzGPufnqwzAzxcr4Xs8uoJPFX+Er22kIkPezQSMoFZZqXx9B3uAu7wPXYiwxynvvsjbZRi8A38SoPsZ0q9aNTODpdYFPn47w8VMRDp2TSFWxMp3W5162A74UXGm5B6xp57yedlFOhfeFzcvu2mMCxhSYS36ePjiAzOrU5OfGB5dHA5Mh8OJ9wAP/Hnj+40CeTjM/HsIUoBmnXkpel3IuQyjvfPEEUH1tDXBBIQQullEbqPDGphP+m35f4tU/8S2QvT6ASuP54qEC5oZ4+j3AymH6zXJuydEU8pjbZGvqAx+DNovLV9YE7D66Nk9ffvaBB6+JIglBFJsD5vT5pw+pzbM5FvCp1hPCKfchraszKkOiXOSk3Q1rqIKrecAOIJKZdRFq3+UhqqpEl1avx7k9rs5s6NciDgdzA1RUyYk6J8EBgy+I81sp3HOsxrsaw2o6ofq4h9bm00hRBAfg7a/W1Ty8/d23L8M/yoxnn2UZRlsTrK2Psbyc4vTpLZw4OcapU2N8+CPL2L1rDTfeuBPXXrsDi4tmoV6SJMiy6pW3KNIM1CvvulyUJqr+lOMNanS6N0Bp0Onq2tbeoCho3Vf5yuziWlYXktavG3ImT0FgJQXuPxvh705GeGApwgubAkqJ6n5yDATbHgNCJ3EwJ2AXrGfbE6SMtknPKeALt7g8JmBOeThjRg0Swbrh6VPVIcaT5GttVqsf+Vvgod+nYXX6wRTqkPnWPjVFXLs5jXX9GnL02pyyNrpGp8sjb5ucPE8B1ffQZaBCCJhLBi3lvPEm79RcrNufHGDH1d8CEbEbyX0oSy2tMuOdf/pf0DkWCua+xK27kLy8TuiGabqJfLx9Zb6xDt0IPD90o2DfvsuvEioSPwAAIABJREFUAuxzWG0MYlIdAK2nIwov2SrQCsOpcQVU7CyIuZtpWGUiKI0NZbvNwtU2ZC654FNt8FLw07Q1Gkr3aGUOkCWK8NfayCt2VHc6UwrEmHSwRJCIqXYcmPKWJWCu+XVwnChR9LRulLjrA9xrWMIgYSkBQNoP3WhEqEDMePQoAL6+6O6i0qvPzG9mvPv1zQmWzqbY2AAGA4Ek0cjzHFLmxSdb7RfnLJhXr/xpUMPGDiH35FDSuf2mdXzGUPlSXHW/CHu/VMw1O6f3jx2b9UzgydUI950VuO9MjIeXJcYKAI8e0eugWUFoj3OnE6Q+QAanAOXag8J5es5Z35ybqwa6rE7AOHbm9536ot4/X38BYLwGnHkMePgPgSfeC+iMe+N0kZv9RrlPR1rM6hKmDulWXuaLwPKyNkwM0Xfxvn0Rbp8svogyALOxTFPI2Mc4BGohUPHx8iWJn968FnH/KoYgprS8J+nNqwGVAkf/0rZDrbsMrkXXFpKh5108YMrT16+uoSCeR8/beDVFHuQDD37u6iSx+/lYSKUbxbieiTCoWa3wBRl/sA+mVDWdM8HPhEtrQ+l1MAppAJQATJW3NSIquSuPlWJD5eFTwK7n0XqCFtkhEExux9sQxduZ2uEKh4QodwgPENlTXYEPt52I3I5TasfI4UiusqCjVgGspTOHElFk29FV6B4G4C3gG6BX2LVbYd9lqqQREBBSIiq+Kld9+IVcF6C6/nyM+J1D1zhQDKsBFTHSCgJR3AxuVKnqG0127LTW2MoFjg0FHlqO8KnTEg8tS5wdS2TlU8YtOCZ7DdiFW247UPO+tacsZAj42qobQ+VB2+p4bxkde+FmsyhUZQ+UliwB/oImnwBrLwLPfAR45I+Bs08AWnEHzOeINTmINo9iVpN+7AqeoTo+mjav2nVW29tpxkc/Hjk0MSvoYu34GvEy9xyHvfafHX8nZI/cS/wm9ViMgFk48dnfsCsd6V/T62lt1lZb2LvJ8+6SeISgjU/IAOAyOHwu27fv6vKk9GZ1qSNBvJhyNbENpVvFCP6Kjl39Tp9v++BX1r7rqQpXEZd7B5TkZZHXMagBsKX17fCGCvxr3oRLbD250nwpwZyiKTdiqhX/lSevie5zDYMS4jWrC+GRpt6H8Op8Ws02qKs8UVxLGLgtDSBUW7tYA9kxAjQgpDDvWhe1pDRIT0G+8ux1WUbny23on77SVo6Dc6uQe0dU3rXTNd5PxsR5sZFGaASVj9ZHKfOJkcAjyxKfOSvxuWWJ5zYktnJUdCHQKwHVjIdjPYHUoWVWvhpPYrl5PXD4z3mqBoHQ0z7T8SfAXLf8ynsjyLvkz40KcuOPVoCTDwMH/ww4/CFgsmk97hG6bwIT8ppD0eImnR+KdHKeoTZ4ni/5MCQ0tdsFh6bBZkVD7qEKTQybGgkNuFv2lkMJdn31m80qdsB1jUgNrrgFAJWbcHu2qVC9nxhaAOfzquGh5fKGwuucnqamsEpbWVM7vC0eci+986eeee7WOO6xqpVyEWSsbSjT+njWezT6QADQsqiqLIimExUnPakAraArv98CHV3UVvIjSrwwFQrgEQ4Y0tfNuAIuDQ/qcRWK0F2R7iKxNS7qIVtbvQrX19u28uvSN3Her9a2uWrpVjXUAnYaA2R8aAtOSyUeVW1Sg6CqUMhanhMQ5CBCYJJ68qaadvS8MzjVHVEOuO8NBJTj4V9YWd5rFKsKUCmjL7YdLrrbhVIu39sI1bVjHSnGK1PAmTHw+KrE/UsSnz4j8cyGxCi3pBysrNyEaS3cTu4Rn+CaHNTqlncFofUcO3x8dLyMDzQjoMaIMxdvZeIPiUBlgHv6QetPtsxK9S98EHj4PwNrxwBo7o3b0LrdFwRoBlF6HPK02wC7SQ+HUpOubqP3yc3PQ2VN7YVwAYBZFOcTyAe+TRP6tCFuLYXnlvc/NY/FV74RkHVrsHYza0ajAa2A4Qmgmm+xnnmKemoLZ9jU5pH7LkyojB/7eHJjo3VevKFMApAf/NBf7F5YWDQ5JdgUw0eAp0o+L7DcSlNCQFmr3tZLejIDSgUvtRYKsDqqUnKVetDsEutK0ZcgViloKxN9hUlQGaj4jsFAFBXx1ojfVp7bA1vPNyddUbvyu81bJVetC9CFEhRW8HKANVzxTV2q92mblffmikONMA2w68fNBNIUM5RL/Q/3apWFpeFHQLPWf/tourclnydnd1xpfLhz6ZSpPRTVvWL7KlhdOr4F4GfaLGQ7vC7w2SWJB5YiPL0uzBarvrnt2hjaPN94ioq+dt8Id2CBCgQdfoyP7zwE5E4ZlUW47B2+3IAgMjkXlNVj00VO0jCO1dYycPxB4NBdwLN/A6Trvg1gpvHGm/RpE+bQ+vwYCGOTz0kLGQKhtpscO19+2/Qtp2vF1ZgRcCb0vMl6aAqD+L3dHz+9B/0LbjE3DLuxHFfBaj92I1llPVqybdE/eI5DKWQptYXVQ6ETCf9N0BZmAckPhYgojTf99M/8bHLTzTffYhYmVfmCKMD6Jik2ue8hCyEkAPX3nz9zxYcfPfk954aTa6AhhdDZrrnk8LWXLDx46/UXHbpox+wQANJMxYBGEktV6GMVcOhQfTCFtE7ORTCcXnhnugoj13pBlGkNRHR162imxRyDAGVg2tWhTiTALaS7xJW2hHA1sv1ADelp2V656KtmedS9P76egS8cpF5syZcYEs56hNLDpX2xY2jyhK6MMAF4+s838dFl6L3qJTGuHCCub0dcLmRDZcjp4tj2nd++SgPnUoHHV808+OfOSTy2KrGSUgCzFi6r7ICjdvpe1fUcOzwE6RwZz5qRBk8ZlcN2rqFNen2YEe2AO22rxsDKqFm7njYqqw/lGI3XgNOPAYfuBp68FxivAu5bRhTMu3rjTfPMvG5oPrlJx7ZFAEL0TQDu0/Vdo7BN7bXl1XC46XvobZZByFP1JbfeT61egd78axwwB1wgt08vT/zJF03NlnI1hS7aBslXL8Sn6UJ3lS80bxK60cv07bd+R/xrv/4b39Lr9SoP3D7zTljSfUjtqV0FXYC+hDZg/iefOPK7mcJ8yVADG+Otq15YHt36D4fPnr567/xfff/Nl370VXsXVsw8qHYApwBvmWb0M7qm/V4k6ecooK0RQOK19Q1eiH/nsqutoSx6BPpOrrMgjbQjoMuPa5QfXgGcdQUWKEuI0m6YmXriLiS4HmR1j6Nsz3a7rCMKENWuCeCwK8eCXk+62xwdJ/etgDKVc9ckld+b1+V23073GEhUbRYGAF3UxuR2cyy9LSaLAoub0sEYYqylOXB6JHB4Q+CBJbOI7QvrEps5qo+cdAJGQlOj5+XkOgbny31gzYwIzUY8+A3zkDwczBlA8+tcA+pQe+594Ro6CkiHwPIzwDP/D/DE+4CzT6L4XCldkNzkjQN+xycUHg9NO1J96MOrLt47Pw9FpruAOq/f5IzxKGyTd87pGsPzgmWEQu5NzH2Wla9xc/wTZ6/AzK4KzOm9R+ZD6yF4izrkXE2AY38H/MV32E1kllF9GtWucucy0/PgwAT646Px8eDj02R1hizTNj5Ouuiii+RnPvvArXNzc5CyKm7ywiuCCiDJBiASAH7+zx75ndWt7DopRKahYuO8WAaV0k5iuXLZrtmPX7Q4c2TvYv/MlXtmT+8cJKNXXTS/xvoMB8x8yQFQSNrOeGI+x2u9bQCY6UnlVne8IK/x43jDIYfLUboO+pYD61QXvnpVn2l0xJ1grl0kQsI8utKbRzEdwbwnqr898lsDwVmAZQ0+pw+13qGCW119oKQwNqpPoOoK6zj4kDGgu7WVRowgLThDYuplGjgzFnh4WeKhcxIPn5M4sikqD5w21wqCNpFxoGPtABljXtt8hV2jJiAH3OviGACe+8aRgxqDnC4gP3/PPNQvLrPN0xrIUzMXfvQfgCfeb37VxL5uZnfltHPjfNqzyQunx41ARc6BsJ7k/LoAZZPT1RUPfHL7aEL1uuBDk0zlMX1tzQfiYL8hS0WxMr8wP7l8DZIdV1dgwG7Q0qhkmrZ62k1+6YZJYOEKdEhNlo4v33cTUjqf9dVkBIU8ay4X59tkZNF25X33P3jrYDAILChjPpFV4NVKOPIFKQ1dtPmBh45ft7o1uU4ICQXE0MCe+eT+N7zqgg9+7sjKN51cHX9DptQAANJc7XzuzPB7nzu7CUBACpFGAmkvkiuRFKNeLNcGPXlWSpHNzUTLi7O95UiKbH4m3rhwITnXi0S22I9HO+d6o4sX+0MAmO/HqdZCUWdvpieU6VkdhV3vUdu+wFG6RTeFKMZTAGmmpMuDKlyFXi9S1RayxA41DqSqmmN+tEUqtkCw7E5hmPj7UFyLEgDtdaNflzOgXsnk8xqrY75DYM2YELx9ZnDD/VCOBXJh+0Xr+wACAvbTs9WeAsQRLI0k06dhLnB4XeDxVYkHliUOrUg8Pyzmv302kBfIKdiKAA011EJ9r/elXh9u/bJPxElxwJwzJzypd1xOARSFtYVsZSVXJiffB+a+DooKxDdOAS/cBzz6X4Dn/g6o3hwKeeP8zaIQUPuOQ54rPe5SzxfdpMkXKeD5ociBj2+TJ0/z24yHJt5teWW+bw49xICHSGwePfbxMec/fvYKJItXuw8KA3WAKEHAAW/uqWgBiAiYuwzYec0AK4c3AvJTOdsG1EfTJXpB64XGKRTp4Hza2nTq/vDtd8Tv+J1/82YL5o4nhGreEaBgRTxF8JXUAmmWyySS6qEj576+GG8loKUG8DVX7f5vP3DzZQd/8JZ9Bw8eW33X++4//t0n17ZuGk/U3hy6X3CE1kgmCslE5fMCgB6b8AnKVguZyLkQyCIphlKIFICKpRj2pNiQkUilEGksxajfk2u9SI6kEFkSy9FsIjdme9FwJpZpHInJYCYe7ejHw4V+PIojqWZ7Mlvsx+lsEmULs3FKnCllvcteJJQrUfXt+NJbdEK/2h1PByTonLWAhpblbD8zHtxrIhy+M7FUEKIE6kqOklpVoXC+Va5GZSpYk8ZW1HUc8MpSXRh3B3XSP4BEQwB3KoOwISEhXVhUJZwXw5cqYCUFnlgVeHglwiPnTPj8XGrKvJ5uKT8HaJoYkNU6zsGV0fDPeIba8Xrt9nmkcnjAvOaZC9Y+lYkJ0bQuwCevz9CyefkEGJ4Fjj8EHHo3cOTjwNYy9cT5l82aQuoInDdFLX1gG9J/XTzrEF0b+Ppkb4u2dk3cQKAydBmnJqOl3CmONxhKPjDiQtV5/cjR3ZjZ8RpzKuoPOo0BU4y3yXkQClrr+cR94Ov/bYK//G4LpBL2m+yVXG3WWghQQ/3iKQTAXcaS5zV55JLm//Of/4X4l//XX3nzzMwMLAiVq8KLlam1JQpFaJSH4ilcJbFU66MsObuRXleWa41eJFa+/fq9n4eAHE+UvP6yHWev/77FdwLinYeOre15fmm4+/ml4WXro2zn6tbk4kzpZCvN92a57udKDya5WgQglUaSa50UDZe6SGvEOteLVsOkRLr6jcE8Rbu5i/FCFQSUADIpRCYFUilFKgRSaCgpjXEQR3IojRGRRoXB0IvFqBdHo54UaSSR9SKZ9nty1O9FW/2eTGdimSaxzHqRyOaSOJ3pyWxhxhgMvUioXizVfBKX0z0CxoO3492LheJbzepCaTsgyaac6OWi9i65siWAk1fTJB2vSa5kxcvlSL39mV6krBzlu+XluZURsH2E1sUiNrLeQdSvlDUztAa2cuCpdeDQqsQj5yQOr0t8fl1gnLsNeFxk1MPIHk/TC+yO+cjofN6uB+xrQM7bYD0OvuZG64v6sUOrEfbKUS/j/XLAnDpPAHQObJ4FTjwCPPnnwOPvBbItwP26GQ2rN3niTXrUd941tXmuofNQ2128d3vuA+A2nk3Omi9td5xqdDEr6GJ9dPFIq7J/+tcx5i75WohiG6qa1c6UF6XhedzdFAKQPeDirwX2fs1unP4stRjpq2u+UHYIgENltG5TNGMa8Kf1utQpz//u45/Yc801r7qp1zPfhhdkEReA6t3uckEZUFcwVQXh5Ak1TLN4K833kfaRxNHyrrmZETSQxOY1tTRTcRLL7Pp9C2ev37dwFsBhwAUDy+PY8nAwybU8u54OTq2PFscTnYwmebIynOzaSvN5BcjxJB9spfnOSa77GognmRrkWvezXA+URqy0TsyfSLTSiQakgJB0UxUttISG1ECsbBiXfsj3PCQhoAREJgQyKcx6DSlEJgRSakQUeVkRYUgjKUZSiCySyCIh0igSaS+SaU+KNInlKIpElkQijaXIkliOe5HM+j2Z9uMoTXoim4llNhNH2WxPZnEk1GwvygYzMkuiSCWxJL3UALlntAZ6kV1roGGWSFiDusgTsjTsqoWNusDCKnrgWGHVT3mvlfdckbeRQZ4eA4+tCBxakTi0AvnEeqw2UyUVBZnA2gMIqaC0hBSq6hoz8qiBAVR8gt4vp6P98hkR7CTosQeMjCaPvGYk8L5Rg8Lb70A/eCeKevkEGC4BJx4GHvuvwBf+0m76Qj1xGlZv88S7eNn8vAl028CTn/N6XTztl8onJDvPb6oTyvPRh8bXqcffQ6eC+eYx+HmI1pxfeJPEJd/45nJfdpoKsHHzdQXa3Gvndco8CfQWgW/6T328/w19qLQPc/Ml8C/M8HnPTYDKoxK8rz7evps61FZXy04CwBve8PXyj/74j2/YtWv3pVEUgT7cpRcFu7lJ4bmRh5y+OmQT3T1MQEgNrT791NKVWluDTytAyD0LyWOAxrgAcQGgFxUgoiE1NNJMyTISoLUFfgUIddmu2Q2tBa68YLAGgZN0dkVwXeWERCsFtT6aJGujLFnfmiTraZ7kuZIb46y/Mc77w3HeT3M1k+U6Hk9UfzTJB2mm+pNc95XW8UTpJM91P1O6n+WqrzRiQMeZQqK1TpRGorSOtdYxikiC1jrWGrFH50oNnUAjqT4tXtOg/sSdTx6A8PYfRXDLGAhCiEwASghkAsikFJmAyY+k8aAiIVIpkQoIFUmRFkZGFguRCimyJBIjIYQqf2MxiqXIIimyfi8aSYF8JpYpACz046H5jUaxlCqJRRZLoWaTOOv3RAYAO2aTdDjJ5Fj00sPrAg8tCzy6InF0U6hTI4FRDhSTB8p0KVIca12AImMghPLPP3Ow5tegBnoSEAqaG94ayAujQdlpEQ7MyvWaRaSgcgkZVc9wzZPm+k0AoIYJ9cKZ6MEwvq9fzIt3vHIAKgc2zwAvPgg8+QHg8IfNa2d+T9wCuN3Zrei882uTDxB9ZTaFIsJd+fpAN1SvSz43Mnx0Ib3O5eliLDSVtfW5iR+A6j10LrQvbNIEhBzUDd33/PXrEPVMkeM+2nAWu4P5wjh6//osbZsfJcDu64Bvf/el+Mht1JrkK91D1p+v/21A2xTN4GPRdJOH5Kp5+u+/9wPzN918yxtnZmaqUKhBTwB2+PgGKUUZUISjzRkxAUoaAWA8UTKJhXrx3OgSpXUsIFURmwO0WfkObZWPc4GUEAJJLBU3F6yCqXw/0zcL4pNMyVInlXWAXhypQlEpIQAtNBb6cbowG6d6V7+Oh54wrRspKEahXGFdyagBuTnK4zRTcpIruTbKk9Ekj8eTPN5M82QrVYnSWo5SlYxzlYzSfDbNVZJmKlFax5lCnGaqr5SO01z1c6WTXCNRyhgImdJ9pYzBYCIMiLXWsQakLo5tBAICUmshdbEQsbyGWkNDx0KL2F4T/lR0NCm2nQojQgFQSgs1VsiGuUjXMoH1TIzWJ8BIiZHSkBByCGgJITagEUPKNaERayk3hNYxpFyD1omO4mWhdB9RtAKt+jrqLUPlfcRJ8dtbQq7mEPfOQasEcbIGpWLEyRBaSch4ZCLkcQYpM2gAvV4KpSR6/SHyPEEUpUUIgjyT1JMVKCMAMqqMB0Fp7GATw0FI1bzKHSSPe+UiUOY4P9KRsQTqnBgdtFFCk+fA+nHg2GeBQ+8FnvkoilfMFOpeuNcTF3ccyLihqe+5U4o7DiihAXXP/jaQC6U2mqa6Ido20PbRhqLLIVma6Jv632boNLXZWc4YqAF2E5M2ASrv/Afun0dv/mJzar1tdqfXXuEBwQjhaiq6tJgnDSDqA5e/CXjT3Vfho3fQD7OELL+QkUL74rsROI2PZ9NN4zOCQrQAIP/HX3ir/IW3vvV1CwuLF5tvTRNFoF21Xo1wAY106EsbyWSY55PWq5RCHBmvq1gMJgFgz8LM8wCqDUMK8tKAqBldNuJCANSQKGrf9eL6a2d085tqZXStXJaLwmCNxPrCs2J3WgiY9QGi6jZ0qeCFmpuJ0rkZY+PuXcSwGjTtdssOVanXXYVO38mub1FK+wmZZkpujrN4kmu5PsqSiVJyPFHxRGk5HOfJJNdxmql4lOXJJNNxplRvnOkkVyqe5DrJch1nuU7SXPW11jJTOsmVMQxypWNjWGhjWKAwIjRkrswCxlyhr6Gl0kigtdRFZAIAVLHOQSnEmTaL0zYzyPVMyPUJsJkBE2XQ3W796qYcvsSHMnheA8bARQAyCChooSCsRylSAIUxofsQchnQAwi5UpyvATqGkEMNKAEBLeSy0GoRIirKojVAJVrGK0KpgZbxMrQaoPpdgVZ9yN4atEoQ9VahVIKotwGtY8TJBvIsQTyzAZUniKwB0jMyyl4KnUvImeI8tlMmigAzMzyKcRCxqm47+yACmIyA1RcMiD/wn4GTjwAq4+F0CuaNnri+ez+/CACg9N37pSZ6KrrzLmglpLp7v5R3HCj0mKMPag6KPnhvjBtuU6UqOXhvSSNuuE3pg/dKXH9boYeq+vru/bEwbUDfvV+KOw6Y39sPuDpalOXK049QxMHK2oQdIfommiYeXaIfPoOg1q6A3/ts+m3rhAH1n16/FfEsgMjrsDnnrrZGCea8rAQIQkvD81oD2RA49Rngg296DO4uRU3RhLYUsu74MT0PTUe0temA/P0Pfu7Siy+++IYkScj75dWOYyjBmexsBv8wV14sNa7cz44We7Rnv/q+x3/u+XNb3ykglC72cr/j6y7/pVuvv+hpo/gLb8aG+gzzmuFG3zemiQI6/QiJIWPGSBlfKHrJPCK3r5UXToIXTB7qsYf4AACkF8wLPmajHLceXztg1xoQ6RyPju4uZ18Dc4VxvXDHfqgL5TwP9FUy55Uyp99appmSaablZprFAHByfdI/PorUo2ey/tFNgaPrKjkzglwZq2SSQ0KrGHk+CwBQ+QCAgsrnAZEJpeY1kIk8X4QUGVS+qG2+EJlQ+SIgMmg90IASWs3DgNZAaygB3QeEgtYDABm0nocw9ABSaD0w4I0EfkfE7eJLThRI+ZXw3Bi+9gUyaCFhFmVKCIygEUOIEYwHbn+tnsqAYqpK2DxhDZVREeGs6uYThfFqitVjCqcez7BxagQZKS3EUEQzqZbxUPT667o3GKLX30AyN0R/cQMyziDjIaAzQGcinhnpdAzR64+Eee0/A5DqrXMQsztHAJS28h36APDVP5jhfW9pi062lTXpy1DqEtoP1k1+7G6V/ukdMtp/APmB0gBBYYxAH7xXihtuc5/bg/dK3HCbotEKfej9Ulz//UofuleK62/L9D37pbj9LkX1q77nTsfQ0Pfsl2XUA8XTfc+dErcfULhnv8Ttdxnv4137u2KFMw4CdXCyqQmwgHBjEj90cA92X3sLRBHRrwEwmBnuglPpPnGQIF9lIghVL9cZsP488MBvHsMXDhyDC+pd+9I0oNPMlUzDszz+2N9/YvcrX/nKW/r9PnkdzSa/921KdPkdBboFp/tKknZsI3faUUshoN5698G3n9uc3CiEUFoba/uHbtn3tu967cWHbT90IYSoWDIdZ8GeFhIw0RauqkvKPfGSFuy43EK1MGSEOx6ajJNXCWv2zridwrCLv4jY9tvwPiWuHRBlJGVRHV2qvpLP2VbiyrKnulYLgECaKUk/EFORmTNroCVF9IMZUEoD2MgETm4BRzclnlkXeGxV4Mk1iReHAiPlMCW8uTzCPQ2VeQfAmyS0UMgz8xZENkkQRRnS8QBCZpiM5xFFKdLxIuLeEOl4J6JohEm6CCEzqGwOAKBUAq1iQCjk2U5IORT5ZI+W8YbIJnu0jDZEPtkDIUfQagCtYw2hhM53FoNUvIVhDQxVGBZq3hokMAZHYWCUhki/MDj8hkb3cWCJjrMyC9vSDWD9hPnLJ2YGVUZA1AOiGaA3a47jBBCRKReCOEiAEBJaK5hdnkv9mAHIinyqNzNtvMBUa6WEkHTFe4rKCDCGgFKZlDLVKjfRARmNtMozIaMMKleQ0Ujn+RgCqRDRCAIjwxupEAUvrTNApBBFhEHrtDByjIzjYSaSgZUr01srCrM7R1g9prBjXwroDFIqTCYK7/kxc3+FPeGQcWFTV6OB8+2S72BIfMcBZadQswN3yHj/AaWEluquOyUAyDsOKHXw3hjXf5/CoXslXnObwrvuBAV0nyfZZFF5BQEg8ZMrt6I3D2dbVq+XHvC8Aeqeeeqxci+tAibrwOmHgE+97UGcfcSGmrin3iUK0eW3K0+eykG69tWvlv/xP/7+7qu+6qtumZ2dLTxy7k3Wh8N9T7g456/2MC/eO2RmQZ2EgHrr3Y96AP2yt33XDRcfhoCZi/Tpa4ZNPnnb+mPlowBW+N2mD9ZOqPGotk5xQVRU/RPuJzpDQngwOEBefpS2mm71dp5cJY8x6+97CBCZ8ct3jCM8cg2McoG1CfDCpsBjKxKH1wWeWhc4PhRYnQgMc+/DCeha2JTQFEnpOnA1jZ0k0yvuXLFibQcSsfy4UgmuTg/l87wOdHmWQMYZJqM+ZC9DtjUAogz5eAARZcjG84DMkKfzEDJDPpmHkCnyyQIgcqhswRgE2TyMATHQWgA6HwhoCa1jmMWW0hgJgNaqL1QmkQ4HGC4prL3Yx8Z5xVZoAAAgAElEQVQpCTVJEMUS0YxEnMSI+xJxP0E8A0S9GDICZJxAyLhAbMkA3O1qkR/6DdF1rd/EN8SzhXfGfq2hUf4qrZQUMlM6V0JElSGiVCakHGmtssIwyaChlFKZiAojRJtPvQoZbUBgDK1TQCitc9OGypSQvaHOs1RE8VDnk1RE8UjnEyWintKTVInejDV0UqTDVCSDkR6vZcizDLO7FaAVNs8CcxdmWD6isOuKFO/+ETtlPC0ugX4+FXDBDoyBzW8Gqa/+EYmob8Dccf+IC0UVmgVy59kkqOB44SRR3oISW3ppVr9f+kbgn370Jpy+P8MnfvFzWH16A/6vsdn+NQFyaFB53SZaX4RAfvwfPrnnyiuvvGlmZoaE1knYtMyphoZGPEQxTnQu2SHR1tOsjHT329gE5mqIpJ3LWIKera/ZpXaq2neUrTD0slrv3H5jne6TbmUmHrUFcYplZTOkHugxyvEpX5ogcrgRAVSMURkAlpETEq+4e8au2tTF7sBXDo0g9SrGhJuV3Wfs2k4LwsyWa0wUcHIIHNkUeHpd4rl1gac3BJ7fFDi+Rb4wRsV3DGRUGaZMOYNcCkkyBJ1SKAeYXxw4F40Dd0knXD7VjUYblw6NO7AkXxNjQ1Vj6NyjZPzssTU4KjrXAJFxCgigNzuEBpAsFLpksAEtgBks1+WGv13QrxwWz649VwoYrZp90498EvrQe4HTj6OYD1eg8+C92RSLl6RYuCTFhVdL7HpFimS+j2ReydnZvppsJaLXlwASbdYN9FWWJiJOEmj0tcr6IooT48KjD8hEqzwBMKd0nghgoIFYCCQA+kLIGEAihEy0VgMhZGLPAcRFecELMcwbR7LI579mRAoQt2BN8yjIs9+Y/fZrdEV9Wbw2XRoLsmqHXhYZmXwpI9J2KWTxU7yCLSOTFcfmibWfq44TUy+ZoepSIRlkEFCiv5hppWAWlwqF+QtNVOSCKzMAI/3Df2YMCSEzrXMpRJQVt1AGY5BsABhqlW1ARhswi5VPYLL153SnOCAMYqHwkawd3/KbVzlz3s4KY5KsAnFC8ER50bnL0EI4W9cBfqCsKASACOhfAFz+5hg/8MAtWDkMHPy9B3H4njX4gZ0Dcsi79gG0D8R5eTlm//73/kP/W771W6/ctWvXVXHcA11sZt8ht6naclODYFdl+ziKAWy4q8VYFMjNZztdT8d+tavCmQJ0i8Py06s2NF0qJveXG1hWnGoRWylMVccqVurNFte0vNTlbaEpFrpj44xZ1S4NfwsySG44WqCaIqjoa+Pj5pT9taF5YyhV30avHGhXxvpzUXGkSRRjkipgbQIsjY3HfXhN4tl1iec2BJ7bkBjm5qMlnWODFBB5s84nP9l1ddYidOXNAZvS+SxCx3q09epd40aGrUuNDccGojpJkmsDzxhw3j6gFoB93rVlyGkKOpVLZ24I5MaejM12q6efAA5/BHjqowobpwCd2xCzXYVON3kZYbKVYenZFEvPAkc+5egbVYlQc8JIN8oFbjQPbp6zCA7EkdHcIbzjLgktYwERq/VTfTG/V2qtYz3eTMTMPCDQh0ais1FfxDMJBBJoxICItZoMRNRLBNCHRl+pbCBklGhjFPS0yvsA+kJGCYABoBNA9KGRCAGpjRGRCGCAwshQSiWF/ogFkGitEkDGQshYF3uxhKIHvggET4KVGViTTjkACYGk5Cvrxoo9p9/igIhMnr2thIQxBiSEjAujRANCAsngl/kqd98FA8KgzufeJeL+vsoFtNrX0WgVGFvkoPq/BGbyUNAycH6FAob1CNjDZPNEDCQ7gb2vB775D2/C1/xr4PgnDuORf3sMSwc5sIfmUbgy8UU3KJDXxuy1r32d/K3ffsf8tde++hsGgwHi2NhUTndFCU+ge4g7yogAeBV2RWVD8bEqQdUUajKo1YdKimiAz34qedY/W1qCvEDJx/FEKWCWdSkw1q8ZBW1WuW6EWPlB59N1ycfikfbKQXkUfSgF8BkENp8redueIeQr2ks7iV43ANSTtYaN0kCuNZbGxrt+dl3gmQK0jw8Fzo4FlsdAVrtQPpDleVYA4Tmng82MMiff9hmB5KvDDQH+G+LpA1MfD/jl8YI9NRJC9ESuNjrTJ9cBcOoQY0WYLX2hNaAVMFoDlp4Gjn4a+PxfAMcfAbIt64XTT5HSXdp8u7VB3H6Xsq+U6bv3SwBS3nEA6u79Utxxlyr2mIC+2yzU0vfsl/L2A0oLSAFIdfBeKYvV5cWiMAmgXCSmD94bixtuU6pYMS7vOKCEkBLQKj9wR4UBd9+pAKS6kFUTXaiZnvQYGlKzfF3HKKnrOlrVDJTv/UOJfiKBWCoNiY0TfcxdEut0oy9mFmKVbvVFb1aqyTgWvX6iNfo6zwaIkr7O8z4iEQMihtCJVmpeiKiv8nxByKgPFHtUqLwvZJRohUVIJKWxAmUMBhPB6EObaIUGEq0UhJSx1qovIKEKgLaArbSCQGFUSGmOART1AFE5m1VEQyhoNfCZ2D6A58c2cdCS+InlW5EsmsUZQIPVjQrUtec4NIcOkh+aR/fV9SWdA9kYSFeBc08+hvv+5XGc+ix9SELTCzzM3nSMr/7qa+Wv/8a/GvzjG19/047FxUEUxxBm+5Wa/VIZ79oZClcBW5AvYKkcLlPmzj8D7qI4lDSVt06GREMKAfWL9xx8+/Lm5EYphNJaS62Bt9xy2du+87UXH7Y0lSia9aECeP8Xy1w1XvsOuKgA1gVAfr/QbF3WdRvg+5x7biNUm/FUMtmxq8aZK3o3JF9eONY3JnthQCltFqWdGQmcHALPb0oc3RB4YVPg6KbEsU0z760s8DhdCIHwlyIFgJ5Gx5zxAuqGAq0XasNXxu4l73fJBStjsnjBuXbzkaENGRSot89BHCAGDAyAp5vA2nHgxKPAE/8NOPxXdKtV+woZf62s6dWytvU9gF+HbSf5nBuvI2jeUzfPglnpfZfS99zpvm52+12qWhTq3OeyunpVZmljV8NOIjCFLtQSEkJN7r6dy90Uhe4yPk004bIf+COJ3kwCLRIAMUQZwRkg3ZqHFPPQIkFvRiJPpYh6ic6z3RBiJ4zhYDw+le8SMtqrNW6EVjcK8/VLCUSAVhJCACr/C4FmD7QJ1H2DIvGT525FsoByq1eiWB1F7JQ1JEezwtURZV1qcRfHXO84sVhiMJT5GlCZee1t68xxLD/+LJ5+zwaeercvpN4K4q9//U3yV3/9N3Ze86prrl1YXNzZ6/VYKMXiUAEmgioU2w+UHXDm0jUcEKdzzfWQsOWhKz3H7B2jc8pogNQa6n+659DblzfTG4U0gA4N3PmGy3/x26678FmYB87Zo7y6DqxN0kYJ8qjC9vyWsELWdTkBjDKrMmhKEgeAXcnKHfSoqMIjLTOIKiOEfa0MxBghYgIamRIY5sDmBFgaGaA+siHx4qY5fmFTYnUCDDOzaE1xkYPPRQgsBaNhDwBdscfG0fV6+XFIhtoDxnh2ebhtEu5w13g1idLQRqheDaiLzC6L6jjPJhDXCshGwOYScObzwJFPAJ//CHD2MKBz+m64b5tVC+ChabuuALUdMAsBVFO9Jt7TysP7yaOgTW2W+eL2uwCg3AjHnACAlvZ1Mn3P/tIAsUaGvudOietvk+L671P60AdM+fW3mdfTitfZbNRCELnU3ftldOcBBUgFrZAf2N80Tq3ye2ne8s5roPXHIOSlZgPPCACeRZ79MTYP/xsK6G2DFQIxSu8BdO1qXIBocB/CFHkOEJNz+rC36aBa24yP4+kxD0MrQE/M6yCj5WN47gNP45O/ZHdR8iW5sLCAA/e8Z8911736pn5/FnEcV/PinqSL/3xhmjnUDkhX1mm9o43vZ+uqvg/MbVtEQUsA6n/5r4+/7eTq6JuFFAqFh/6Gq3f9u5/9J6/8GNgNWHnTrqJ3VpVrQAvtbLxl57Hdb2dX8jvyCfKePcUmYxXZHjp1PfvJk3yPTeejK4yt0oNnIfITQxMGPzMCjm+ahWintgROb5nQ+Jliy9Mg4NaeDb8sAQlBx9uHUcGyIC9fkR0o0lxnEYnFVMrU0HYjbwr8IQMi0I/aFqwgF5/Tizq/TkAOmI+dLAHLzwIv3A888UHghc8C1a6VFrCtR97mhdPjJp0MDw2vDw8dPbe0IaDx0bblNZ2H0nZA8KXU72LAhHihjXdpJNx+l9nA6J79Utx+ANaYAADcfkCVj8ihe2NxfWE4HHq/NMbEB4yBcc+dCt/973ZibvebAbETwEksPfc3+OhvboBENkKC+VKTVSXx46duxczuCtAB1yPgnrIXWEX9N5RqIMcMgpKuAOxqgprp2EA71IPXqvLi09XjOPvIsff+zOzgq6687OqdO3f1Z2ZmYPZX99kRLshVrAMeV6PzQ7897ffUaBg76JXXuqqR5jqeiWX2n/722Td99rlzbxXFwiKttLxyz+yH3v691/7RJNdxEsusfatVI5fTlVIOGgrXpH5V075LHRqDEABVqtgciZLe8qVjXzceUiWwOQFWU4GNCXBiKHBqS+L0FvDipgHsFzeNt53rwoXi16ILMDs0HC1DDEorpkMDX8wU8qobDIMQOAZ51x7S6ryJR+25YA9jIz3N89Gx83wCjFaAleeBYw8CB98LnDjYFEZv26GNH3dNTUDXBQRfaurq6bdNYZ6PNrrU7dJmE812231p6S1/Crz7xzhviR/6L8B7flTRVe6hufGuoRBzPF5bQ7JjsQJ04o7ZV2746iQKAPbQAXXUn0MndMiMAUcvWkQV1TlvswSNQHs2T5o1Eoj7wMyuS7FwxaW/8WiG153Jcd1FOa66IMO1FyrsmNVIIqAXCcdmKf87nrghsNublrYImQ+3c91U8dgh1HQsynGuulXCqbM5Ch3oCoSFAGZioTQ0dgziFYO79tUfjbWtbB8g0IuEqlam257RBXza328Ls7QfpUGHAqsqGZ3PddJOW/l14d1b0EYVyq/uAbO3a6aAXJvfzQlwdiRweivCqaHAmcKjtp71amoAfSMT2MxQNzy8eGXL7IXx3F8c8H1eXpslIOw48GvpO/bxt/L45GtrPwCwDiA21acWGZW19nATvoH6JQ9fmzpQxo0B0r4P7H0ArnNgvA6cOwocf9iE0I98kn7ohIbRQx44D6MD2wfctjoykDctkLWF2Keh7ZKmCemHaNrabZOJ4yKlbWrHR9dWp1syYC7xlj+VeOzPJV7zfRne/aPAe35UAdUd3CXsTsvDIfdv/A97ce2P3ohkweTWPF9mMTsAT1xJrrRK8CZ8ymoBqzugJ6pzIhuX010VxVxu2iY914DQuGCgsG+HwiULOa7clWPfDoXLdijsGWhcvKCwa6Ax6NlqrgKuzitDyAvEZP6Z2iEVK57p8ViI/BxyXjy3Nf9r9z75zlyjbzGkF2HtHd9/3U9duDAztLL6wtdtkYCaDKUho2vDSz1pN6JhAHo9FVifCKynwFoqcG4ssDIWWNoSODsCzo1N3tLI/K2kAluZNS6YPMIrbDUwpdj8fvUMK+8vv19qlRyrhpzaug2yfVkkDobc6GiiC5SBVw8McBOPmuEwBYBDGA98vAYsHwFOPQ489n7g6b+1BBbA7RfLpgVwX5pG4Xf1ILuAxjSh7JfidW4nDN/mTfsAs2v7bTK8VA97O+O67WvOP5/qm3fhoN48uJ/4hTVc9b1APFuxbwufC67UQJ41btWTLA7ylH+pDAlNTYeTjLYwf+n9W6VAPDFHbwksbUZY2ozwqOgR/ho9CczEGr1IY2FGY++8wkXzCnvnFS6cU7hgoLFnTmH3rMaOvsagpzETC/QiIIkEkkgjlrqYKNGlWPTXldkdQ2cu2mdXlXy03DM/M5qbiZ9dG02uA4z3Psmx+NEnzvyjO7728gc0tNRaV7vFFREFviiNy6UBpLkJVac5kCvzbvVEAZkyYJzmwOmhxEYKbEyMB72ZCWykwJktiY2JAer11OwPmatiz0mFYvMUZmTx5FxaC+aWNOCNa/pL7xtU3rjTFDNEmzxGKgOl1fS8yWrwGWlMRoDd3x4ZalGFNkslYJD4ntkgjzYAZrz5+FMeTltEWdQAnxjMTtsayFNgaxVYOQocfxR4/F7g1BPAcBmApgDOvxtu19fQdTahMLrPa6Z0IU/QR9vEpwudlacLoPn6NQ2A+mibwJV7/yFjoGtf2+o3tR2Sv62sizFw3q45BfQmJr5wfLjBU/cfwRVvvhJirlIgVDmVzxS3lLknyoDVeY6pYrLKKOgiVcnxeMjD7oC1h55PE9g6lE+p3InXVnpcApMcmOSm3rkt4PmVqGJGeQnj9SaRxlyi0Y81ZntAP9aYiY0xMNurfgc9jbmeRiSBhUSjX2zZPFvkSzIsc4nJc8dUV7oSwCTTshdHWX9mcN+x1bXrAKEyJaCUlh95Yv2NF10UPbA1UXKspJoU24ZuZcDmpALqjVQgU8ZrHudmJffmRGCiDK35NTRbxUrvVKG6L/h1KI0Yej8EvFYnTk8YePdm5QCrXXr2ERyHhoK5k6iR4ANE7r1yozCUuoJ58evMexTPR/kcag8PCoIheemvzzgJ/Pq838Z2G3jXaJhctTHn/SF88on5TvjSM8DxzwHPfAw4+hlgMgT8Hjhd1EbLAT+wcPD2hXCn9aZDdG3622dUWNDqGpaeJvTdRfY23rxOl35PI4/PYGlrH3BlCV1j3z3wRb3mwtNAU4NdfiWAAW5/8o1YfCUgZyrF5ni/HFDhfb5d4AcBeEoEN6+sw/kyGZoWwnmXQROwdowTXZerxtZnnFDlSzvs62fIuOHAR5QZp/HpyFq5BgAJCIXxmYux9oU/AHRMrsUQO6//GSSLKy5/26b2O3Xe8ybQptfA1z+P1+VbF9Fk4/nGoJEmVI9cKwF//308utDRNkLX3PcofEmSD6z5Q+dL9tlHM11piHDe9jTQce+lFIDKzHvgG6eBM4eBZz9m3gVfexGoVqF3DaHD82vTNPqyC/CFAOp8hL63y+ul9LFLCH2a/m53nM+n7F8W11wwAl/jQJ1R07EEkGDvTfO49X23YO5SQMR1AKXAXnplNrG82mI1Ul56wfAAeSCfJ06PgKy1PEZbm+8UcL1IDvwdykuwJ4kDCvdofcBY8uxQbmjMdV26/+1Q4xsLUnMfJDv/BLte8wHoPEaxz3Ddg/bIXQPdgPzefgBhj5zxCxk0QXpSEKpTq8v66tSl5U1td0k+3i20tfa5leyj34ZMvuxOgO6rZ5Pn/nCAnfUjcJlM+LyY/145Bpw8BBz9FPD8fcC55wE1scBMve0R+1PklyvRaRR+F+XcNc+X2kCji0xN+dvxKruCKc/rIud2vNs22aY1AqaV+0tyzUWgkAvkCyGEOmWP+7j2n+3B173jNZi9EM5rbA4wFv/q73m5yecF2we95pgFjAVH33FPmDDgBgaPItjEIweNr9hxT5MKxMHPw6cGNAwI/aAMRwFSoyUETOW45TFklGH96a/D1ol/WZEIQIrTuODmn4PsGa/GB4ICLl+nD748alz4jBwOVvDQ8jZYez4P3itXiG+T4UHreng59QNWpXPPhvrRlrZT2VfHZwBsJ9lnxMdfuKdBWTgN4w8AKjdh8o3TZivVYw+ZxWvHHwHyMVAPn1sQ30C1Mt1u9hLyvHme9ORPA6Y+hykEBLxeE8h1la2LfKFfsOOmdroAZ2gseF5IxhBvmtqMnSaZOH1bf331vujXnO/lHmLmGxwuOBd2hM+/8yzi2cO46deuwexeoNyvlig2H0iGUvmsizo4O4BqC4gHXFsQRAwBxwgQLj0qVl7QceT3GAFln6zMzBix/Er9qStaypIqRToGtTG0/dJuucNDo/bVK0cuACLOoAHMvfIBjM4cA7J9ZdtK7cXas9+Indf+LXQeA1FWA0zenzKPghs8/aTjwvrpjCfrs6X3KX2HDwdqnk/vHUJX8yIZADt1yXmt7Zb72/dMtHrZXLbAacje8AJrSM4Gg5WXhbxnhw+/P1ra1RrlDmxbK8DqC8CJQ8AXPmwWsY1WgDylm7jw3dho6Dw0/81Tk5K3eU1KmeY1Jcl+fXJxx4nS+IDEp7tDfWjzMLskLh+XbTspxNNXPg1PX/9CRoA9pnlfdtdcECGavPBprSNKN8BX/Q978HW/ex3mLy9sCAK0sGKgDqJ0oRn9JGOpAyz4MUBvWqVensPlxSMAGu65Y0S0tOvth4NYTrerYw/A0uTZJS4csrfnnAcbAN5OKQcArWIImWHtie9GuvTTptyOgzyJC27+efOxiSir+FAwpokYcPTcS8vlJJldx8Upa+LvkTHYflt9xqeNx3bkCqMya4sYdp3qknpdjI+ukYDOXWdGX1lfAzo3nxJdO25C58ceBF78nDnOUyDsfdMFbKH5b3vcFp3kdeChDZW1/YZ4TUs/Tera9rSydZEpRNOEK9PIMG2579imr6hrLjyETVZGW7gl5MUPsPCKnXjzu27AntcC0WwdcG3ir5p557J5D3yei4eXUwaPHiSADNSPfXVri/qEhzdX8IRRK+DSfoAYNg3g37owLQT8xAukRo4a9XHuwT+AVnvKQq2BZPEAdr32PVBpAplkxnUqxoADNpfHkY15oEE6n/weg6RmQInmOmU7Pk+YXYegTL4+8UwGoN4pgAYZfe11wV0AzmLC0lj1GdVMBB/vVtHY9fd64wFDJJ+YL5CtHgOWngJeeAB44s8NmJvE576tB273Qrfl29mFrQ2MpgWraUGyLZ3v9rvUmxaIfDzb2kVHuq5jdT5pv6KuuUDzgDZ54G3gT5P92P0Ab/jfbsA1+xPM7oX5IptHazhZVBH5QBHEk7ekDPAoTUj7OcDdpsm4F+5TloQnTb5FgT6xHI+3aMNLQzId44ZVd7xGn1fPga+kMdd4/fHvQLr0zw1oC1mMcYbZS96B+asfIO3JEtjL/nbx3uGRo4mO9ascj0DyGhC2rAWhamDPjSEfMHeRg8vTBIJNhgkfY15vmuSTw/OreWea+oD6ucoBNQHGm8DGSWD5GbNg7eh95ni4ZMPmPvCmq87torUm79um7QJcU3kTkLWladrfLjDwyOsXo41Qu+cTpNvqtnn9Xdr8ir/mAu1CgpSD0TZZJrS+PTagvvOanfjm/+sa7L0ZiOcIyBX/QuccMC0NBS26cbnXuyaKj3pdlq429x2g8YXUeTShaKYmk48mBGI1QPZ530yeUp8GgLtxVTltr5RNQmcS5x74Laj0NQawtTSFIkNv4UPo7X4A81c8AXtfCCivESX4+HI5qOHB5eCJgymv0+Tt+owDKxem9MYtPwZkjeAdkqvOpv4cNPFrovEZAFRQX9407Xiq2DTZAraWgdXjwJkngbNfMKvOjz8CqAwIe97TgDca8rp4kF0VdQgkpw0ZN8nQVi8kR6g+4OrxUL22/mynT76yJvppvX/el5fSVlM9XztfVtdctBD6hAidtyVJ/voA5vHK77kUt7z9Yuy8Boj6DUCOKr/UKb5yH5CTSpSvjzbkxQdpRb08BPS8Xtvq+JrX6PPM6qLW5rK9NISnNRIa2xLG687WdmLt0G9BZ1cC5qMtxiMvyGTvCHqLH8aO6z4Cfn84Xm5A9ppBQ8G9Q78AVubxXB1enuS8597F8AnxCRX4PNeiQqOR8BWQ7KtikyEwXDJh8zNfAJ76a+DY/WYe3Hw2VKEKifteGaPz3V3Au4sihKd8Gk+rjXa7Yd7teKnT1vcBB1Afu/Pd7jT1uwLzNODXpd2m+l9x19x66EA3L5w3ANQvStvA2t8+LLC/5ueuxnU/1ceuaw2wAy4Yt4G375U35z135vFxLx+0TNT1bemxcQ+XeyzMeOA7k5VATj12tChyD+D6NldpBMeAZ869YC+4Wzptru3k3G6sP/l26OxKAvrKgH7BK56/Fzv/8TsBSBRfa6uBEjcqfKF/b78Ab1+CYXrSRqPHHKrLUqtn3pGPly8zPkL8g55yVxpfR0K8fDQaULlZkDZaATZOAeeeA158CDj5GHD6CRNG14qDNwVrunitC3i3KeHQeRePbDupCzBMQ/OlkrOrTDZ9MWWbRqaQnC9fc5LsE+sLwzSBe5PF1KUe99YNsO/7tktx06/uxAU3ADM7C8cw4PXSVANJDvYExGvhc3j0VkObuvzX7H3XXofiNJRP8c+3Mx0FPq83zr3QJjrLp80YsHk1z91cP50l2Hz665Gt3wg1+loI3a8qCQUoicEVv4LBKx5Dec1ZX3hb3ihFqzwIe7YNfQuF9V2BWFaLp1wzUAJtemXehgfOr2kngEYgL5QvjK2WjQ1wb54F1o4BZz5vwuVHP2W/Mubzuum73RzMm973btMvTakxHIm6fgrRvJR6VA7enybl38arzanqUq+pL5zvtOPTtU8vZSxCsvK+/P/2mocAvemc5vsa4PXaBosC+wDAIhZesYib/9XFuPzNwOweQCYN3ixNTGl556t9XntRl4K+E06Hp0zX2/HuaCcYYPnyqPwh+Vgfa6DN6vtoALS/XkbrkT6GPPfR8SsxfPp3oPV8CehCS8j+P2DXzf877PWuAXIgGtCpP20efFG3afFYUz1HBp933BLR8CWvB85BmVfwteejfYlJA1AT43GnGyZcvvK8mes+/hBw8iCweRoYr9OFahS0+Zw3/8pYSlqb1vP+SkpNsndR7F8JqUnurmVNPL/S0pfVNeeAzkEaJJ8DMaW3aRpw52XcYx8AGOCaO6/Cq34QuOhrgL59a8qjja3HSwGVAqsTCq9XrwO1JvQM3KkS9hkBPKzPjQJvux45oV197gAI9bjZQHhf2WL99c0V+7xQ77vvAKAldC4hogznPv1/QmdXO8LK6FnsesMvQojiunu88loKyUDKaUYNJNvA2pHfQ9ixfq3tmqAu/66g39reNCngoWsNTDaNZ7152sxzn34cOPWY+Vs6DLjeM90ClS5O4+92T7vLWlOaVmr/3c4AAApiSURBVNlNG7LcbohzGvqXKtO09aZJXyqZtjNeXdPL19yTQl9ba2LaJXwQouf5FsQBowwkqvdJNwDEOHzXMg7fNYCQO3HFd1yK1/3PwK5XA/3dQDTjgragCpR4uhSwQpHJkPcNDUfRe71vXj/g9jpYpat2fckaDo5RAo/nLuCdRnCA3dIIV3YOYJrICUoHPx3iDOnSXuj80tLYsPu9i+T5ipbIVrIOePwlb95eCICZ8cLHuGxXV+S0DUtHDTXfVqUcwB0euvqlY16jDVmTrApv377Z0DXpYhvUbMt425tngeXDwIlHgac/CqwetZQ8VG6B2+d9dwHutlAjPPlgNF8KL+6l8pnG8wrpxzYZpglR+2TzhWbbQrvc0ZrW8wzhx8vXvJsML/ma+7Z+7dKJLjcT5dn0MPO2LbCPyO8GtNrA0b9cxtEPDzCzax6Xv2kvrvo+YM/rgLlLgXgAiMh12PjrbQBqYW66cK3JCyq9a+K510LIXMFzz52UBd9hJ3JSutLwIHxKQwIVIDlz+rQDFuwY+JciEWOoPGeee1VVlvmbh38R0APH+NAAZi75oGsMEEPD4U2HhhkPDjAzQ6NGz8HY47lz46fstmesaDuOLD7ewkPn4+e5P4RPNsqXXg/iZeviPe50ExidMwvT1o8DJx42G7Kce8aEzbMtoAp5t81x2/B4V4+b5nOl1cXjaFN404BWWxu+vBDw8XpNPHhqG6cQ/7bk06s+ebrIGeLRRR7fuLx8zf3pS37NBSv0MePCdfXAaYO+Y84zNJDUGEhAN6kxf33MX7ETr/5nA1zyjcDOq4H+hUBvQFh4PCPf/DpQedr22EfrfdWMtOF1Jj31aAife9BeeQtaHtL39ovzc4hc48TrPNL+OaAlYTeOWfvsLyMffwMBJQVoiWjhXize+E7YaxleOU8aZf2jdD7ZwPN8/HligOmE93kkooNLXBueJg9c13C6NYyuilfA0g1g65wJka+/aDZeOX0QeOE+A+Yu8PJXvviiNA7cdGU5PMehZzWkFOE596U2D9Kne5p4cNm66BqfvD6nJCRTF73V1TPs6kU30fr4tbUXKqNtvnzN63L7+P53v+aCEFOhORN+PI2wbULydn0DyPna3z4MyCewc+8ymcfiK3fiim9PcPmbgB1XA4OLjAcve6jeruIAyz3lAFgCftDnPENlDh3gzFH7FuDR9kLvupdtcZTgYEU94pABEYhUCKD8XGq+MY/NQ//CfFa1AHEL5qJ/H3Z+zW/Dd780AWWozWnoa2XT1GVj12gQtLTf1h71sPPUgPZ4DdhaMoC99BRw8mHg9GMGsCdD+sERoO5pU49bwQVtSz/t/HaTEpzWy5rWG+uaunpUbWU2bVfml5I3rbwvtY3t8nv5mp+/vGnl7ZwnWEaTJdZkAcGTH6IPCQT4L1RIJl6Xeu90YV2MuUsXcekbB7jk64Hd1wMLlwMzFxQgH5lh8G0soznQBQC1BuIcpEkef22tiSfn71ux3+UYYHgVAG0ArjdtPVky9uMXr8L4ubdBZ1d4wXzxpt+FiBRqYM7G0inzyUGFZmF03wY7QV4hoG7wwLnRU2sfnnzq7Ssz/iorPOy1ArDPmvezlw6beez148DyUwbE64Dr87IpWNNfW5/yAOrP2bQeFU1djPsmr62rl3Q+efrStOVd5Jq2b9vl2ZS6esgvX/Pp2gvRfVlec67+fCBMU5fBp/m0ThOQW7qQF992cZsA3vXgK6BPsPemAV7xXcAF1wPzVxhPPtkBxLPGm6eh2VZgRZ0WRZ4PscoQeyC8blPIqy+rEUOkrObh65WJysCSqe9ej+Gh70K29JOAjmvTDXL+r7Bw0x+UtLWQPeVdb66xTlM4u82TrvHwpSJS0baOQsDMNuQT843tfGTC4emaCYkPzwBrzwMrR4CTDxovu0r0lS8K2NSb9i0+S1m9JtD2GdJNXhXQXTGFFI/vGUSgvE0R+xyLrnJsJ3Vtpyuf85UXKp+2flfADLXz8jVv53O+8kLlU9UXqF+cUOWulhXg59d0E3S5Adpu3FDyAbz15OlxjKifYH7fPAYXx7jwRrPgbvGVZk5+ZgeQLAIyAWQEiLg99F3bkKY4KD1oFvIOzs/Dn9c4PQAWfedRAITBULCxHj17A7KTPwCVvo7UUbD7uce7/gRzN3zAYdMpAsDLzgO9t7wh9K6VCX/rvALrbFh41uvAeMUA9fqLwMpzwLkvGPAer5i9ycer3LOmYM1/fZ42DYvb3xBgg+X7nl1+HHoWQ/RNbXCapufc144vn9bhvENlIdkAv3xd2g3ldeUND+2049PUtzbeXa6Lr+zla/7/oWsusL0O087Ak9ekbJo6wjvPU1OHfTRAvT16nBTnEvWQvYQFeuvlx3MxLnxdgl2vBnZcA8xfZlbYz+wEZnaZD830BsW+9EUzjWFwTzieljs0cPNKYyBAU0tBBOc8qvEbH74Z2dk3Q41vKXlUYXYA0Ukk+34P/SsfA4SE0OxaMDl5mmqum6wHCHnb1suGAFBsTZqPzd9kCEw2iEe9BAxPmoVmw9PA+jFg9QiwcdzQ10PgFHxTUu7zpDmQK0ILuPes717veo/bY17XRxdKXZ63pnyfDpi2nWlpu+iLJsV7Pvh1ka1rG9OMzXbl6lrn5WveXaY2ui/5NeeAPo310lXRtFkVvjam6UyTNeQ7p3VCeRbg6S8Fd/4rARFDRDGEBKJegr23AHteW3n4s3uA3gKQLAC9eQP6MgZkD+ViPREVf3BD6jTVwsLUELA0pIyCphNpp1GCskxCQyF94RpMnv856MnVhK+ChqxWXcz9FfrX3oVofg06jyEjC1Zu8s5pgxgyLKmCjZoAUOZcF3/ZyJyn6ybcPdkERssGqEfLwPoLBpCXngBWnzMeNzSgVWb6WhocFGB9xyFwtn2kK8NDnjU8513Lzkc6nwpku21Pq/i3K+O07fF609Keb+A4n2m7Y/Glbvfla37+UjkWPOTOf21qKp+2k23GAk1thkSTrL76TTRNSZJf++4+BXtuANgNexJSJ3HyhJToLUrMXRJj9kLj3SfzZg6/fyHQ3wX0FisDIB4Uc/uJ2VAnSmDC3X0T/gdMnoxRoqiQKLfNbU9mnMaf/1ZkSz8LFPuz0wVgGgqy/0nIPR9EfNFhU01LaKWgUhO2BgCVmtA1lPF2VWqMh8m6Aep8ZEA4GwOjs4DKgbXnDGiPzpm2ts5U5eNV41X7w9EKdW/aN19t6/uAG+w4xJuWbSd1udfOF6+2ex6ecsD/7AD+5w+sjOehhTbEMyRnl+ef03XVH11kCsno04m+axPSTTR1zeP5046lL+/la/4Vfs1FgNCXunQ2NOhNwNrWId+FDh372mprg9cJlYUSL+OgD7jAb0Hflx+TOqE8m3gbIXm6p/mLFnHj7e+EiAag/dZqA1srn8bJQ3+JFx44TNppAzYfEFqQ9NHZMl85D3GH6vgAnub75Arl+VLTPRyi7aq4QnxC9G2Abum3CwZN9bukpjZeqr5pk227ZU2pq+LvysdXt0s/u4xrG5+Xr3m39BV1zf9fDacta+ixS1wAAAAASUVORK5CYII=',0,0),(59,NULL,NULL,NULL,'2018-04-08 16:38:49',NULL,'2018-04-08 16:46:04','data:image/png;base64,iVBORw0KGgoAAAANSUhEUgAAAgQAAADGCAYAAACtvZgAAAAbSElEQVR4Xu2dC6w3R1nGH6RIpYIWKaIiSIqiKKBFRaKCEBELrUBCtFwUWwTRcpNIMCookCgmCigBqYKKNyDhoiUShJgqQVEioqKlGmIVRBGoChYQLGCesmsm4+xldnd29z/72+TkfOc7szPv/N79n3l25p13biAuCEAAAhCAAAQOT+AGhycAAAhAAAIQgAAEhCDgIYAABCAAAQhAAEHAMwABCEAAAhCAgBAEPAQQgAAEIAABCCAIeAYgAAEIQAACEBCCgIcAAhCAAAQgAAEEAc8ABCAAAQhAAAImwC4DngMIQAACEIAABBAEPAMQgAAEIAABCDBDwDMAAQhAAAIQgABLBjwDEIAABCAAAQgQQ8AzAAEIQAACEIDA9QQIKuRBgAAEIAABCEAAQcAzAAEIQAACEIAAMwQ8AxCAAAQgAAEIsGTAMwABCEAAAhCAADEEPAMQgAAEIAABCFxPgKBCHgQIQAACEIAABBAEPAMQgAAEIAABCDBDwDMAAQhAAAIQgABLBjwDEIAABCAAAQgQQ8AzAAEIQAACEIDA9QQIKuRBgAAEIAABCEAAQcAzAAEIbErghyQ9W9LzJD1+U0toHAIHJ8AMwcEfALoPgQ0JXC3pS4L2PyzpAkl/uKFNNA2BwxJAEBzW9XQcApsSOF/SaxMWXCvpTpL+cVPraBwCBySAIDig0+kyBHZA4GGSfrPDjqdL+skd2IgJEDgUAQTBodxNZyGwGwK3kPT+Dms8O3C73ViKIRA4CAEEwUEcTTchsDMC3yLpih6bLAhYNtiZ0zCnbgIIgrr9S+8gsFcCr5N03x7jLpb0a3s1HrsgUCMBBEGNXqVPENg/gXdJ+uIeM18u6aL9dwMLIVAPAQRBPb6kJxA4JQLvlHRuj8H/KensU+oQtkLg1AkgCE7dg9gPgdMk8JeS7jJgupMWPfc0u4fVEDg9AgiC0/MZFkOgBgJOPnTPoCNvlnT3qGOeJXBwob9zQQAChQkgCAoDpnoIQCBJ4LclPST4zQslOVnRbaPSPy/piTCEAATKE0AQlGdMCxCAwP8n8HpJ9wn++w2SXiDp1QlYD5L0O0CEAATKEkAQlOVL7RCAQJqAZwS+P/jVZZIe05xjEC4luMhHJH2jJMcdcG1D4AclndM0/dWSbiTphpI+IeksSbeU9NmSPkPSKxoB90fbmEqrUwkgCKaS4z4IQGAOAacm/omggjZd8ec2CYk+J6rcSYruRbKiOciz77UvniDph5vBPreCD0m6UtK7Jfnft5Z0V0nXNKdbXt78LrdeyhcigCAoBJZqIQCBXgJdgsA3+QTEv5Z004QocMIiTkNc/uHyW/9/NOydRfIRK6SPth8t8rh2QgBBsBNHYAYEDkbgWZKeEvT5RyX9dPCzByifhvgFCS4WE55R4JpGwG/+D2iOmnYcRzwbM63WaXfdTdJbpt3KXUsTQBAsTZT6IACBMQReJOmRQcEXS/q+6Ea/qTqYMDVg/V2TyZC4gjG0pVYEmOn3jrtllVKXSPrVVVqikUECCIJBRBSAAAQKEPjFJoiwrfpnJP1Iop0+UeDiPu/ACYzIVSB5VsXi6eGSrpP03mbd3gF/99CnRcHU622SnG7aAszt/LukLwyCCr2889Gm/dtIutnIhthBMhLUGsUQBGtQpg0IQCAmECcm6ss34JgCZyz0NHfqshhwbMERtybeuRFE39oM/ks9aR+U9MeS3i7Jyzu5gstC7gJJl0o6s8Oo/5Jk+znVcimvzawHQTATILdDAAKTCMSCoN1l0FfZ/SR5u2LXoUh+e7Vw+N0JA9ikTqx8k9/wHeznLZh+S/cburf8zble0jAzOw/ON2/YzV2KiYNGUzYyOzDHcwXuRRAUgEqVEIDAIIEpgqCtdMxg4/r95YHNb7s17Ezwvn5P/S9xuS5ngJw78Me2WLQ4JuCBPUZeK+lxHG+9hBuXrQNBsCxPaoMABMYRiA83yk1R7Ddkxw8MHZDUZ83HJX1S0lXNW3G7xh5Oj/v/wrV3J97xW7ST8vxbUHm8Pt+1Xh9Pvfvntk5/f1/TXnu/xYzbunGTDGgc3e5SnhEwtxICyUs7zjRp33Rdbt9CJHcJYm6/uX8EAQTBCEgUgQAEFicQzxB4oJgS/e57PGMQn4GwuMEnVKET//h4aTM+rxE9Lyv8Rm4RcMVA4OKYZaETwlyfqQiC+nxKjyBwCgTe1KyFt7a+UtKDZxjuAekiSQ/tiTGYUf1J3FpqGWCo8w4g9MxA16yIZzks3I4Y9DnEble/RxDsyh0YA4HDEIgFwTsk3XHB3nuQskjwl6ey/RUuCXh6/mxJZ0j62MjkPB7YnIK3va9vyaAr2Y/rCK92ycB1emmgXTJo73d7tjVcMvDZDt4C6KRNH2iyOj5po2h9D/TP6RED/9TEEywdq7Dgo0JVLQEEAc8CBCCwBQGvYztivr3+amDteQsb99bm50v6CklvbkTM1vYNBXd6xsLBhcQLbO2pke0jCEaCohgEILAoAQ8U8VHH/D1aFHHRyry90wcfpS7PglgsuAzXCRHgA3hCzsJUCFREwNP3PkwnvL6mwDa4ipDtoiv226t6DiVyDgjvIiDZ0C7clWcEgiCPF6UhAIHlCDjILMw++HxJj12uempamIDjBXxkteMx4suxAhYCBA4uDH3N6hAEa9KmLQhAICTwDElPDf7jPQun34X2MgQsAJxsyIGaqctnSTgmhFiBZXhvVguCYDP0NAyBwxN4tKTLIgosG+zrsXAsgGMFUlsKnefA6YcRAvvy2WRrEAST0WXfaJXtD5a3QXkLjjOzsc6WjZEbKiLgz8TVUX9yMxZWhGNXXXHQp2cFunILeFaAoMFduWy+MQiC+QzH1uDpUB9G0l4WA1bX7M8dS5ByNRLw5yDMMuifb1djR0+kTxYAjuVwgqfU5a2EjiXgZeZEHJpjJoIgh9b0svGe61AU8MdvOlfuPH0Cqc8Gywbb+LUvyRBBg9v4ZNVWEQTlcaf2W4etPlPS08qbQQsQ2CWB1OeD6eh1XeVlTC8PpA4lclbEHyNocF2HbNUagqA8+Sub7GJdLTkgx2lLuSBwRAKpfAT/IOncI8LYoM99CYYcNHivDWyiyY0IIAjKgo+3VXW1dnHhk8jK9pLaITCPwF9I8jJBeFkkE70+j2vf3Z6Z8RkE5BQox/jkakYQlHXZRyWdOaIJAqlGQKJItQReLOmSqHeI5DLutgBwcqGuo6a9y8NbDRFjZfjvulYEQTn3eD3ubYnq/0fSjRL/7x0HZPkq5w9q3i8BJ7y5IjLvJT2D1n57sm/LhmYFLBK8TMB1UAIIgnKOT63N+cP2ekk/lWjWYsCigAsCRyTwqajTPt433I54RCZL9dlxGl4eYFZgKaKV1oMgKOfY+Lz39zbnl7tFT8elzkv3FkT295bzCTXvl0Ccp8PLbTfZr7knY1nfrICPnLZIIBfKybizrKEIgnJ8/1XSrYLqvXxwXvNz1znibLcq5w9q3jcBJ7y5R2Qif5+m+2wowdDTm1iB6S1wZ3UE+MCVc+n7JJ0TVP9ySRc1P6dStvpXPjrUip4LAkcjcLmkC4NO++01tS/+aFym9LcvwRDHE08hepB7EATlHO14gXsG1ceKPD76tS2KT8r5hJr3S+AaSTcPzHtpT/rc/fZiW8v8ouFYgdRLhRMMXcr25m0dtPfWGXzKeSge8F8o6QeC5lKR1f41aVvL+YSa90kgNWP2KEkv2qe5u7SqaxnSxr5B0rft0mqM2hUBBEE5d/xW9IbzxmjGwC2nZgk47a2cT6h5fwS81u0th+HygPPmpxLm7M/67S0yp1d3LK9w/sD2/jkpCxAE5dzl8wm8TNBeb5X0tVFz/mPoXQXhjgNP7Z1VzixqhsBuCPj5/4Mg2LY1jIC3cS56YrNEkCrtPA7+PQmGxrGklCQEQbnHIE5M5K09cXpWt55aOmC3QTm/UPP2BCwEHtFEufvf4eXdBv5McHUT8KyADyNKcfKsgJcPfIokFwSyCCAIsnBlF47zDXTlZ4+XDnyfxQM5CbKRc8NOCXjgf0iz7/3LJd0sYae35t6bt9peD/qt36mHYyHlm9hBsNOH/1TMQhCU9VR81vuTJf1sokl/uL0r4S7B7zhprKxvqL0cAc+OeYeNv/tt1t9TA1g8M+DoeKa4037p20HwwWZ5gFmBcs/0IWpGEJR1s/cDe2qvva7qOQqZc+HL+oLayxHwYHX+wNt/V+ue4naabw9miIE0paG8Av497Mo934epGUFQ1tWps9770hPHMwq2zueRc+BIWT9Rez4Bv/U7DsBCNndHwCclvaYRARzo1c3efz9+WdKDE0U8K2AhAL/8Z5c7OgggCMo/GnGCor5T3PyH1cGH4a4D4gnK+4gWxhGYIwI8E+DPggcwBrFh3kOzAo4lIMZomCMlMgggCDJgTSwabw3yAO9Zgq4pvtTSAfEEE+Fz22wCuSLAx3v/STP4+7n1oMXANd4NQ9kGH4agGg+TknkEEAR5vKaUTi0bXDywLSh1dDIJi6bQ554pBCxKH9BsaxuzHOBzBzz4tzMAU9rknk9vF/QOgtRFtkGekOIEEATFEV/fQBwb0JWToLXGIsLTquFZCJ5ReNCK8QQeCLxG7L3O/kNvQULg0jrPy9qtjNkSGNtkEeDn2s8pMwDzPObPmLMNpnZikG1wHlvuziCAIMiANaNoKvlQX3Chm0ptRXyXpNvOsCPn1n+W9EXBDRYxDnBEFORQ3G9ZCz7PAng2YGwiIETAsv70Z9y7kLpOOCXb4LK8qW2AAIJgvUfEb1HhYP58SY8daD4lJNZI6/oMSU9N2Pb7kr59PWS0tDABP0+edfIANPZoYWcObAMBmQlYziHxluSwZmYFluNMTRkEEAQZsGYWfZakpwR1vEfSrUfU6RPfHhmVK3kiot9a3i/pjIRt10k6h1mCEV7bR5E2QZCFgL+GkgPZagcFvjYQAcwILevLoVkBC37HEMF9We7UNoIAgmAEpIWK3E/S70V1daUyDoul4glK7Troe2tpbRoKiFwIF9VkEmgzAjot8Hc3YjOVHjhVLVsCM2FPLG6B5pMdU8LMMzHekeSlOS4IbEIAQbAu9vhsAwcJjtmTnVo6WHpg7js5LaT00uhY53UJ0poHEw8sTnPtf/vZsBgYsxsgpGcR4GfPgYEMQuWfq67PlxMMeXeBZwW4ILApAQTBuvjjJEU5WwnjnQoWF55hWOJK5T7oqnfJdpewveY6PMh74LcAmDrwh3x8+E27PRARsM6T05dt0LMCnpUjNmMdX9DKAAEEwbqPSLzPeGj7YWid/7D4D0eYxXCJY5IfLemyBIYPS/pbSV+f+B3plJd5bjzQO9C0DfCzAHCMxp0kfZ6ks2Y00yYI8iyARQACYAbMibfan95OmArgXCM4eKLZ3HZUAgiCdT3vPww+4jW8cgIEY0HxgWYAmdqLvkQoXpLwFR7O1LbzkWZLIoFP48lb0DnCvw3wGxvlP7aFNjmQB/72a+y9lFueQNesmwN2v3PFfCLL94waqyWAIFjftfH2wyslfeVIMzyovLN5e2xvmRpL0BdAGNb5Nx32sQVx2GnfLOlCSV+Xsdd/qFYP/BZiYVpgDr8aorbu77viBbx74/7rmkJrEBhPAEEwntVSJX9FUvv23daZM334C5IeFxhjgeEkRzlXV54B1xEHOnra8+qOyscGRebYdupl/eb/hIy0v139/YSkNwVv+7z1n8aTkUo7bstzPuOn0VOsrI4AgmB9l3rd/9mJZseuy3uWwINDmORo7L1utm83waWSXpCwreueDzV2HH3pwD5xmmdzyo32D3G3kf+cCbD+53KJFlPHl7venM/nEnZQBwQmEUAQTMI266bUYUeu0G/6jicYM7jGA3TfkcqhsX3LBEMBiq+TdN9Ez8dkXJwFbMc325c+jMaBmTeZaKeXACzwPJgw9T8R4g5uS8XjeEuhYwnw6w4chAnDBBAEw4xKlIjzEbRtjN2GGE/jD20F9MDlgfuhHZ0ZG4cQxz+4uo9JuoMkv90e7fpzSXed2OlXSHrUSAE4sQluW4lAapnAYsDLR2wpXMkJNDOfAIJgPsMpNXRNLbquoUOP2va8ncyH07RX1xu+ZwX8Fts1lf1MSU8b2YlUgiTfepWkux9wcPvUSG6pYu+WdJsZ93PrPgh0iQFmBvbhH6zIIIAgyIC1YNGugdVNOHlM1+lnoQnx9L+3IH5pMCinUh7HXRjbVnhfV9DUnzaiYEFMu69qjiAYe5bF7iEc2MCUsPfMgD/f5H048INxql1HEGznuThrYWjJmFkCD/j/Iumzghs9PelZAx+T7JzpfXvdxy5PxIRSuRTaMt4S+eSR6Zi3I79cy11bMse08DxJjx9TkDK7I+DPnuN2viNh2ZjP7u46hEEQMAEEwXbPQd8swVCAX2t1fIKi/9/b1byu3xXkdk1z7PLLZnTdswF367n/KH8UPTD8XJOnwXEcqaDLFKZfb3YlzHABt25EwLN3z0kswTmGxp9pYgY2cgzNzieAIJjPcE4NcRxAW9dYQTBmWSC0z1kHn7TAWr/bvVySE++krrG7Huaw2/Jex2M466BF0X0k3aoR132phi3SfJT1jy/Af8u+H7Vt+9yfHw/68fUWSd+FGDjqo1FPvxEE2/qya/o95w3bZw382YhuuMw3jCg3tsj5kpx5LXW9XdKdx1a083IWP60AaNMOp46vTXXDswZ+c/yljvwOO+865jUE7G9n5kyd6+EDilIiAXgQODkCCILtXebgQOcV8Kl2Hjz87zFHIreW30KS86P3XaW2QKW2IbZ27PnZao8LboMC20Hf3/11S0nfNPOAIS/N2Ddcp0+gK8eAA2z9Oy4IVEFgz3+0qwC8Uid+Q9LDO9pyNLt/Vyo5ylslnZdouyvr4VJI2kHcpz+2A3m7tTL8+QxJd5R0Y0k+AXDs232OnR+XdF0Qt3Ftc4ZBKeY5tlF2HoFU6m6WCOYx5e6dEkAQ7NQxmWZ9WROkdkkTUOi0xp6u9jTnYwqvWV8g6TUJe6ecxOiArfY44DBvggfxGzYnLJ4pyQNwiYF9LHZPE3tbWXuscBtI1k4dIwTGktx/uXh2wJkllz6pcv8UsPAQBBAEh3Bz8U46ZuCrEq10PV/+g+rc//7u6fnbS/rM4lbmN+BAQO+o8IDvLw/0DPb5HE/5jnhZjAO9Ttmb2N5LAEHAA7IEAe82eGOiIp/NECZocbyEhcDaQVieUXC8gDMqtmdF+Hv4ZfPbgd/f298twYc6TpeAn1/H97TX2YVn3E6XFJafPAEEwcm7cDcdSGXtu1DSuZK+p8mieNMFrPVbezuwt1P18eDe/n87wC/QLFUclIDFq4MHvUTl7/7igkCVBBAEVbp1k07NSePbGvwOSX/fzCp4kG9nF/zvcPDfpIM0CgEIQKBmAgiCmr27bt/mCIIp2y3X7R2tQQACEKicAIKgcgev1L2+8w36THB+BPZyr+QkmoEABCDQRwBBwPOxBIFcQWAh4ORL3tJF7vclPEAdEIAABGYSQBDMBMjt/0egL2uhC/13s4XPpyx6614b7Q9CCEAAAhDYAQEEwQ6cUIkJTiTktMtt0pZwC58FADMBlTiabkAAAnUSQBDU6Vd6BQEIQAACEMgigCDIwkVhCEAAAhCAQJ0EEAR1+pVeQQACEIAABLIIIAiycFEYAhCAAAQgUCcBBEGdfqVXEIAABCAAgSwCCIIsXBSGAAQgAAEI1EkAQVCnX+kVBCAAAQhAIIsAgiALF4UhAAEIQAACdRJAENTpV3oFAQhAAAIQyCKAIMjCRWEIQAACEIBAnQQQBHX6lV5BAAIQgAAEsgggCLJwURgCEIAABCBQJwEEQZ1+pVcQgAAEIACBLAIIgixcFIYABCAAAQjUSQBBUKdf6RUEIAABCEAgiwCCIAsXhSEAAQhAAAJ1EkAQ1OlXegUBCEAAAhDIIoAgyMJFYQhAAAIQgECdBBAEdfqVXkEAAhCAAASyCCAIsnBRGAIQgAAEIFAnAQRBnX6lVxCAAAQgAIEsAgiCLFwUhgAEIAABCNRJAEFQp1/pFQQgAAEIQCCLAIIgCxeFIQABCEAAAnUSQBDU6Vd6BQEIQAACEMgigCDIwkVhCEAAAhCAQJ0EEAR1+pVeQQACEIAABLIIIAiycFEYAhCAAAQgUCcBBEGdfqVXEIAABCAAgSwCCIIsXBSGAAQgAAEI1EkAQVCnX+kVBCAAAQhAIIsAgiALF4UhAAEIQAACdRJAENTpV3oFAQhAAAIQyCKAIMjCRWEIQAACEIBAnQQQBHX6lV5BAAIQgAAEsgggCLJwURgCEIAABCBQJwEEQZ1+pVcQgAAEIACBLAIIgixcFIYABCAAAQjUSQBBUKdf6RUEIAABCEAgiwCCIAsXhSEAAQhAAAJ1EkAQ1OlXegUBCEAAAhDIIoAgyMJFYQhAAAIQgECdBBAEdfqVXkEAAhCAAASyCCAIsnBRGAIQgAAEIFAnAQRBnX6lVxCAAAQgAIEsAgiCLFwUhgAEIAABCNRJAEFQp1/pFQQgAAEIQCCLAIIgCxeFIQABCEAAAnUSQBDU6Vd6BQEIQAACEMgigCDIwkVhCEAAAhCAQJ0EEAR1+pVeQQACEIAABLIIIAiycFEYAhCAAAQgUCcBBEGdfqVXEIAABCAAgSwCCIIsXBSGAAQgAAEI1EkAQVCnX+kVBCAAAQhAIIsAgiALF4UhAAEIQAACdRJAENTpV3oFAQhAAAIQyCKAIMjCRWEIQAACEIBAnQQQBHX6lV5BAAIQgAAEsgggCLJwURgCEIAABCBQJwEEQZ1+pVcQgAAEIACBLAIIgixcFIYABCAAAQjUSQBBUKdf6RUEIAABCEAgiwCCIAsXhSEAAQhAAAJ1EkAQ1OlXegUBCEAAAhDIIoAgyMJFYQhAAAIQgECdBBAEdfqVXkEAAhCAAASyCCAIsnBRGAIQgAAEIFAnAQRBnX6lVxCAAAQgAIEsAgiCLFwUhgAEIAABCNRJAEFQp1/pFQQgAAEIQCCLAIIgCxeFIQABCEAAAnUSQBDU6Vd6BQEIQAACEMgigCDIwkVhCEAAAhCAQJ0EEAR1+pVeQQACEIAABLIIIAiycFEYAhCAAAQgUCcBBEGdfqVXEIAABCAAgSwCCIIsXBSGAAQgAAEI1EkAQVCnX+kVBCAAAQhAIIsAgiALF4UhAAEIQAACdRJAENTpV3oFAQhAAAIQyCKAIMjCRWEIQAACEIBAnQQQBHX6lV5BAAIQgAAEsgggCLJwURgCEIAABCBQJwEEQZ1+pVcQgAAEIACBLAIIgixcFIYABCAAAQjUSeB/AeMpPvSqreEUAAAAAElFTkSuQmCC',1,'Signature','data:image/png;base64,iVBORw0KGgoAAAANSUhEUgAAAgQAAADGCAYAAACtvZgAAAAACXBIWXMAAA7EAAAOxAGVKw4bAAAgAElEQVR4nOx9ebwlRX3vt/r0We45d5t9mBlmY4CBGQZkjyAqIGoUBLe4vUTBJaJoErckahK2lyCiicZnEIX4EkCjBgFRdlkFBpBhmIFhG2a5szAzdzv33HPP2vX+6K6qX1VX9+lz7x3gmfObz53TXcuvfvWr6t9W1dVABzrQgQ50oAMd6EAHOtCBDnSgAx3oQAc60IEOdKADHehABzrQgQ50oAMd6EAHOtCBDnSgAx3oQAc60IEOdKADHehABzrQgQ50oAMd6EAHOtCBDnSgAx3oQAc60IEOdKADHehABzrQgQ50oAMd6EBScKYRh4nLSXBtw5WEplY42oV26rQqm7Svk4V22p9KmSQwnXxrp+z+4Ot0tj/ZOfBKjst08tCG69V+DqcK00FLu3Jqf4/JK91eZw68xuYAIxke+W0XqWf8guAxcTpGHmBv24YHRlocTbTsZO+j2o6j1UanyXgbv+Lqt4JWPLeVNduLaztubCnY8Nn4FNWebW4kKWvij5pfrfBF9aMVbpOGVvjNPiSdA7ZxiBsDsx2Kx1Z+KnOg3XYA+3i3OxbTUXYyuGz3UwGTF0npj5K9nTnQmQOTmgOOkWn+JoVW5c38dvHvLzpeLYjix/7k02ul79MJUX16NfuatO2kc2C62psM7lcK9gddr7W+OhHXrzS81vgioDMHXjnYr21PpxJzIuq3Upj728BI0m5c2v6gJe53f/PFRlcHXh34Q+D/H0IfpgL/0/sPdHjwB9X/VkZBUqNhf3v4rzTTowwcJEx/LXrA/9Mg6ZyMKzeVOSDuO3Ph1YPXMo/j5kYHpg9eyzzeb3PAQfvIk5RtR/BNto2oclONWExXuXZoS+LlT4Xv+xOmqvzaxf9KKMsk4zRZPO3i3p9LCq8WTAeNr+Yc2F+4pws6c2B64H/EHJiMZ5O03FQjAdMR/p5ug6BdfrVaXrD1cX9ZfNON06Tz1XjwkhqV0wVJxjhuXG114uZAO3WTwP6YA5NNb9dAmmrb0wX7i8Ykz9J09LkzB6YOf5BzIE5gtQOthPL+MCySKqKpKIykwnYyBkwS3FNRtvvLqJgMTHVevVICLKpsO+PULh3TLcj3h4G2v2Eyc1v8vhKOwlTbmQy9U332J1v31YLOHLDXs13v77pTgukU2lNVotMtuNsZuP2FuwM6vNb59mp6ah3oQAc6MK0wGYE2XcZAqwhBq/biIgnthFfb9fhtZeLai8OZJC8p2KzEyRpNU43yTKXuZGiOiwy1OweStBvH6/09B+L69krPgXbrTtd8eS3Ngf3Zp6jynTnQmQNTmgMMrz1wEH/Iw3TkA9GHOth+pwJTxfFq1///BZKOJf214ehABzrQgTgw5Wm7cqfVgUKvGpgGgU15TFUBt1u+HYXeTvuTaTcJblrm1VC+Sdpvl8bJ4mwX91TabwdnSNHPmDHDOfkNpzhvOeOtvYcfvmpxT2/vgpTjwPM8eNwD5x44B8ABDu5fG8Aib+xgL2+vGEpt0Vjr5ln0XWTlmDqR9WIoichi01mnZbKlQCJUyepNvU6yQok8uUR1Wnc+vq1pyE0+JPYSk3JrWeiHMQbG/DvOOZrNJorFIh763YMbvvBXfzkEX8Z4AGoEkUd+p1vOvlJyW4KNla+2grPR8WrhtVltUREGRFy/FiMMU7VGTZyTNfLaTW8Hfyg8dvkV384f9brXLe7p6V2azWaRSqWQchwwR6gXU0CJC65+GC3JATBwBq0+5wBjHHqqX54LVUbb4AjJN5nEAnyyeZrLAe4LMYGZg4MxZqAMrrifSmnjOoFGDb8NJrpP2cN8ockYk/SZXBNdk7csQnLzIM9nnIHI76POFD+TcW5ksaA9yWWJR/THpxmSWyLT5x+0MQ5aoWQqIhjloBpDwSuBgwe1mKoQIBKDGowf13kUzCzKPJ0tgjUkixMOmPUYLQ+E5yylU2sEQMCzaM0bcJJxkkKveDBHws+Xxu5g/M1WBLsoC+WoE7ok58jjITLojBBzJZh4AIBmo4GJiQmMjo7i5d278cILz+P222/bfdONN+6DMgIawa9HfqlBkASSKuoonO0qfZpmw6mlx9lW7SpOm4UE2ImPu7YR3Yq+pEZMkihAO/WT9inOerThREx+Ejqj8idjkSahp522ooysyfCGpmltf+7zf+kcd/wJ/YuXLDmkUCj0ZzJpOE7K9wIAQ7FDKl5fYYJK6KCALm51/SUlcqARlDRiSkxRVAECVZVRYwEICTRdI4bFWxilqUH1OhxMlpdyFTqSMAYisCltRJnFKhZFLoQSZUyoYkIfizACuGiDNq00MTMsEMkHJkoRhGYnQn3WB4AHTGJiohiKFgA4U/3Qhs5AzmiTwcBpBp02DgqTOS05dAYxwgtRg0sjMFwyRB+5ps1rc16nJtQZ0ab0tOU4WealZHFQj+mGnIUqgOYygAVWKhfdpnRbpyCDx5uo1+oYHRnB9u3b8dRT63HffffhyXXrajt37ig3m02h/CvklxoE4heINgjakWnt6CuRbmuzFY6W1+bj2q7nl5SQdnBPx5JCHN52raqotHaNi3aWJF6p6MhkjL7XEmhRgP/z/R/0rz7iiMMLhUJvOpOB4zhBGNDiXQXCiBsKzQdDqYlUw6tSZalCI8qWU8NBGA26FywEMmdM6UHN7eOyoBLmXOuThl/g5QCnigFas7qU11mi0ybo1woIYc4lCs0vlYpTR8S0e5+Ib3/rinM2bNhw7oEHHvjrf7joou/LTNInrqkGSgaXCkHZH8EYcEa6RgdCI4BkhSMnDCICQeYFaU/0kTNVQ2MpUXb6lGHB2BBz0ZgfLLjmjLbO5P/KujCtJtNIUXyhtpjZf802okaVVOzKUBCRJjoNGB3ckCFrEqaelCgTTFFN6yr+6AUpbUb/AiIrExMYHBzES5s3Y+3aR3DnHbdj/fr1qNVqVMFXLNfCGPCC+wbCRkC7MjxKDid1Bm312l2ysNJgGgTTCVMxCBCR14HXJrxSxoJmAFz1o3/vPvjgg1d09/TMT6fTSKVIBAAwNKAOjIS8Feh+jDQaEFa4SogpD12rJ+4kSt3H0fQqbZXLXKLkqLmh6mlanjq+Qf3w8oSOICyAaSc0siE0hWk0KbS2Vf2APzZJzTjO//M//1G1Wp0rkhzHqb39j//4wne/573rqdKQHjftt2KMQin1hOKY5nVSxzQwOKRHTpFpoRNSV5QKaSmofsa7p3R2GcSL5qhBQksZxoBsgyyBcOh8QijupBjIifFiNMa14oKwoHJgVGmjYxh6oRiJdN254jnXx0Y3RGnP9Ws1SsbzxPSStVoNQ4OD2PLSS/jd7x7Ebbfeimef3YRKpQLOuVD4VOnTa7okIH4FRF3/QYDbRtl2hX5S62Q61ovbwTMpy2kK7U0VprIcEpU+GTxxEBd5SQKtjEMAwBtOeaNzwef/YvaSJUuPzeVywfq/YygpLTDsgyHMhOIV9ZRQIeFwIfkZwLQdhUKIMYWLNsNFPeo9G8JMZGtKPKhsejfiihnZxNBgsgA0mrSywggg+LUlAK0spYB6llRTMKOcKG2iYqoEGabrr7vuOGEMyGTPy9z6m998fenSZRccc8yxu/1mjL7Ipu0KVyhIkyJBvzSVZHjf7AtRlIR2PZzNYUw51ZL4z5gbIeOC1pFGp8RO1CTxygUvuDJCNf4wvZ5U3IGRwrT+KBNI5yeJaHAu73lApCzLESyRGPwjxoiPQm9X5OiRF6g2SUnf2ODBuDFpV2gRNAKlUglbt27F2rWP4O677sSja9diaGgI0MP8ZeiRgDKm3wCY7j1VU8lrq24Sg0BUaIWwnXC0jcm0fFznkuBsBe0MSDvtTaehY+N7XJtRSr8dYyCqjSQwFWPM5JkwBJzLr/h2/rjjT1jR0929IJ3JyCgABWZeCcGqKXTlsTAqnJmIgCrho9wkodSJmLUoD3klvENZT+UKIaYbHDxEu76EobehCXWpPFRfAvlNKlMvWZQmoXQe3g9A9wH4RYhCYKSOYogymBhVVIIg0SnVbwZgvDTeDQs0m83c7bfdetoxxxx7LSgvNIZy1RfpmQfGjfB8g2JC8filyaq75C1XdHFGyot2ORl3HvRf9UdSFBhditdMFZDs5KSNoBdkXogeMW2SCFDXVBFTOlVbynDwx9tfQqFTQ/PC6STg0DYHEtWs0yFwiPluGJJyWYQxtcIQMngUXyRmRYYcc646qToAjlqthn379uHZTZtw629+jVt+fQv2vPwyoEL7FURHAmwGQFLZLyBK901mmbhVG61kdlJ9G0tLOxGCKGRRayGUKYCdSbY8WPKiypl5tL6tXlReUnxJ27ZudEvYXhw/o3hpwxHXf7MeSLm4OnE0R9FiXsfS8PqTTnY/9OGP5I886nVrenq6+1MpF47jFwl7c8oR03Zpi9C2kDCmFxwIGaEUpACUbjjTxaDSN8aNEGRUSStPRxSTsQFDMOpevS4EdQGrohJ0/4C+d0ApR6pcdGbpKdJ7Jok0EEu9Ym2tniuPzg+IkDYp26H6IZZoRINvPvXUJx566HdKQUOh375t26mM4VoQ3JQ/QqFLxSsSpPGg+KToUoOiriHnCQ/6Y9Kj8YzsSzCa1JcfpPEAiknpa2KoRM7RoBW6/0MbG4FZt3AAra9MzVk6D1XnJQ9Vf0Enro7bXF4jz0NoqYOpWRuOBigjjgUF5DJFmAlqHwPnqNWq2LFjB37/+GO4/bbbcP/992FwcBDQ1/7NP7oZUBgBAkxF3o5esOm6Vtc2iNNvtH6UgdEOvba2ZRnXSDQLRSGxpdsYSw2GqHuzvo34KOUcd92KzlY4bIrOpmiTKsAkNLeyMifbFxPixjbJeEeNdTu0aJGAH17z4/yqVatP7OrqyriuC3MzIEC8MS2BKDXhcgVCVipRTYczzbPTceu77xnJkYFzLoS/yOOGwSBIoKJbX3s3BaTWhuFUKwUj7okBQDUM40ShKU8YjChz6aEHypl6/yB5QbvUCFBrzQx0vUN/1YzQyfQd5mqQ/Psnn3xycZQOqFarcx9//PH5Rx9zzG65sY8rXghDQyqbkGElIhXCKBAK2p8Poh8W3aPrVkE/sRCEESb4rPptLlVAmAda38VbFZITjEGPoAhrgSpYc0NgsJmSER5IJ123WDhNFYVkpEqMO3HBZT3t8VKGC21DGCwMwXyiy3V0LijmSu5wgz9GQISagRMTE9i2dSsefexR/OynP8Gjjz6KRqMBKCVfgVoKsBkBcQaACUk8/cmmm9CO3EwSAUiiH2Lr2iIENu/WBq0soHbvo/An8XjNemYZG61Rv0nojRv4OL5MZq2nFZ/ahenG55DfOH6Gyv/4P67NH3zIocfn8/mcNAJEKRLyliD0rwgR051EQriGvB3qGTFSThkBwmiQHi31vKV2VGRRpcEtm7Oo50c3ZUllYkpbudlKGCP6RjoJRhe0V+ECxan6S2gSKWQXvVQKIeNECW1Ki8rwG+fEu9PYG+K2UhpSpzDgdw8+8D7EwCOPPHLEMcceu5s6otSQ43IMlXGi2Su0r1pIgZhA5BVRZVMwxV8y9mrpRQ2ALd6itqko75xu0guylAWpfkKGDR1806vmTC0/0C7KenIPC8Wh+KgZUrSEJIFYuHQew7YZl2lty3nFKc3axFVzBvQxVu2Vy+PYMTCAe++9Bzfc8N94av16VCoVQI8C0Gu6F8D2WiAi7oH2dQFNb1fG28oloSkKf1KHPVEZ15KRVGHEKUJM4j4Kf1ykIAldrdKSWFFJ2oprM658O/mTgXbXrNqFpFapNAR+9/Cja/KFwoK4SIAvsIknIV8x40qgaB4a9UiZ9Iak0mfhvQP0whY+1+6DZYZQ5EDQIY0BSGHMQSIJQlEHHj2jxowwHqRnpotHH6UQ/lygk0aD7yGG1bpSjGpXgL+ebHSU02UG2aCiJLSmTJWX4qcYt1BpqaRFe8D4+PhixMC2LVuOBscdoeYlXk5voPxNJumWvCdDLuaVzmGm0ycMB2oQMYKVQ6stITD4NGeX6WOtYgNKcYp0MWvonewCh1xyEUYo9de5WLIQxoZIF/tUlCUlpiCJVJHngpwyRXQ2EBwCJXIUdaFFDMkLylCxxyI8OVSpRr2Gnbt24eGHHsJPf3o9Hl27lhoBDQAlhI0A+kqgzQhoRzFORhe068AlMQLiaNqfsjxyySAqbTIQh6eVNzkZepJ4qFHRgsnijCuXpP9Tgbj1/OluK46G2GjA3ffev6i/f8bqTCajIgFaiDEA4kDI8Kbx3rPmEQZ4AKV0lA4nAooRP4dDV8iqSACBF6zuwEAMCq5ylPes8Ak9TPtERbxhi2iRDrp7IfzKnfDOTbuGBJUl40jkQ/DRaFa1RPkmKhDaFBMk/0LryQKXkSxPMpQKy6fUcZyGwXTNcxwcGjxajK0e9hb84jBdb582ahiReopCCG2oLw0ZJATRAHrOFF2Pp4YP3bOg7+YnNIPUoc63GDlmoTNoWxox8t5ccoC/dBMYnWJjozZOWlRAGDlWS0v2R50TYBgAWqRJY4SKBoi3A4yggFaJMXiNBvbt24dHH12LH/zgSjy6dq1YDjD3BEQtCSRVmPtTxk+mvSSwv9qKLG+LEMBIa4cYqpxs0YCoDWhmu0nW5eM2TbQqR9NtIW9a3lavHRqjoiJRfLO1H1eGgo3mqHGIoz2uT2ZbFLT7H13z4+4j1hx5Yi6Xy6RSKV15i0JEYUnPRihIS9jTup5ON0FJ3Ib7Qcoze3aoDaVsARVl0InngYIKh0ypr0/a0hFY+kRjEExmc+NeleFSYdjxMY3HZvPyXssgEpwpHCH0jNPKBiieaOH4gJZUKlUOVZN4GZrNZv6KKy4/5wtf/PIN+nHNBk2aJ2qywTQYSP+YnoIQrUYdTakZ0RgGLcLg7+4XyNQu+xCRQfSGATJKE9rAoDUS7qO6J/lifwHT6+rFLG8OkOvQzNWK0hV+fT7KvQ/BXGNGeWE0lMtlPPvsJtx044345Q3/jZ07d4oICH01kBoB9OTAqOUAAZOVb610gXlttkXrJomGRzluAtrVeUn7G1netVRK0hEKUeEZkzFmOCRqDSVOocWlJ6EpSSgpit6ovMm0MRkak/Q3bl0qCe+SXMeNGwA4d91z//JZs2Ydkg6WBHQFpTweLmLwEFEAUYi86w/1owt/4qVL9EHQm9oJokUjJMwIBjDl9EvvJqCRkbML1Ct+jKAU7QV3KmyhfCwhJAUque6uXEVFD1P9AOQ+AEYIVqFsUl4oSUWKirAAUK/DQfZDqVniihoGAI2SKH4HZen+gYAXnHHairIztBvAdd0yDR/39PQ+N1YqHqJSOJ555pkP7Ng5cMfCBQtLwsAQXi89OU86qKbdQDxXLtltHiUFxeDAfWeBEmekLgOZS6obkNpeevAqKiPUveYhk+krpg2NrNC3WTT/nIYqONQYENqlXU3ngnb2MKmrj5AGJN6kj50Z4qA80qIeBCtTPPU8D7t37sJvf3s3fnjVD/DMM8+g2WwCrZcEaDRgsjI8qcxuhadVXZsebYU/Li2u3aTKv1Vdme7GVIoiOAriLKR2cEcZDVFecVLmtwtxllQrGsx6UUo6KcRFFmyTIanhNBmwGQG47BvfzJ3ypjefXMjnM67rSsWiBSWFYKTKV4s3qitNVGlIqJ+mDACpnLkqQj1LJtfSqWJRKNX+Ka41zDUprmkHtadBqgouz7OXSoKQrewGqXl1T4twwNp3RjbEEUYxTeOoDF3wB71nTHvrgAV4KddFaYFQ31hIDAeqhAxSFdeYvKEh71wuN1Qsjsqyff19m2u16sxqrTpbVGg2m/kf/Nu/ffiiiy+5khpsigOctqCMSyibTgyZKijC5UyNNdHxHMxQyvqBRJoC5WYDRHcyxT3J4uBWXTLFFyheapwzrQgx31Vhoz0118WgyH0j9JALYhyJ3tPpI+aqwK3PJ/NVSPKsGQY1OFCpTODZZ5/Ff//i57jpxhuxa9dOeJ4HhJcDzEODprIvYLJ1WuGhEOUwT5cOagWTcURjy4gIQVTYwlQwNkVkhjVMBW4SEZVu1hGKN4khEBcOsSkwq1KztEFpFr823kTxIopuWMq2qhvVlyj+2No022plZbbKd/7qi1/OfPjDHzk1m83CSTlEcdAfqvihuRJS1MnyYY9FLyvUFVWoJPgp5BKIqlZSjXjcxK0hillJQpMOeq+8U0kVVf7UgBD/M1rT8OI07CYH1DmH3JpP+igUOtPbDNVgtA5Np0Jd8A2KF0LhCgOA6ThVW1zW15S1tCk4arVaL50XpVJpwYl/9Pof3nvvPX9NSdq2bds7r7n66g0fPfe8BzXajaZDvi41Bi2F5MiEDC7Sr9AYmcYAdEYjMKfofg1qLFBbk8xdubwkx9CI/oi2tY2o5GmgySLiQLsnTgtkVJnrz4OaQiaTxKZIxSs9EiDoJ/teggLFYhEPP/wQrrv2Wtzz27sxPj4O2CMA5t4AcV5AlPedVO/EOWlR+VF1zfyoNpPgtekus14SmR1FRytZHonXjBDYCLN5t2ZaO1ZSO8yKKk8ni8mMuGWOJArbhFZhePM6ziCy1WkVQYiKDiSJsJh14spFXdvqujff8psFixYtWpPJZsGY31WlP5hFQvslQrvDpeIIC3n6q27UJjUAUMfzEaFMKpNvA6n/hKAzQ6fSRrBoOs1TpMsHfqdDrxIq0Qsq1O2sYdDRcY1TUnhrUQ1zPwCNnAC6EifdDg+KYesQZWB6yqYhR9oOKU6mlSRGik9QoVDYPTIyskbkFwqF3R8999wH1z3x+6dHi8XDKXkP3H/fXx24ePGu09/yls1aRIbwzDp/KA9EWRo50Oadmig0Ok+7ooXFLfsaKOMY6bfJL0UC5ZPKYcGag5wzoiVjfsklLdEaJ2mMRDrkMom5lu/X0T6UJXGRfjLgm5d/48xyudwLAENDQ0s9r5kRdZpNL1Or1fqbzWaOc8+ZMWPGA57HH/rdgw9s2Lp1q7k3gEYDbEsCQLz8t+UlMQJg+TWhlS5ox5FMijfK6UvSjzhck9HJnvmWQVwUwEwzEUbtRUgSzo6LOJhtRNESZ3nZwv1J1l+SetFJ6DHbtNWBpXyr/kSNkw1XVB8SXa9efYRzxT//y6J58+atTqeDtwUMZcKIYPV/ZFBRk4rKe9elL13h1ddVwx6KEvpc4qSgKQlT9lJBLr1hFvaYRNdIAhHBinYmFIEqQ/tMPUUmLQ+p2vRO0eN3pQUhjAmu8U3tB2BU05D+B8qBKC8fXXBPmUYMAIpH4LK8mEF7ZBg69DU40p4wAPKFIYohXygMMTB86a//9uK///rfXtNsejmR1/S8zM9/9tOvzujv/+qxxx23W+eHQRPVl8Evp+naHgKmlZfdZjouZczRQpp15vNHKGemzXphj8jpL0eXc/LdH/UGhmY9qNKkQwzachQMQ1Z6/3Q01K/6uJCYi2H2gQEDAwPdV//oh+964YUXzvaazRxigIOjWqli9+5d2LZt21mVSuUs+Ip/C4DdAIoAZgM4HMAQgO8DuAnA5gBF0mhAUrmLNspM9hqW9Olo85VuT17HHV0cZ40k9U6jruPy4zx8wM4ccR3ncUcp2iT0JKE9CURZu3H8pBERm6JPSlfS/prXDgDn1tvvXHTAgoWr02kXvlRj5Nj+QJMYr1xJKRYIcA5I74WR+CkRecQKIMLMENAUtd+60gxM1A2EpxYFMDZf+ZKaGAEQ+liFWLX25LVQ/jrNHMqTZjSeTpcrSKfk9wGI2aRsCxJC1gQ7VerQ25Ft0NMHiXfPKU9YgFooMjoOhuVFTqEjJEsckteasiRGEyPXKkGnO+jVooULS+d/5rMXfP97//pdYRRwANVKde5VV1156UtbtvzL+973/vWUB3LsA7KpMUkVp9iIKf1lBhkipytIAofZh7D1YG5+ZQYPmaJLGEbSHCEGgFaDKTqNMfMVuWpOHhBkGnLyUp2BIKNOwuIIhkCsENxx+23L58yeW3px8wtzn9648citW7acSr9EGQUcHJWJCnbu3IFt27ahXq/T7ByAlcEfhX4AlwM4E8CbgzSb7G9HRk9Fvu3P8lEyP6pMUh063e0BUBGCVorJVjkqr5VCt4Gtjs17NiMHNkswrm7SflJIWraVEo7rY1K87fJ1snUkH3992x2LFi5ctDqdTvspQsBxTTNI8ahByPskbpuUoUYdgS+kMMixOURnSWGo7QnQvWFZSTMaRPsgwtlUGZR+IkQJVqpsGW2H8oCFsEXsIVC0M0qkoIsccsNofzj8zYxMO7SY9MZQxpJnWuOyrjKWVB3zo0lSrTFGUOhRAGXciHoKGo1Ght47qVRD1DvmmON2f/BDH/nKT396/YX1Wr1f1KxWqnNvufmmS597btNPvvrVv7tWX8uGUrpMqWq6KVDtJwl6y5mkn5PwBzc5FmhOaWyRiBLpKmGomNdiLJVFQKnRAjpM0SfGVjVB6A8aCx/ZLCZCcC2eTzVNZOvbBwa6b7zxhhNefOGF4wcHB49u5f3bgIOjUqli544d2L59G2q1WutKYTgFwLEA1gb3rWTVZGVoHEzVqZvudqezj23rDttrh1GVW4X1k4Q2bKHxuJCQc+jhf9ebSfefLFQC5014XhW12r6R0ZH1O4eH1paajRLFSTek0Hvalg1s/Y9b+rD1g4ItnGPiibq38SOOVtsSy2TKStqvuvqa/LHHHn9KNpsFYMhzKQfF6Xl6pqmOtfC69G6EoCVC2tD3OmoiFEMvdouy5lo3M0soMUy9btKGRUVrqHzdRtUf04hlQefUB39UP8IHCulCPnScH6WRenamchaeqbXfAaqgrtGC5llqPWYmB2hNZvRDcoIAGWumeCCgUq30kpIYK47Op4r8tLecsXlkZOTy3/z6lq83vWaONv/8s8994NOf+sQp73nv+y57yxlnbNb6zISRJikNcyQUSmeka9QL9zWvmluBjpX9okofBk66SI8pllUAACAASURBVCOIMU0zw0CR6FQ0K8R+Os9og2SMRSIN3g0M7Oi+8Zc3nLBly5Y1u3buPBVTgFqthp27dmLziy+KQ4SmAqvhGwQ2/WKTte0sl0bJuji8tnbi8MbJV5tuaCX/W5WLgynrglavHZrIbL8CkoRS4rxom5fvbNn8g/KiAz/wdC43/3AnlQVjGThOBq7b05/PL+uff8A7wb0aml4FjUYJteo+VCq7RsZLm4fK5a1l7tUqUMYBfZeVGgom2Jjaik9JLb6keFoZMUnHLa59s5zzgx9dkz/22ONOyWazcMw1SVNrix9jR3lI2QHG+jML6y4i4WgoWPsqoayub47i5FcpaKqBRWxB+LUgwpfQr50YCOgSmbCChqglfqYVMhWgrBviDO2/LtApQ7TANyP3YvnFZiDpg6TaDRklZj16RTSRzDRVXYQhYnaJlEo5ToOmZ7O5otY643jv+9+/HsDF0iggTU9UJhb853/+x7/cddedd1/wuc9ftXDhopJUjMHYa9EnjUWG0cqg5oqcMlwaAVG8McP0ohqIYUNWC7QURtr1l23ooKhrOudNQkyj4Pbbb1teLBbzj65d+2bGmNeVz4+Ux8dnViqV/pGRkdXNRiOPSUKhUNiSct09Q0ODmx955OHlExMTJQAz4cvRTPBXAZAHsACA9fPWFhB7SVrpHpsSjjIK4vKTGgImnsnijStvw2vTle1EB6YUcbY8wQCShSjiOtiqbGyZ1Ude8XoA/fXa0Obt264fKI9vdgBkZs89de6MGccuzWTnwHH8iKP67GjweHMOwAsiCXV4zQoajTFUKi+jNPbs7vL4S8VGo1TzvKowFKiRYDMUWinjqYaskoDZRlT0oVVdGx4AwEknv8G5/Ipvn9jX29vvOE7Im6FRX66tu1OlS3fGUxLsgtlWRDnKgUKHWd7YcCjStbA0N8S0aZCE6dL7qqIIptMOTdnQVwJlwD3yoVLCngb2oRQXN4qCHvQjtB2U1woji2lYFdGiXV07GYqKmkuSMGhLQ9xIDtJDfZdf7DPaInU+d8H5l42OFg8XVC5esuRXF11y6ZWUfFHnsccenX/9ddd+YnBw8Hib25xKpconv+EN3zn33I8/yIK25VDJ/pHX93RiiFKmdRSoKA/hrzz6WEXBbA49GRytLXGt9p/oowZa16DZXxnwuX3b7bctv/OO2981uG/fUdVabWbk3GsTUqlUpa+/7+kZ/TO3nPfxj/9s+/ZtpYsuuhBPrnsSnicPEyobf/TVwdcDeAeA8+EbCzYoATgC/sZDAe3IuleqLGLy9neb7eiXKZdlEYSZYCM8aunArBe1JBEZEjnksK8tymZnrwEYPK+Kcnkbdu/81XMT5S0NAJlMdk5+/gFnLih0L4frFgBG3n+3PM5SDnIOzhvwmjU0m+Oo14uo1fahNPb87mJx45DXnKCvv8QZCu1abHG8suXbyiYJR0WFl+JocG761a8XLVu+fLWbUgcKae5NjELnQaIUqAgUg/kqoNnroLJyshlFqBSLodDT6TRy2SxSKUdD1RpalIrJbk/Ito9ockK8PWRTUxSW2smSInM++cmPXzY6OipfL1x56MqfXHjRxdfGVf/3a6457q677vxsvVabaStWKBS2HHnUUb9897vf88iBBy4umfUnA2bVRqOJar1GlH1EafmtBWX8hV8zVKB9nyDAZS6+DQxs7/7JddedtnPXzsPHisXltVptpud5Uco2ERxwwAH3nPHWt91wxlvfuvn2225bPjwy3D1jxozSGW9922buediyZQu+/rWv4q4776DfGDANAfNAIQD4ewBfa9H8OfDfNADsijLOkbQtEwCtdZJZbrJyl7YbJ4tt0Gopo1VEIQmOKIjt93QZlFHQrvcswyyr1lz2NsfJQpDYbE6gPP4S9u65a2S89GIZ4EhnZuVmz3nDzL6+NXDT/WAspa3vAkLH6GucYld1cAfORUTBX3aoVvagPP5SeWJix1C1uqfYqI+KyW4aCq2iCa2iIkl5Mp0RCAcAcrmcc9Ell2ZOO+30U7vyBchXCKmLT08cMzwhWURch8L0QJS/rDnzAVYdP7mmDhYHstksCvkuuKmUqrq/Icbl39/N2xWPlrnfWo1rZ6pNf/y88y4bHR1RBsHKw35y8SWXKIOAaT8afO1rX/vwpmee+UAc/v7+GRvmHzB/w+IDF2/u7u4e/9CHP7y+Hfqi+ler1zFRrckyWiRAOyuZK+OaRpJosIDWFZOcvn5IIxYcOP/8P79sdHT08OkY9r6+vqfPPufdV57x1rdtFlEkariUSiVcf921+MZl/4Th4WFRrQzfq7cZApWgTC+AawCcFdN8CcAFAP59GrrSgWmE6RQp06W4HADOrNlvyB+w8OxTGHM1JeF5EyiPb8Gel+/CeOn5EQQKevbcN8+fMfN4ZLNzwFhaeqzKexVKhvxHz6nnkF6tX83zowleHc3mBBr1EUxM7ERx5MmdpdLzQ0Ff6bIDoJ+yJSDJWtB0LQG0quMAwJojj3S++a1vr1iwYNEK101BjwBQhQ6o8LvYQEijl/YAqawpXt+TIRoqNCUmKTSFVCKfUSd5oj0xRlwbS51spkVpKaiv/5mkK2HsJys61fxh1NbR1qg1lNSIMTLNbx34V6LfNJws2SGPqdXsNdlNi9EVMTbm4UL6gkFcatgwBJim/8RFiB6DaBagO//Tn/ru+Pj4UoF38eIlv7r4kkuvNDqheEZwcQB33nn78v/+xS/+UuKIAZNvgiMs+OJiV1fXQDqdLtXr9W4ASKfTMrpQr9e7m81GXq4UAE6z0ejmnLvpTGZIYG42mt10DjSa9vV6N+WWKWGplFsCuNNoNLs5504mnR5pNBvdjUYzzwA4qVQFALjnZTjnSTzfWDjggAX3HHfCCXf8yQc+sD60zyKAJ9etw1/91V9g/ZNP2g4VKiF8yqBwkJYCuAHAmhgS/i+AzwMYseTtz+XXKLmZ5Hp/4pyMPJ8OemzRDc9mENhCJu0QFFU36XqKI/AcvPLLa3K5AxYwONrRsJxzeF4VlcouDA8+hJHhJ8qeV60BTq2n59DeOfNOz+W6FiKVykG+cw1DeHK1OUu93+sLfkYkl/wgiowqePC8WmAkFFGtvIxyedvIeOmFoUpll/g4B40ktDISbGCbNFHlkkwoBwDyhYLzlb/+28yZZ73r1K6uLqlVbJNAUydasIAqeEg+me/Hh0BaE2qvAdXf9tZlZShK9XVXJi/CdWg7miFg/LLQ/DA27lEyLOnKOImwr7XNinoYWNvcSHsfeqWNGLOmIuY2XjKDLrI+Q4wNwSmzFtNwRRh8khyKSbNiJE1MR4MLPvuZy4rkRML58+ffc9nl37wi1A3TfhTjA38cvvev33nLunVPfKharc220WcDZhbc7xBuLDxbY3eftAVu2i3lcl27582du35waGgFY8w75JBD7/vcX/zFHbRtfdpxjI2VcOWV/4ZvX/FNVKtVkSGMABoZsH118CgAd8E/YyAKLgHwdcQvS7erf6KWDpLWj8OV5DqqvaQGRVTdOJis0dCyT+3MwFfCehH34tc5/Ih/PCOV6oI4HteXa8qy9bwaatV9GB56FIP7Hqx5XqUMoJbrWpibO++M3kL3CrhuXqK1eUgm2Dw1eh3exNiE5zXgNSuo10dQLm/H6PDvd05M7Cj5hgq3bWCkR3UCYd62a7XGGgOHr1rlXPaNK2YvW7782KhPEVNn2fScTWWn6VVmVIn0OQPvnpkllJGmPGF60A3BohEpspVqkkqAborU+iK6YtPCZnk/w3KMQFDMvpOdceNoY8PdN/sFEQlhWlwC+vmCZp8DhceoKRagC2gwB1boaRoFscYHyNwPBxpaiAzaDqUnyBTxnQs+c/7lxbGxlQL5nNlzHr7i29++lMvNeooLJn7zlgO48/bblz/44ANv3L59+5tqUZvrbJowYmynBmGemhEX2yeTpkqKvgwQUCLtv6DNQH7K5yyw9F966SWc97GP4qmn5MqKGRWgXyI0vzx4CvzIQJQxUATwZwB+icnLsKRR03bgtYZ3MryZSnuhPIawwkHMPUVg+0XEdVy4Im5Dh9PTuyq/ZNnHThHLAPSp0Z5r3kS9NoKx4tMYHPwdKhM7igAajpPD3Pmnz+zrPxrpYJ8BVRbRsiF4jMiaHrM+uqZYDfwyriIJ9foIKhO7UR7fPFIcfWpfs1kWD5X5Wc+o87xbQSwfz/v4J9xPfurTJ/f09uYdRz8YJWwfEeb6xZTyAWAtbiAKCbUWCTadExaOYWUYGgmhZw3lpcpRr5WrtyWMdpS9EGE0yE/ekjo8qBS0q9tT6lAb3TvXG/fZaOO0ySOL+pCb2HTG0LEWvrzEYWtLtwcUP6CPjzY/KBqL4WCzJS74zKcvLxaLK0ViV1fXwJU/uOrTIXrkGwt6zy1kaBz52c/+a82WlzYftHfvvuXlcnlutTIxt9FodgOA66ZKHHCajWaec+4yxhrytcYYSKVSlVQqVW42/XppNy3D3o1mU3vNLuqwH7EEIMB1UyVwOA2BM+2ONBvN7mZQPxWU97iX4Z6/ZOCknFo2m9tTrVZnp9Nusbend/OHP/KnPzruhON2K14w6Etgwigg/OL+mQI33fhLfPrPP0XJShoVAIA/BfAv8PcO2GAb/M2D64z0pLohUai7BY5X4trs11Su2y2LmGuQNLRId5IYpFO1ZpJaL7ZfBwCWH/y5FYX80hUgmwYBQxXLD3p4aDRKGC+9iMF9D6A8/lKZ80bNSXV5M2f90cwZM4719xk4Ge1VI4IiuA6vr9E0bqw304iBWUZY4Zw3wXkDjUYJ9dowxksvYLz04u6Jys5Ss1GK+vZ33Oc/4x4SzJ49x7nw4ovzJ530hlNyuVygIJQio6+BBR0hslgJYJAi1siBVD7hcHjIqzd1qURrWc8khobC6t+F8Es6hSAk5Yj3bN9YAOtaakg7hojWFZVBcsjaVLymfKJhdr0NagLpBhA1bPSG1Nn4sM5Pm9sfMvJkm5ZoBgG78DCxkWRpLzF8+Utf/MLu3bvfJLILhfyW7//bVRcoGlUl+r80vkJGS9CWJbpBlwEjN/Uxio30g87xUKeNgQ60rDgHQR5OZV2rNwZaGpSqXe31RDA8//xz/b9/4veL3/GOd27q7u6uqTlAjCVN/tBnRD9VknNgbKyIiy78B/z7NVcLStqJCgDAhYh/k+A+AO9C6/0CrULypvKLwmNLT6KnopazJ1M3KV2trgG7bLfho/lRBlJk9JiWjzIIpro8kASSMswB4By26sIz3HQvZOgf8Cc4J6KS7tLlHJ5XwUR5AEODD2N05IkK540KAK+374jeWXNOcfNdB8JJdanIA4RRoXDaFcUUgAoz8RqkV5VvN4wMPzYyOrJuD/TPgnoIW+exE2Tp0qXOP37j8v4jVh9xYjqT0RWzpk0VXVTuUaWtHGJdw4cO+CWX6oNE3FB2RM1ZWUuElkzRFaBlBSOgzZqhCWetvLV54WlbcGmdNJSyWdw0tjSIwq1o04xMUNbp2lBSI3WDUm6Sf6FNonSgIGkJbwgkvAALGzra8Ou8EH0UygeAVv/qq3940j336J86/r//ee2ZOjZt2yVp2jLGIhMAPSpYrFeouRQ2cMyRoBuMwSmLqFUDiZupB4RQbd90qXjJ1aDJMobZR+0irb9krstlNhGZVHz3+6Lfi/7t3DGAz3zm03jg/vtFcg2+AVCEHhWoIeyUePCjAp+DHYrwXzv854j8pDCdeihK6e+v9pJCEud5KnQl6beElFFQTGEekU7vaTpNY+SP1qP1GZTlwoy6IPUlLcXixoGZs05Y6r9a6MhJLl6X8z8oAxXeZwwOc5HOzERv32Ho7z/KTbnduWplT2piYvv4yNBj5bHixrqbymdTbgGOk1b7FAQ+m6unZEwkWPw/lU5lAGNgLAXmZOCmCshkZyGTmZEbHnokDSAN/0APl1Q3B9PkHQOAt//xO5xL//Ebiw455JCjU27a548UhEwSwRgZLCIn6bUvvJisL3BJtc0gPr4WUMmCsWEACz70I/oKJpvX9SGdMrRt4dnpQpwJQjg02uT6Be1YwHQhb7XyplIX0pcwwU9mxi+ddxaecTF3TMXF9cKW3ivOKoQaqtDHmBS/afQHwfxlWj+gtaCQU1ykMCfPFuG/JEh2mtQLjGhZR2RLBH7ZufPmDd91553vpXzo7u55ZMVBBw0rlSh7pVPPBC/FnORBOa74Lh42yUYa7SIcMKIN6tRg0WcylkEfxL0YSroJk9O25FhLTshnQM0zMZTqmxj0+aRzUvGVy18Ez6Ns1zR8GeFf4Oxs3LgBbzvjLXjuuedEsQqAUfiKfDz4mwj+xIZoIcv7AdwK4P2ww68AnA3gNwjrA212wS7/6bVn4DBlXVQ9272pb2y0YBJ4J1tWnxg6TSbOKB7G8dTEH9eG/KMGgU1529JtRgNVVpz8ReEzy9N0Bh0PA8CazXIj7fYOdeUXLQQcaCeL0fAaeRqUAnKRcntQKCxD/4zXpTLZObnKxK6uWm3vxOjok+WRoceqDE7OTffAcTJwNLaEkGoPnA1kvuEhMM4sTCE+UGDo7Nt7Txa+MZAK/sQANo1fjyBhAHD2Oe92vvClr6xYuHDhylQqRYSMkI9KGHJj2lDBQcWKJpKJzKJCSGQoA0CfgWBkz4K0IJTA10ghF1JfMUYsscDDYpRmWlm/loJSs8YIkeacIf8UPjmI6jq4pdwL02GemhjMSW7wLgDOaJ9DLqYihfwR/xACuaRePiPUOKC0UgOKfDyJdlP7GAEZVUKf3kdR177rBgzo7e2r3X/fvSvK5YmFAuvw8DA/7bTTHxPzSn6aiTGdTg2rGhthLHAovmhjxcj8lH0gfCXMlXVJEWnYCJ6KazJEcs4Ehf0fYSRJa0Mh5YoubajNqWk+o0Bw3LEabx1E+4oOr9nEQ7/7Hc5511koleSblWUAYwjvF6CvEyL4/TMA1wE4EmHYBuCj8CMD4uACHvOHNq9b3f//VnYy/Gj116psS7ym5gN0y6QdiKtjRhlguY/CI6XO2Ngz1Z7ew5ib7p0hBIW+lq/LeP9eGQ6MOXDcPPL5xZgx6zjku5fnvGa1qzIx4JXGNo0P7r23WK+PFNKZfjhODtpBR0RAasKNEiqFrxLa0iMVytLQL+Ja0AoOcN5AubwlBWU0NeAbAeIBbRr8YgDwxS9/xTnvE588au6cuYsdKmBsxFIRznRlQRyrQKBQmonnJMSf4DnpB5e4mGSG9KwkSss768YYKo+ea/WFFKb06X1RkQmBTBwDTD1p6vsrT4soFSKg/QxBv1IaclwdqnBUOalJNMGvlBe1Caj3SI0SqsRlmuANCx5a4Q3SCIXGM66UqzZ2qhVBhKTD1ExCwQjeyvlAxoupKJ2cV2SSMDAwzrF27dolQ0NDq0RLlYmJWWe+65xfKgOUk2aZtD/C/SRzQbarkSvHgYPLeoQLWl9ZoKWZOLtEKHMxYFp/1VyU/YQyyMigypklT/agdcnzKuQAHUOFL3hyOJf9pIar4rn+Cmij0cDNN92ID33wT+gHiYpQSwQlqMhAFboxsBj+WwR/AfubBH8J4M8BrEdyvWHTCXHptrw/5LJJ6pj5rcq2xJsyMoUCYtAbYUaaLZ1em0SCpJvljCcSiEjjADA89MjwzFknHpRK+acYMvmQK8K0UL+NcgBOKotsdi56+1aht3dVGmC5WnVvaqK8tTQ09Ehxorw1lU73uKlUAYylrEjM/QUhZc/9x1JTBIAULsozYEa+i5HhR0Wfm+SP7iMQUQIAwFe/9nfOWWedfdSsWbPmyz0U3Df8PM+D59Ff7q8tGic26spVKRvVVyJ0RD+1EaNCWRUQqlYXkqQ9QzDKf9LQU1KYafTpY6EEpmUznFB8ok35hkHIDFBKUqsLsIilALEhkipUrU3yT0cIvT/UyFJMJUpRKVbDrtCVDqN8NvgrxsFQZJQg2bZRVxk7il10nKGT4F9y3ayRVRnDk+ueWLhr587jRLWm1+zq6el55KAVBw0LvOoZsfNL0iXJZ2qsKJMlCjrupP/Ci+dCmDFtPssoiTbxVRkmafOvuRgnymKofGX4ifnI5XyRj7VmvOluiG5YUuOT5DPfcGg0Grj55pvwifPOpYQUoaIC49AjAxzKGLgQ/omChyIM9wE4GsC9UEYE0FrOc0ueuIZR1qyjzcqIsmaerS7VU2YajHzHwEvT4ug168bxB8Z9FJ+i+mnrY9yfle6UgZAb9yDpNg8/LhRhlourQ/8E42zpHAD27b132+w5b1zmr/sziM05yjsRCkFXLOphZNJWcJw00umZ6Oldib4ZR7luuidXrbycrkzsmBgZfqw4Vny66TjpbNrthpPKaN6H3yYRIECwiYc8woGAGh9/af6+PXd/cHjo8feVxl5Ynkp17cykZ5TkBiSJ0wFzXOzbe49/46OvQhkEHrlmANj5n72Avec9710zc9asAxhjqFYbuP32rbj11i0oFquo1WrIZjga9Rpq1Rrq9Rrq9TqazSY8rwmPc3LwkhKTmndHcn3vOdi8KYUbYC4FKGzqSkWfBeOY9NgYmTo+/+h6NPX6mPyTAlE2QYQsmfa6MmeyeYj5wci1mD2M9oOpkxeNx0gTxBK/qEs+/WPQpZMY9YyLWya9RhawSSoVwmMO07CTBeUToU4+NNskj5ngGW2eeOgyguIXVG0IPspdjrphBTKeruuWHnn44bMoCSMjw83TTj3tcdpftVueGKmC9wFhar5yQRgICbSCPtaMB3pX9EP1T9oCErecCbocIc0CTL7Oqg8P5Yc+3xXtRPEz5kcoNENXodKjeuSZBDkBkzM0m0386uabqTHQgP5KYRHKEKhBGQNnA3gQwBkAsgiDiApMIKwfWsl5WPJEV8zlYtuycrt/7dAQl99Kd9l0pegDi6hL71lEXlR7YlJ4MWWi/kxec0AtGdAO2O7bgXbCFjagdSkuKrW8Wm1wZ0/v4UsYc5QhwAH5Hre2g1cdvyvKCYxCOTE4cN1uFLqXo3/GMalc1wG5en20UJkYqBZHnxofGX6s6nnVnJvuDZYTHPIQE7VHlYgQEODYOfDf32s0SkdxXp/bbJYPLZe3ncic9IZsbu4wIRRSWXkNlMtbAGUA1ADUoZYPmgD4O975Tufc8z6xat68eQs5B0ZHq7juuk244YYXsW3bGH7/+7144IFduO++XXjxxWHs2zeGRqOCen0C9UbVNxAadTQaTXjNJrjnBW8/cEWS7ItKUH1Uip0Fmkrzcgxxpt0Rz08OrRDW4n8l7SAFOjjBYwhNQzirgTbpIZ4yebTEfAAR2CJH2hOisFSQOlfkgUJMpSpPk5DJaV1Khq7kmYY9mNpMTxNIRX90I4e2y9Qv4bcOTMOsNSGHjihn8qwJRccDxojRUt68YsCCBQtLt9zyqzOazaY85rdSqfSfedbZN4nhlvTLW6bIltjJrNOMV9MY0XvIZb44LEuMnnp2KY8ZSVHzkBxCJfZfmOwU+AhD1YZAVYCBG8aEPgYUh+SxIJaT8oFh3mw2cPddd+Hcj/0Z/X5LBWp5gEYFRGSgF8CPAFwMwHaWwn0A3gR/Y+F0AxUcMK5fi5BE15mKPQ7M/rcC0/hoB6z1xDq1mWmGcTjCywBmnpiutrAIM/DZ0s063CgvrBkGgFUru+uu2zPUlV+wEEhJz52+fy0dSCB4oJjCAPXQ+/JVWe5OKoeuroXo6z8She4V2Uaj1FWp7PTGSy+ODw0+VKzXhgpuuhf+CYopKWBtJ79xDuzY/l9faDbLh+ks9grV6u5j+mccfZMKOVIvOB21bFALftns2bOdr37t7xYsW37QQYwxDA5O4Morn8KDD+7SW/KASqWJXbsqeOaZEh55ZBhPPTWK7dvHMDJSBmNVwKuhVquhVq+j0Wyg2WzA4x48z4NaXfAZLPgF8SuFqc9UxsQvicgYfVTOMtOvBSamojtaPdKmbEPoGE2QKmEux5ngkP8Tj1VGHOTc0OuB0kfqUlyULlEfpE1lMBK+Sf5QPun4BOH6OnnwmAj+SENA8IRpfITgNcUBvT0t/G3UF7ylyhBk+Uv9gvSN4uKkXT/pgfvvX1EqlZaK57LZbBZ6enoeOeigFcNy7ASPCQ1q6UT1S7xaSg0wbXwBLVIk+6NGUPUhxHdCB6D2ozCm9UfjER1TKhmMPR7qlVjFx1BdJiIPav7QcZFtB7aJ12xi44YN+JP3vxe1mlhlRAX+BkLxJkEFfvSx6tfEn8J/O+AYhGEAwMcAfAV+VCGYfLFvm5nXJph5ph6w3cft6EdEGm0vjqa4umY+Q7Sua4XX5JmJLwpnq7f54vgUp3tlfiqi41EhC0SkcaOOmWbiM0MXNM9kjIlXlGelsWeq3T2H8nS6b6Z480Bbw5YYlBDjQpgFD57tgCHxcKZSWWSyc9A/4yj09h+ZZk46V63uTZfHXxobHny4OD72HEulutKu8dqi3wn//8F99580MTHwEQuPwblXqEwMuN29h64Xrfr0OHAcF4P77gfgicES0QEe8Kd54UWXzD7+hBNWOSyFzZtHcMW3fo/nnxvxhaPt+OXgl3OgXG5i1646ntlUxkMPjWLDxlHs2l1CuVxGs1EB576BUK830Gw04AXLC5yToQvQa56wGCEwmEsB6opLYSdHNJBqWjhVjiFTZSh+0Tei8KSgp3NADb+6JsLXNOS0uaMJWhaUV+pDfTEhqEgiAEpQM4RMRQal8Em3GFTkQAp9gkv1lctrBqaeENEeI+NB+yWiEoQfFLjkIC2siFIsJV61wU/ZlqFsxT/a7PZt25wtW7acTOnwPG/XSSefvEktj6jXVyF5Q6cHGXeqIOn0FwYtI/yV9DKZ5/OFyXGj7WmbhTXuMkUH03vIwFXkQNQx6Jdcos8RI3Qz8swEYQF16FF4vnqeh61btuDMM9+BsbExkSM+SCQ2EU5ARQbWALgFXKOgNAAAIABJREFUwCcRXh4oA/gygE8BeAKKpa30gu3aBDPPIWk2XRJ1zSxpppESRZ+Nnlb0xrWZBG9UXZNWMy9qacBsx7xmljpWHW97yyAKJruDMS6yQIkV0KoNjQnDQ2tH+vqPmpFy812A4yMjkoAY9VCijog1+TTR0wYDsuTrQg5ctxfdPYegf8ZRqUxmZq5a3VOoVnaPj46sK4+NPlUFkHPdHjgp8clmv1v79vz2bzlvRh3riWZzYtmMGcf8XE/12256FUyUtwL62wU1AI0/+cAHe85593tXZ7Nd2LBhEN/57jrs2TNBWIpAQRnWANRRzOKkPQ6gVOLYPlDFhg1lrFs3hueeLWJ4aBxeswLOq6g3guhBo4FGswGvqZYWOIfySAV/Nb4jUPZQipDwXwlXNfRUlYRmiMAXCFEpJ0UNQ8mptsgMEAWpYlZ6QUNGivpcNPsiDFGpP4WJQDw/ajSQ/tCmIWkzFbI+kf0kojSEMlHaSpvXsv+UlYzwUKNAtEtIoMqKaHPaO92rBshmEXJNR8OHeXPnDd955x3aeQSjoyMLzzr77JsYAOVNGxVlnyVDIMwNMUbaFyplF00vXO3W91P1Y6YlFxULwr2QBqziiOIVxa1+zXlKy9CPRZFJpywEaphpss2/GRkZwSc/cR6eV+cM1OBHBMQ5A3Sp4AoAPwQwz+wdgHsAHALgYajPG5sQF0FuF2xPepL24urF4Wulm+L6MRW8UXXb7UeS6H0rWjWwvWUwGQaYQDtmU/ZxBkDS1x5lmaHBB/f2zzh6ViqVz4L51X1Z4T88yor2BYQ6Ulily4+qEM9a/i+UluPATRWQLyxB/4xjkM8vzdXro12ViR21sbFnxgf3PThWrxcLmUw/nFQWu3f+6n81GsU/iu8GT9frI/sKheWbTUGbcrIYHloL+OMk9hBg6dKl6XPP+8Rhc+ctxD337MBVP3wa5XJDF5yCB0wJQHGv9VEqJOFxMNRqHMPDTby4uYJHHx3D+vWjGNheQnm8DM6r8Lw66rW6vzFR7D3gni+KGUA3AwJUVEEZABwGvVD0EgUk6sD8C9pSSxaaPjTqBv2mykFai2oyKUoFRyBVuTI+iOIknqRUQgKL8BQ1V5wpfitdIvNAaRPtccI/qWMpf8T4Cu1F2hD9D9J4QL8KMzOpYCgvqWJjjJEtAqJdpsrSsYXCqylBJvIUd0V7vX19tdtuvfX19Xpdvs7WbDYLJxx/4s29fX01pTn18ZeH80hDVPUlvJxFaSf0kVNNBd3qhE3VrKBf1pW0QPJSDKY6aUSNGZ1ftB/MMHYErwlGbfzEXKNjQ/M4gEqlgu9+51/wXz/9qUAhjiMeh9o7UAHwNgA3A3gLwiDOFPib4D6JXrDJ9HYNg1b1TC/ZrNcuiIcTlt928UYp4CRKmUZG2uFZq/Zsywa0zVAeI5lRxyea90nSgWRnRNOycbgdI9/8qIQDILNy1T+cmk73gQVGAXFmoN1wobREXCDwcqX04MqrEWeAWz5Qw7nnf4Z5YicG9z2A4ujGiudVKoy5Xnf3wd2NZvmWVKrLZaGDjozOOuk9i5edex6dnf67w6PYtPFicF4HgpBfKpUqf/Rj580+810fyN1//zDuvnsnmk1PEKS6SYWaRJnwKGbJH9LXgFO5HMMhB+fwpjf1YubMLuRyWWRzOeRyXchkMsik03DTabipFJjjgDEHDhHSlB7Jb4NOmQfAPLzW+oVB2V0ldlW2sXRCC0ibgOCmEtw4fIIKeNtRMCZu2j1FJ/3QEAvXI/1iGi6jnsxTHqNkI+GnNGasiK0k05JBfohhpF5AlfGhKDVqghE6UbTsV770xc/v2LnjdErTCSec+J0LPud/rpdiE/sQ1PMqJ6jBQ30c9XlPRtr4HoeNKwyBUSRlgEQMcCY/aWE/wVRNAm3+GOMmOhVa5jOxBbRS6c0CfI1GAw88cD/ec87Zorj5bYIigLkAvgTAuowJ4F/hHy4kvj9gylr//vzGSoCpDzpxzwUF3hwJ2vXBSQNgHhj5gBvn6tprNMCbQLNSw8hzHn5+IsWWRD+YdEbVb0fXtSob1VYSHWqjuRX+qO8SJKHNPo4GuCTTRpTtPipdEJUEl/lrw9OKBnOgaps2/sPdh62++FTX7QYTwQ9GvnIvHjjxLGvHwNKnmX6tToUDhSchBLy/1t+FfGE5uvKLUasN5kaGH8/t23NPbWzsmUUAXMbSyGbnIOV2wxEPBbg2EJ5Xnzu4976TZs855UEpZBmD42Qxa/ZJ9BVEZ/URR849aMWxmZ//fABPPjksvRepOJl4i0L/yInIE+jlK3TEZlQyiNSlNhKAiQkP69dPYOeuKt7+tjzmzcuBI4t6zcWiRb0oFHLIZDJIp9NwUy4cN4WU48BxUmAOg+M4ihYGcvZ+WPrxgO8+Yb7EpdEb6s2p414Q2EbG2QBaC2HjRDqakguGwBb8kO3obxIIRgvqFC9ZqHvMSKAKWShLLtsDmNzApmgTY0f1hs8TsZRA36Ig0QNJGzV6Cd8Ix9QbO4Rww9gQylj0Se3D4aQED07VoxZZ0D6AY4497rc7btp5OhkJbNu2dQ1j/I6wVa9o0YwdanAKHnLIV/ckhuBZl4+CjBrQwWB6k1oe1EDpVeR4K+2v+h4yloLohnwOZWn9cWBBR0TkgA6FfC7gy6bBwUF87rOfBYEG9LcIzoD/9sBihGEb/JMI77HkheUv58vBhbhnAUEOII9/T83UGCQeMK54oz0UTnBaeyoHzD0eOJ/uIadCSjrADXAvOFiJF1Er7sPVc+myRhK9ZSrYuO8FJNWLScra2nQS0hKlCydTN1TOYoNOGqIiBtONJ8pCAgDHTfdlDj70S6e6bgFAikxGHggKoSRJuFCGChH6jTTVLeCvWXpo1Mewfeu1nyqXt77T88QcdZDNzdlQKCxfV6+PfMQ0ztx0z8MHLv7QpTTN8+ooj7+EzS/8KwAgn+/DEUe+B319x2H3y/VENLUHcX0NuZ3o6QFOe3MGs2al8atbKqhWGQ4+pIBVh/di6dJu9PVlkcmk4aZduK6LtJuG67pw3TQcx4HjBBtBHSN0qhlnOjDyv6KMvOpIlZamC4hSgC6jzAym3Solp75MKLxS1V448MJib02PUbSnKSMtP+zri2QzzGxtLzI5igHCALMg0aYJtXToZdLnxi/zkQ9/8GZaL5PN7Lv6mh9/LB5LhBHAEH6u4/AQI1OWNASBKS9CdBDbyv+lr9+Gj3A2f016bOMcx85KZQLf++53cemll4gk+rEiB8BXEf39ge9AjwrEgVBcGWR682CpbjiZPJx0Dk7KgZPJYc7R3Zh9pIvCAqBrHpCbBWRnAOkC4HYBTgZwXP9PGhO0rxHCWPuFZieEgatfuREaQ+DeCLzaCJq1EipDZVx7SJSB8Gr9vqoQNcWSENdOhyZbJml4hIY/nO6elfnFS//0lFQqL9fZAEQ8zIDmG1uEu3XHPtRDr4X/gvrbtvz48kZjfGWzOYF6bQiNxtgQgDMdJwPHyd2RyczM+19aVIbBnPlnfKKQX7obUpRwNBpFPLPh75Fy8zhgwdswb/5JqNdTmq8VokX4EjQiILx+0sHQsc+qw5oQpPhNHnV1Aae8wUG9zvDQw01MTPh5PT0pLF2aw8qV3Th4RQG9vTlksxlks1lk0hmkMxnfUEi5SLkpZRyIP5vqb6lfLII0QZ1JJoVTk+nkV6GekdtWvei6yb0JZvvR4NyP/tmPa7Wa9CqZwxr/8Z/XnZO0fiIaou3M/YpDPi8kKBNGGzybgcGp9jRBPsv6CpZ6HhuNBp59dhPecNLrBUZx+FAZwOvhvyq4yELaevhRgXUx5NvkrfjLkT8X/vdXhECj1y5JA2auyqP/0Ay6DwRmHQH0LAbyC4DcTCDb7xsMUi4KAzy4Dnts0IWyLZ38howIDj/SERgOXm0nasVtqAwWMbHHw+5HPDzyVbPS/lqCaGdp3gZTLusmLWgBGp4w1/NpvhnKiGJK3LJAHF0hOkpjm8pbN//oviXLPnZKyi0AzIHY6GWa2iqcDpKmGw5amJU8mHSjEQTmwBvxvMZ8xlJw3W64bh6co5gvLJ65d89va41G8b8ajeJHGXORzc6Fm+4BYymURp/5o+7CshuUXPCXDeYf8MdIZ2air/8o1Gp61MMXHPphQP4VIw5z0ElOeh9ES8SBJeIZE7xhMi0wMEhZQF1PTDD89h4PbzmtCwcuqmLzSx4aDaBYbGL9+nGsXz+Ori4HKw/tweuOmoEVK3owcwaHm2Jw0g7SLkM2k/aXGAIDwXGcYP8B0/icCKYm8aeMeL81v9+Rt25ofzbf29uze2RkZCZJcvt6uyPLx8P0UTpZTJxz1OoNVOskkkeMAbU/x7cS5HmW8j8AoI6I7rT40sh/BqvVKr7/ve/R5hvwlfTfAPjjCBIvgh8VaAW2MLOQtWJ/gqn4HYQNAxVZGNroYGijSM8ZvxksflsOB54RGAtLfEMh3RMsK0AJbQlMF+RmWEiyjoQVpIXmAMEyJjgHnPQCpAsLkD/Az1/wRuB1X/SNBt7YiVpxAC/+Ygj3f86mm1qF7r0EZU09lzRa3m5k3VrWZhBEhePNhm0bA81NCo6ljo24lpsdLPViN3WMj79Y3r7t+vsWLf7gKa5bgDilWVvPI4pXgFwLpUsGTPmrNMxMTQvuI6fWKaHPQTrTOzB33lsxc9YfZfbtuffBocEHP+p5NVQqO4GKg0x2FhhLr/a8+g2MiVAa4DhpzJx9UnAIEkEpJric6L4RoOwYsc4cERURz4thzIiaspAhxNRytMJZqwK331nGmiM4MhmGRkO2DsDfd/DEE6N4Yt0oCgUHy5ZmsHJlHsuWFdDf34Wurhyy2SyyWbL/IO1CfK1RRg8sNAk69Q2B3OyQEfUxzx4wQuUEu9mOFciOMgsKckMytKTA6BLRaplNkegRHwD+Gr/4giaDVt9PsrvUYv+AzVu1ts2MDpF5LvqrHQxK68sfPabl78dRBHgc5UZDfbMrXyhsGR0bh5qN9KFrET+nzBUGpUWHyDIRvJCmtRlFi1qHsJBFHs9wHfIMm/sDqHGuuMdDurDRaGDz5hdx3XXXiqQagNMAfBaAzaL6FYDPA9iCaBmaFExl1ogoZ9MLLqiRQI2CbbfmsO1WEXHIoWdJHrNfl8PCNwJzjgX6lvtLEOIVb8b0B1zuJ2HQZTL0a1OQaOVEvkOWKLIL4BYW4IjzgdWfhr8Jst5AfWwTyruH8MTlZTx/fZT+MvVfFG9oWpwujKofV77leNsMAhNMQyBuY6BtWSBuI4MNR6tlhSi8obJjxY3lHdv/676FB77/FLGngDGxwQmQwgAgFjiJ7wEQxoFQccprhlaePvgMgONkBprNicMFMW4qP+CwFDKZmThg4bt2NxrFtdXq3uNr1UE0m+OoVfeiVt17/LYtP67NmXtaJpebj5Trn4TougWLVaybvxw8+LyysVPesF7sm+wQFvJQTXLSFj0cRRkiQL3O8NQGwHUDNF5QjOzd4JxjfNzDho0VbNhYQV/fCJYtzWLlyjyWL+9Gb18XcrkcslnfQNA2J8o9B4HwlH0RDyt9uA2jIbRRILgSR1pLTw1SaAuUVglPht+vr/hgeiPadwwCxUQDVdr6f6g9KsxInEpuCDVUd4DYfFNCvZoniDP4QxQo3ckPwN+UJzsGKXw13SeNNaEoOehx4SpuRdmoXmdkYCiOjq6k+d3d3QPU0pBdCHgko2gmVqbNVm1KUIXOwRRfrMYApOEhpocK4euKnSpyvb7xrAhj2mY5ROgtcuSw6hfZH1Gr1XDDL34hisyHf5rg6xGGCoALAFyN1ku97a5ntypvy6PGg6kgXSiDIYOxrTmMbXXx0i9zAPIAclh4aj+Wnw3MPxHoXQ5k+gAmoqdEjluXiEGMOlOuGmDIFB+CduACqayLdGE18nOB038MnPojoFGuYPTF9fj5CUMI608TbE6uzRBIqiOTLvXTa5mWxCBo1ZDNADCNB1teHI52QiFxtDrF0fXlWm3ovmXLP3WKm+4GR4rMEcNapL8kVEf3IQjlJm8sosSXM26JpnlerV8pXAc9vYfd2ByuHO+6BTSbVdTro6jXhlEcXb+oOPrUplzXQnfO3Df1dncfAjfdC8acQAiKvQJ+S+qQIdp+4E/YogPGq3Squ+F+hPlkV1yiXK3GIE9Jlc8P09sgbY6Oelj35ASeXD+B/v4RHHZYF1at6sbCBXl0d3chm+0KIgfB5kQ3re03kK8zcmWohFeFjAQ5BmH6VTdNRWsyRrcLOOmrbpew4BO6BJ+NlaZaIw2bCo/TVKuwY+EsppSyzQgwO6q9xBgyUix0h+hlsIlZqxHBgEfXrp3faDQ0b3bx4sXr6QZOZiAQkbwQCaSP5lSwtS1wmPgpwZzcy3qkgxp3mDFmWgWTEtoh/z5OP6npGZgV3MPQ0CC++93vAMCHAXwgouo98M8bSBLWNiGJLI7bHxZXP0pv2IyFDNQ+BRc77s5hx915MCeH3Jw8lr6zHyveB8xa429iFMsLUcCY/hsF1jlhJDIG8BTgpADmAqlcDnNnHI9P1wGvBjQmgPLu9Xjp5t14+G/MKIqNN1F8ilpuoJBUl1rnwHScVJg0TdTnBi6zA/RpMXGZdePok4Z7o1GsT0zs2NnTs3JJ8OqfdT+BrKgpUhZ6funXFDX9SoyFseLGEzyvuoSgrfX2rbnTV+Acua5FL5fGnl3hefWFjpOG6xaQTvchk5mZ4l5jfa22t14cXT8xMvx4bcniWdnjjj8Yg4MNiE+Zy8N6ZOSCvvLFVBnizSpa7bultU2EWr/0siGuyU2I1NbQXSgzUmcOUqXCsW1bDRs2jGPzS+OoTFSRyTTAed3/+FKzgabXDL6tYA4/eb0wYItUI8LbZUqLi0vxp9/ZtQMjyVKWaGpR7OUQKYTxNInKEb0LQdP0VUGmKyGtHkWoXqf1pwVXVgpTRoSm95mqp3quojlqbuuvUJJGQrzRTzEkJGhjxBSvGDCwfaD7n791xYX0YKJMNrPvny67/Jv0eZINBe2r/SUGtzmH+sBRxGkRDGAGjvCAQEZiWGBxa0typJK+GVbWJlca94PnCRDPYQi4aN86kyTUalVcc/XV8++7995/BHByGBF2wv8i4d9CyV7xB8TLdMcoi4iytjyKN0p+W2U1fF1A6aTLETX4310QJy2WAF5CY7yIfU+M4bn/HMPz1wO1Yg7ZPn3fgRaWQ1ipSzKk8NDT6DOpC1P9msxRMMdvP9UFdM2eh/knHoTXfflgrPpkH0rbhjC+20OzAtKaINLGG1NPJuG3uI/juTYH2jEIWsRWwshj6scRpqScHTftIG2P1jEZwOq1wfq+vb/dNmPmCcscx197UupUHX+jQChVkI11IkcXhupaee7j45uXNRul1TLPSY31z3jdraIcY0Cua9HvS8VN7wS46+NPgbH00uUrPv3zQvdB2Xq9mMt3VVJve/txzmmnr8Jxx/Zh1qwMiqMNjI83JS08EOTQ+qL6wcBJeDboMxP1aF+Y9FC0txSo8gkeDNpX0YrGCyr+6TNmPIO+klXCttkERkaa2PRsBU8+OYZdu8rwmjWkUnV4zToadfFlRnF0MlSPJbnCAxTKR/caRZnQQUZCaFBCGb0VhqTt4Vd9NRUEI3So8VeKVdBK19RVWb0dJtojdKpuk0iAJDqsElkwJ+RbJwGIeSEHK2iPHiolxlnWZ1wLvYty9OuBBpPl78DAju6LL/qHS8fHx5dR+g5aseKmN73pzU+p6ccUX6HOApFd5NB4S/upCNc1P4OY+lyXOIYRLXEzxVNG+CKLG0uOKooXLGNor3CaIyL4r/0nGK5NSRrpvvSSS8655uqr/35iotxvQfdz+IcPPQ7/hFNbxDapgo8Dm8y3ye922rQ5d1Se0w+9VaE+1jSG+tgodt0/jKevKmHLTQyprhy6ZgFuHnBcbb6HyYwjG6aw169bLj0E2yXcLJDpK+Cg9y3DkZ9bgVWfXIJ5Jxbx4s/F1ybFQ2NT7EA0v806cUaCDS8A3SAwG4pT7iaIsoKoKFyOhXiRBpIHozw37j1SRuAw12GYUZYBaI6OrBvo6ztikZPKORCfMKbeghToHLoAF12xWZYqTwh7zhvjE+Xtbxc5jLmj/f1H/YZWdd2uGkfj2Upl92kESapeH6nMnPX6TX39R2HW7COcgw6ajTmzu5FJMyxYkMWaNT1YvqwLlYqHsbEGvKYQllDKI+iyKcTAhNBUeyKowyevlatPeCL0BCNlhXKLYAlhfnSmbkyI8vU6x+6X63j66XE8u2kco6MVuKkGGPOPTW40SNRAOBbCNpBGABlD6J0V9GuKGcZcAGEOUdjKQKCTVue9bET8mLyXaCilKldbGmAiR/FcG0+Jg/RbHktMvVjZcYJbV3jKkFJdFu1xSa6YH8RgIDwQ7QgeMoJzx8BA95X/9n/e/pPrr/tatVKdS8e9r6/v6cu/+a1viX4x0i+FnhhUAb30qWSiPJmb5tiK0wUlb0DaImOv2idywPAOVX16nHL8qaDKiBDDIJ5fMr6Cbk32+Essl1x84VdffOGFt27a9IyJejf8w4f+Cf65AvJT6ZI1upye6jUseVNtAy3y6HCLnaiN4G8C4tsNE3tL2HLTGLbcUge8bnTNAdLd8PcaEOaqAdeeh9BfHITKg+CDRYUzP3qQ6UthxsqFeN0XVuDgP5kFYAR7H2/E8MGDnSdmOkvwF+Ivg76xAAQ5oCvaKEiyxhS3cSKuPC3bqs2ovQm0LbkedfChXz46m5vbz1haf3ANfa+fQcD1icGDE8S4cVJggGLLi1f9jMOT3xRfeOD7P5hJzyjpE4Rj+7brvt5olI4XKYw55TnzTv98Ib9sNxhHOs2wdImL1atzWLYsh2zO32jHmIOhoSYef3wMGzaWMDbW1HZvy+ugMeVV+Wl6V8k8MsNhVBFqr/eEq+pAEmlZWzFJEST9kv+SZqCn28GKg3M4ck03Fh9YQHdPDrlcLtiMmEUmk4UbHICUEq8vOlTY64JcdInJPtiO1NFdNL+setCpkhRcDSmOAI9UqlYWhA1PxXYeDIN52A6ZTJa+hWmgQAaOFGm5id+Gh4krS2UODOwY6P7pT65/43PPPXf6RLm8qNls5kwshe7Clr/7+wv/ZtGBB5aippQ2v7V8pZvU/DceV0KfcMSJ3au1pc1BUsDfe2osoZmVZQTN0ALkmZdfKxT0yuugL5wUF88vBy77p/99ztMbN36gVq/nR4aH8dhjj9IWHoBvDDwH/QNGHuwRgqT7uYBoGR8l21vVTSLbzbRWtFC8Qt6rsxIyfd048X8vx7KzgPw8gAVb6CLlOwzZRuVZi7L0IaXywywLqAeOe0CzBlSHgV0PPI3b3j+A8LhNZhziQMOT5LFPMmmmE0wFn2QSJKWNTpbMsoM+szxfWLLUcTIAmHqIDcEL6AeFAFAPMyNKIEAuxntg20++UK+Pvkk03tW16N/nHfCOX4hIAgLhUq+PdO/aceM/el51qSibSuU3HLjkI39DBU8qBcya6eCIIzI45JAu9PX6u/BTKReVCvD0M+N47PEiXn65ikYjLLTkVi+mn76HgHqzH1pd2XcVavYVoZLMmn1AdRRRmuEPS0XXMzcC0+crkwEOXJTBUUfmsWJFN/r6utDVFbylII0D/7sKqZR/fLLyOJUaJeSHR5FkMq6Ja6OuWUfvvL+kT3BpbWkTSo0EC88nJY6o9rZeagIrvI9UNyJ0k4XSG+flElUcDJzgz+2337b8yXVPHLFnz57l5XJ5bqlUWt5s/D/23jxOjqM8H3+qu+eePbQrrVandV+WZFu2ZfnANr4NBGMO23wJEHwAOYyBHIDBMcRJuAk2IRBDIBxOIECAQCA+ABsibEs+Zdk6rFsrabW69pidnZ2Z7vr90V1Vb1VXz8xKskM++dVHq+murnrrft/nfeuq5xMIAQzoaO944faP3HHXrFmzSjoI5JD79GN5iSQ0RK2JPsRluXhUAWo6JRmUyZY0TfwSJ+sHdYXNrcax1VHBzrQfig8E0gBo25DPTzz+eO+37/v2TYcGBtaAAb7vo29vH7Zs2QyEQv8fAHwX4YFE4lAiExD8X3KO8ZuO/vLoPq0H5358JnrPBdLthLEwvR207cuyEyjhbn1WQRVjiwkOCwghXJBzgPvA+CCw/5Fd+K837gLkHRAvaVtOSA9o4iYKElpdJflSfBe/Tnv78nxn11lzsrkZMz2vCNfNotllRK26gf4HLx8d3fEembCT7ps95x1/qIcKO8KRQ785f2Rk0wfpl1xu5td6p73qhyKUEKSOA7QVGRYuTOOMM3KY3J2BF63CD3yG3XvG8PjjQ9i6tYwgUH0RsIAEcVmMwSapchOOF2Vt0MARI+MgBprVIJJrDgQPp+HIGg06PsQcr9KgID8IIeS6DFOmeFi5Modly4ronpxHLpdDPpdDNpvTti+G5xqE2xcF6FOFlLWsXq2OxV+jypILO7msba0OCSQL613KZHNVflT4WCYYaEjFW8T5EDyqbiXMYgBAxJTkda2HRyZvyrNM1CGKLKiuX7+u9ze/fuTMrVu3XlYul2cGFu0/5qLImUzm8OIlS/7j99/6tgdnzphR0lCfqjgSTy+LzkrJFmINUNEQOq3EdrYjBvUxah+6jibRGYiOkub6f0TGqP5x992fv/yJJ5642fcVqPLrPrZs2Yy+vr51AP4OwADCKQJxWNAw1F0G/xcBAXWU5wuLQRFn37kES9/hoTAjXF/wu+Io8+U+UDkMvPjdHfjv9/ahscXnhJ2ty0/E3GDGa3Vr4onQQQu0WsmLNoVQKC4oTupaPdt1C72O4yGV6oDrFuC4GTjMA5hLtAN7xVGNljGgWj1a3Lf3e/9Kw/T0XnFLPj+3X9e4w+d9e//tT2u1wYtp+I7OMz7c1b16g+3oYA7Ac4HZszyceVYOs2dmkctfA2dBAAAgAElEQVSn4XkeHOZgaMjHY48PYdPmURw9VldWDUOwq/ybuwksxxVLXqjOc9A0fVkHREhqq6opOOaE/xuAwMiP1Vqg5Zdj6lQPF19YxMKFReTyOeRzBeTzOWRzeWSy4ZHJnueFR647jtJCKZAhioDIf4yFkzrS+oGoGwlmwrhK243icIQr2MVUUwROrJo8kc76Ca5czxuV6yIuyaTecwngSLAkxEAAbVxwPHD/A/MeeeRXlx7Yf2DN+Li+DkBzloHCwNDd3b1uxWmn/fKWW9651lLwGAH1Oaq3KO9qii4sk7LaARRMaqmLA52YgGi0/vRbCBCBZt1CSBl29CMv34K0UIgAWh44BShGecUUJMIxs2/fvuJnPvWpWwcOHdTPFeBAwHnloQcf+DyAtdCPKhb3F5ShVuabwuNk8eOXIuxE5MhEw9Ln8DyDSUu7cNm3F6D7VIRHJitwHDNvUi3eJgViFgOTlgxISDUIS5kerwMje4GnP70Vz3+5H3ZgcML1z5oFaDERm5k/iRYQL4Bt/gPkGyx+rQh8W1hbWk5H5xnZ6TPfeLHn5REKLh88qIPzOsBcuG4GiM4wkABOnAlAtVYQRgKOPbu/9Ul6QFEq1fnwzNnXfVbbUxTFGx3d2Xvo4ENf4FytO2DMKU/pufS2fHFuvxAaIhUqEBwH6O52cdrKDBYvzqKtTWnFlQrHpk1lPPHEMA70jyPQak5oJvGFfeZpcip8ourU9HND1yCu+UmBIl38nX9eGqvOyKPYlkM+n0ehUEA+n0cun0c2mw2nEVwPjuvq1zJr6RgNQ24ZVHooNVEnC1LTxQVQPEQLZJoCgFg8TkRdo3Rj8RUTfOD+++c98sjDlx44sH+NuRjQSorkMZPOHO7q7tq4ZOmyx2655Z1rTbM+MwlIEALYpwviaVheQ2oMoBYXOW0VgQvzamax3VBYrjQAYCavAdVIIEQ0mbQiWOJz/YWeZQEAd3/+7y5/8oknbq779byZfPfkyeted+21X7n+TW/sj7zERUbUQmCbLrDxQdvUbCPeaXOt8lkaFmguyJqtJ7Dl36RL36mfA3GmwaRlXbjkK8vRfVq4G8Gcr6QCWvQHXZPStRXTmd+SwkowIZ7Nzh0AtVGg/7fAg7+/DpXDFagrpkU7N6oXW11oYRniDdfKYj3qmnWkVhaaNMqoSdtM29bBktJp1LkdAM6ipbevTqe7OxnztPlxAA2YOCeigmgEnKO//+fXjpX33ihCMuaUp898403p1KSSdotepEkfPvTr80sjm7WpA9fNbZw9520fonmgGrjKRtgxczmGJUtSWLE8h2nTMkil0kh5HpjjYvfuCtatH8LWraMYH1edUl/QFNJJvgwqwTVYwCbARXxBlr4AjosykXIyIy/yWQg5MZAALFzg4OyzM+jtzSKXCwGB+Mvncshkw0WHruuGVzIzpsUHfaSYwCxP9B+dChDTGGJgKy0zsgIYR+TKUwyl9FOMgpZZt7bQPOmARQpwc87d2i4s9qNZHaICPXD/f0Ug4EBzEMAB5rCgva1989Te3g1Lly57bt68eQNnr17dL8NZxxAT/2JB9HqmQLAB7qTrB2TZVDxqKEnCR4lC3EAwcrwbOI8CdxqXhreNhfXr1vXe9+1v33To0MAaM3nHdaoXXXTx5/7gHTeu3bZtG15x/rniUwWhVSBp/QBgFw42/1aVtSSatvhm2EaKnu29mXxqJb5VEYSYRsj3FvGqH61C94oQFFCXJAO0xm7QgbVn2ith6dCcgFf6TGgFdWBkN/DAm7dhYP1hhO1NLUGNZGzDPtCM2yd1CptghhH2eKcejsc1Ai8T6ZgOAGfOvHfOKRTnL3KcLGGqsNaWWISo9jEBUhjwcMHgvr3/pk0bFArz7pky9bIHNbRJBN6+vh+8qzp++DU0TjrT/dPpM97wj0Bck9cyqHg5Uilg+nQPZ52Zw+zZWRTyGXhpD47jYmiojvXrh7DxuRKODdaJKdSms6lyUa1JzWhz8VnXVO0cVNPUFOfWhSJd4BkqXgmcG1wD6B0dDOedl8LihVlkcznk8wUUixEgyBciK0E0deC44Q4EGOlrpbfqnARAyYKHTw0kldE7VFyQciYBKo2s3m9UFsS0A+kLLCEeoaetgQTw1XvvPX/Lls2rjxw9srwVEFAoFHZNnjJl47z58zfefPM710KCNMHvbGViRnaiGpX9kOQwqeljFMW9DpzcT0LAOrH0ML1i7ABAfgtpyiNxZd7FdJ8GX1Q8UQIpCFgEeqNpCwD0aOaPffTOt2zdstl62mDnpEkbvvgPX/owEN5fMEFAcLw8uBnfPxnuRBVP02+iaYvfLNrnF/HqH5+FjgXRPQmwITzdxYYy0wcWEx+IkygXepeZkPIVAJUjwNo/G8CWb+6BanNzGmFCrtlKCpupyZaQ7XuSYD7ZjtJtlLekMsTAy64d9+7q6b1ysHvyK1Z7XgFMnJFtcVKjsjQ8Ywzp9KRSKtX5MF0bMDa277UAHtQ0UzKPO6Xnkvv69/9kHp1qqFWPXTJ4dP2jnV2rNyjzZJQ2mQ9Wc/4ctRrD7t117N49gu7uUZxxeg7LluVQbEujWPBw2aVduOjCSXj++XB3wp49FZFzlEo7e0eGNlxaqw0vT6XaN3ZPufDHqXRnSWVVcXzT8KutwI7oqfUSRDzRiXtGFFkxLyy+E+FCqiryVBCEMWB4GBg8FqBaDZBOBwh8H349QL0ewPcD+EGAIOAIOAd4AEfeQcXlQNUP+FFlMNtWZl0AfF0ZJGM9zCOT/UR91PsAdALEUwhN4cM503cD8OiOA8bU9A+j8Ey3pEhfztHXt6/4b98NtwQ2XBRIClUoFnbNn7/gl5deetmjZ599trIAEEQUM0wwptZPkDrgESBkpCE5JZcAsmxgXYE7UUC6W0BZg9ShXAajl/lTU0LSchzljVaIdU0BEQiyH4npA33OERwc3/3ud1b+509/+mHbTox0JnP4/PPP/+rN0TTLhCx2ya5VXtyM758M14h3N8tLo/y1Mq1MgUQFw9uB5774As76yDLkexEeJiQAoNYJLCR1oAhG4lDwzhQQBqCDego+bFMS4hlRHrLdwAV/1wM3m8UL9+6CWjuSVCdN6+ek9K4TdBNZKNLo+0SsGY06ivx13Xx2/sLbzktnJqfDKQSAVlnSAA3bVXGGY0cfXzl47Jm/oWF6pl5xS6E4tz8Mrwtyxhiq1WOxrYiO4x2ePeemd9iMFtSMHgpXbmWYqRSwdGkap6/MY/r0LDKZUFtmjoMDB6p49LEhbN1awsYN936D83qXSjuza9qMaz6UTnWWaGdtdKyxyhOZCoDRv0nZk5265lkwUVpfgPoGAAvmO1h9dgbTpql1BIViEfl8Hvl8Dp6XRhAwpFIeMmlXzzcTh8I4cBzxzCA08Ak5Q843DZjg1Vqq9lBJcdetW9f7q1/98pxdO3euGRwaXG4LbcYtFAq75s+f/8tLL7vs0dWrz+mH1bGTxlWY/t/JdVJYnwgJHv5F9OgCRzUBFy2+JbJCuL6+vcXPfOqTtx06dCg2PQAAvdOmPfy+97//H2fOnFVSVjAO3/fx4ovbcOEFL7mF4OV2x6s0tiL8m8UXv3m84bcXonslkCoQbZ4IZKrIhIwt/q3B9GlTZ85vaTQBTXviQbg98Te3DWPrt3ch7AdVxKcQWqrXieR4Io01kXUJL5Xl4ETyQ3/Tcxf88bx8/pQ54shjfTEh7GiOapucY/fOr32d8/pkESyd7vrZjFlv+lIcDHKZxuDR9SsHjz2tAYlstvc702Zcc19IXRpDdUurgKASfQpIymSePA+YNTOD885tx/z5eeTzGaRSKaRSHu7+/BffumHDtusGh2qo1QLJxFyv8MzsU95yh64/hZoWvWNOCQVlJk02hes7GeIqNylDwuI+FTeM39np4KIL81i2NFw3UCgWUCgUUSjk4XkZPProAH758F4sXdyNq66aiylTQoWYMSZvVfQ8LzzcyHXIWgMyvUDdyZRXLdNilqfG7r777lu56YXnV+zZu3fNaGl0TitxOjs7XpgzZ+5jV1xxxaNr1qyxgICTBwB+Zx2PPQAA6n6Aaq2GgHN5hwIRFXTnoB6fA/fc8/nLH3/ssffA4tKZ9OHzzrvgq7fccstaboxdAKjXfWzf/rJMGbTiTiZPb1V4vxTpOfJvxZ9MxuqPrkKmKzlmktOYOfSxId9Jx0iyFkwkLe4Do/uBf1nWh1ppEOHiUhMUtEYy+m11HqdVdyJ0TnTtwfFaGJLy4QBwuqdc1Dml55LVqVQ71DkFdlumYTUEYxz7+370jvHxgdeLMIx5R0+Ze9PbGdMjaSv7Oce+vu/dVq0eu4zS75p8/m0dHct3KG0E0DVmhD6JVid6OBBHW5uDM07P4tRTC+DBSPHrX/un+8JyM4yU6hgcrKFc9sE5C2bMeuNbUqmukmnBkto7V9YRulhS1IhptFArvklNysxy8sgkh+VQ27ukCdiwkJyz2sUZZ2TQVswhlwvPJmAsg7W/PYqHHxnA8HAVjDHMnl3ApZf04tRT25HJOHBdF+lUCulMBpl0GqlovYFYhOg4LKpbA/xEGWUWLSFuCSSNHr1ra43IIiX7Ijqdy8gV8wDobpH77w8PCNq/b9/yo8eOrYyZpG2GCcaC7u7uJxYsWPDY61//xkdnzpqlbu00F09RImRVvWhfLY+if1r8jAxoWFIn07he1JITmgq0dR3xsUmtTND6KhXgWgOGGJiWPrQ4sAicc8RoCLJ9e/cWP/PpT912OMEqsGjx4u/cdPPNP54xY2ZJphAVTIEMjqGhISxaME9Ea3VRoXCN5t4nalVt5E52vJOtPNrKHq4neHvfxchPhXb/ATX72ywA2pwmUWZMqwEV+pq1gSpSgKnIqU4AFUd8C+pA/6PADy/aAbXjRLS/OAq5aR8wAUFSJU2kcVrpbM0WHiZlXjiTRpKWnxS2WVpWa0Euf0p+xsw3rsxkezsdJ62Ye4x5ESEdDeCjRx49e3joub+koWbMvO7N6cykUhjDAIsAwDmq1WPF/gM/vYOuJ3Dd/MbZc976IQ1xRp1PesWlSOIUh3BHDz90eeDvfE9Hp4tsxoXjqpP9atUAxwbrYM4p93R0XvogLasmkKN8a9uoKCMn5dOyT+kRAKAYOgUI5HieiFnSMADD/HkMZ52VxrRp4bHGY2MeHn2shGefHcH4eCDbhTEgm3WxckUBa9a0Y8qU8LrlbDaHXC6LbDY8/TBlnGHg0PUN1i2bpBgyV3FBbmcspJKkI73DWBvAOfDE+vW9zz77zPz+/v6Zu3btvLg6Xp1sOx44TldsCezeuGTp0sfCcwHCSo/N7VMCBi7QtxFyWSeqXzeZGiJgiocEJcDTzhwg2jojYRu5WBVTgGADAEa5wgWJIg+kDqR1TIthTZNzjgcfuH/et7/97Y/b1gq0d3S88Lprr/3HK664aoegEwPJBFSNDA9hyeKFqIfXn1JAQLcd0i1p1JmLqRs5M2xS3FZBRStxbf42Wq3QbpS3JEDg4G27rkB+GuCkAZvVUrhYQ4MMVaowGO80sFXIN3BmlxVgtV4GHn4nsPVftgE4CtUH6NQBrZNYfTVJeULud8G60Cp9NEgjCYzIKYRpM17f0znpjOWeV4Q4mwBQba40Dah5c3Ds3vHV79EzBtraln5ics+Fa+OdgHQUAMeOrYtNHRSK8++Z0nPpg2H/UtMXamuaaYo3wSjZLgWg/8DPrh0b23sjopxksgztbS6KbU5oNmcOwBja2zr/+4JX3PjJRx8fxMBAFUFAAbDOtPW5VKiNGLokUcf6RgHjMwVcUbMMPk2AyLoFzl2TwqKFaQwOulj/xDi2bR+HX1fpm7dYTp/u4dw1BSxamA8PNsrnozMMcshlc+GJh+kUPLJlUeYZooA0aySvBAFRDEdd3EuBAJFUX9++4tq1v5m3e9fuuWNjY8WDB/uXVyqVnlZ2A1DimXTmcO+0aY9d/MpXPnjllaEQCrsNETyUdzGVlzhBVVqlROth9bowTOu0DgjvjQUwUbNFFFPwQcejChPVJ+wLAsVOBE0QSwBqLIZUBYICq4iAOekbnOMTn/j4tc9t2HAjDOe4buXUU0/9lw988PYfyrzxqCxyzUyUtlgEyYBSaRS3f+gD+M6//isQmobpoUQlNL/H4P93obODgrfuvASFaWm4GV3o27R8wPge+dlwqnU9AOKDQIS1pkPGFg0b1IHDzwLfO2s/QkAgAGLLUwe/Q+c1tuxO1pQADdvsl7rqgX3/vv/wwK+Ozp77jpXZ7LTIWsBk+wKAqYkzMDhOZgfV9Merh5YDWBtnsEz7mdS1esNoaae2U6E8uvNmxpjU1Om2PN0sHVdABYgQz4cP/fp8AQYQ5aRS4ahU6jhyFCgWXXR0uEinHZRKQ6vOPKsNZ53dgd17Kli3bhBbt45ibCyQZabpUeFnZAuCW8f8tXJASojkw2n0swo4gJER4OgxH1tfHMeG5wL09wfGVAkhHfnv31/HAw8MY2CgitNPr6Kzs4parYp6vQa/Vkcul0MQZMHTaXgewtMOmaPqnhREPnJSB0YbkKohra/aZf26db0bn9swd+/evfMOHjy4vFIZayz4LfTp++TJU9ZNnz5946pVq5694kqhiZrhSL+JykV9KMFYnkl0ZmlQW/sltKhVEUMEem0uBgYE31aSHWp7oAIGmoJHyxpX8SFAKUUlYtpNtyQzmf+9fX3Fz336U7cODAzopw0itAq848Yb/+7ss1f3K6BC88FIXaidL+Bh31u0aIkglUYo/B2Iw3bCZw+hMPjf5FrlySfr10w3dKl8GuYR9uZ0gQkOYtMJlvdYOMQ7u6Yg2UaIEVY+u8CkxUDbnCJGdlWg1hG03AeSAMHxLu44kbDHO3dlhmllesPMi+3d9NfC1GrHytu3fu6pqb1XdxaKCxa4br7dcdMIdyN4cJgH5ngI1xuEjealOjZQQFCvjSwXZn4gCia0VkDTiHt6r/jH/X3fXyMsDJwH+f4DP7tW3XWgn67GqGrECS3C6DjnGDj44NXl0Z1/ZFYYY06VsfQe368sGBryMTLiI5dz0N7u53/2s5+vvPLKyzfMmZ3B3DnTcPhwDRs3jmD9E0MYHKyp8QHF4GyWceqSvlNtL65V0oOM9AOhAIZNm8KthpUKVDitjFRQhXFGShyPPT6GwaE6zjnbx9Sp0XZF3w+3LPJoZTnn0QFHQmgKSRhZaqTwiLLEEB1VrJr6gQfun9e3t29qX9/eeQAwMjLSM16pdJZGS7PrtXp7EATp5BoznKZhAIyxoL29ffMps0957Iwzz3z2yiuv3CGnW6xCVfUZJViVFUW2hew7cWUlRtFofG1awbb+A/qxw5I25aOqgPKTwGLmyZoCRJBWUH1H5IWiMa7TDf8jzFlaARQAUM8GNGLAunWP937l3ns/XB6NL+BctHjxd+6486P3aZ4cZIrJOC2RAiIGOI6LpcuW0thpKJO3F/3VzXQjdzxK08sdNmmaoxHPttFs5T0ez80CzBGMQ2dQOoI3wEGSPwUJlu/CyY4FPS4ND/LdfHbSwKoPtOORPyxB9Yk0FChImi4BYAcErTaq2RA0flLCtrl+Uwjb0miUr1YAhg0wJIGARvTNONWD/T8Xl4p4UOg8K54z2d58W/uy3kxmChyWetT3yzcw5oLBgc/9OYODz8zr6FixA8xVmoBoZ3FoCedIpTpLmUzPjyqVfnlwSWVs/xs5xw+ZnB5QWoY45EUz33LSXznQv/8/3kLpUZcvzP0ywDFaCi9nCgJgdDTA6GiAf//+r++sVWe//Zw1s0tdXVlM6kzh4osm4dzzOrF5cwnPPDOCHTvKqNUENaFNkeOdY+sZTLuZ0rb0a5zJoIsGiBD2Klw4SEol2ymIsKYDqHFZrQLPP19DebSEc9f4mDXLRxAECHwenmEQcDIlBDhwwMVtilHaCgyFRPf19RUfuP/+FTt2bF8+MDCw0iYkJuQMAVwoFHZNnjxl47Te3h1Lli7dfsWVV+7Q7iuAqntaB6p/iCkkA6AyCmKEqEJURnN9AVk3oCnzolUImIj8FVCNaFrQiugrDELjV31bfA+FezR2lDQn/FYANQhJrgFWGp6kLH/EGgIVQWSYoI+IkXMOfPUr957/8K9++UEAWs/2Uqnhq1/1qk9ef/0NG/Sk1OJQCqglBIrSFtnwPBdz5841q2oi6wJadSczbDN+a1McGyl7jd4nGlalefUPi/JeA8mMqWBGHBQApLMRz5jZ3+wvxndpHTD8NC/ByAlYlWOIAZOWAKEMykNNG5lWAmtbMZun4ZIEvG1hYKNFC0nvLS12ML6jQZhW4rc6cCYSnq41MNG6Q/wfBTBdBHWc1K629mU3pVId+XRmMtLpLnheG1w3B8dJw3HT8Lw0MpkUyqNHi3t2/+ArnPtFkWihOP+enqmXPQjo/VMdkaojUOE/cPChy0dL263bnijN3Tu//qUgqM40w3he4ZnFS996x6JFGaxYHp5pkMuF9wRwztC3bxzPPDOMzVtGMTxcBw9g7W1h34/vNEh6tn1TwoxoWEQbtcWjnta1DQirbdZMF2vW5DB3bkGdaSDuR8jlkEmn5RXLjnbFMvD9739v+bPPPHPO0aNHFwwNir3+J+BYKPg91yv39vZumNTVNTB16tSD19/w5g20QDyaa46b6BUIsNVJzEojhbThr5FkRlvQlHRS1F8pP3EAEH4nQIFEFGBDtwIYqVNwwSD7hp5vlY7Zm2il6EeRC39pUpDAmwb45Cf+VlsvIGh0dXU9dfff//2dAgypspplEJUeK5KUT+AcIyMjuPjCC7Bv3z6g9fsMfpfcRHnxy5GGgz84sBrZ7i64qdCnmXmzJWflPk2iTDBdDgB+eKzxt+YPIuwPR6FfdtXQtbKGwAQCNrM6DdvMhJ+krQvXbFohiW5SGsfz3UxzoihZbPMw6XgAfgng90XQIBifMzT49KsBfBo6mEgDcBzHyb7hjW+e/tprrkN5bEbpm//86K8PDRx8VbUWoFbjqNf33pDJ4MHKOJe359H1ARq6jJjjgX0/emulcvA6W+bb2pd+YvKUC9cCYX/snnLxxw4dfOArZrh6ffT0PbsfOb9cvnDts89WMHt2CiuWZ7FwYQ7FYgYzZqQwe/YUXFaejGeeHcHTTw/h4MEqfN/gzNIkSo8rtggCbgwoRpk1ObJXHAITG0jKBGuuVpcrxRW3DTXIgGPPXh8BHwMAzJ3LQw3a+MuQVH7x0EPzHnrowWuOHjmyvOEtgM0cY+hob3+hc9KkHdOmTduxZMmSSOsPC69u6pOlgGx9YgHQBLamVUuFVqtTRQsJYEDQN9pDWlkiewM5jAe0T0IIQF0T1vIoMsNBjhtWipnNkqCAAjkPgAJCRtLhCjQBzKClMsVUiiFxMu8b64+R/4c/9IF37d69+zWqPcJQixYv+s5f3vnR+8QtizGAYpbGBKeiHomZOZVK4d3v/iPccceHAaV0ZKGuPQbi6wiSFDvqJsrzTmQh+ETjHU9aE5nGANLtXXDcGChr6pLWFlDTDnXNhL11DtXkj8Yg4kC09sEhf6ZL7AMTWVTY6ty/Oe9u0milAyZNK7wUrllareSrlTwKoPA0JCCQ7v0AfgHgv1037xSK87LZ7PSsl2rrdJxsV//BU/DCC2VUawyzZl/xrV277ls9Pl6f7Nc5/MDv6T+wbmXnpLOllqgWTMW1xP79/3ltEhjI52ffK8AAEPa7YnFuf2lk1tfoBU3ClUa2vLe9Y8Wz6fSk0u7dNezeXUOhUMLpp+WwdGkOPT05ZLIpnH9eJ847twt9fRWsXXsU27aPolz2ozRE/pj+rst+6+CgQkYIweQxptNX4VgsDBWmANDX5+Oxx8fgOsDsU0RYNbgP7N9f/PGPf3Tptm0vvrY6Xu2RWukEXTqTOTxt2rTH5s2fv/GWW9651vwuLIKkNGbplL8p7LmlpMSiAijNWwsnq8KUYlSrpukJYawEJrdIQCpObaBE5YlJYJJ0tiAFMLTmGfmmm+HJk1zLYOYqfJeWJ07jCMo6M/6zP33/n/YfOHAxLQwD8Nprrvnwm667YYOUBxarRlx/1Dh8lFVSMg64rofVa+RxBmLKskKe67ArYK1MlQrXCp9L4uuN4h/vc6Np50Z5bY1f33R4Fdw0wmOLYesSsJoTxeDkRs+mfMako8W15ibuYvwxzi+buIZ9YCJc60QF80QaDg3SaqXjtZqPVr6faHoAgK7J5zvpdLdz9PBvO2u1oUOeV4CXaofrhluSHSc10Dv9tbel090lsfdfMVdDqB/4mXaDYnil8vWfVXPokfZsaNoD/Q9dPjpqnybI5Wd9bWrv1T+0Hi/MOfr23HdXvT56uhkvne7+2YyZb/iSWPsg4mQyDLNmprB6dQGnzM4jl88glfLgMBeHj9SwceMwHl93DMeOkUWIRpr6AjQm/bU7EOSBReTGQTMOqAbafO2CLb7DgAULPFxwfg5Tp+aRz+UxOjpa/PGPf/TmgYMHrwJjaZdOGbQICgqFwq72jvZdq1ef8+D119+wQQg/iGJF4bQDnkxhHwZQhxsBel0I6wgpr1mvcXK0PbkhdUmdWdR7GwCgTl47TPIGpn9TeTXjRvlL8ud0GysVqiSsYfWwwhwtSkJ8YekAw10f++hbtm7doq3HcVy38upXv+au666/foMtHzKPcrpMHNEt0jHzT8dAmI+hoUFcdsnF6OvrA1qbNpiINfZ4+f3x0j1eXnu8edXl0OvXFtFz1oVwUpSRQNPwTROb+QxYWIoNQCTRiv5rlI425qJf8R74wNCLwL8sFdtPj0L1BxMgmnUAY19FQ9fQyEWIJ4Wz2OW0ZxHXPor1747xCyNOo3w05lbxb0n5sKVnS9cBwGbMfJPT3rH89Mk9Fy8ZK+99vZdq8xwnA8bCrWsAL1Srh7MdHcufDP0ixkCFn9DBHG9wtFpvc+YAACAASURBVLT9tTKDvNrT0bnq+4C5tj0sbq16tHhg/49vq1QOWC0DhcL8e3p6r/xP8wwBlTZDe8eKXw0NPnsFEGiHqvh+ZW46M/lX6VTnKB0Tvh9u+3tuYwVbtpYxWqoil+XwUhyFgot5cws466xJmD49A9/nKJXqqNd11iwWvNkvRArDSCFFHs1wSkMUhVMCg0HogdrGLxJTVcPIcADf5+jpYXA9hi9/6R8+ffTo0TUc3GURAJBgQFgibKCAAT1Tp/72zo997C9+/61v/fGVV1z96PIVyw+Gpm4WAaHwVyyWE2US6ZioQKSryk/KK3uroG3WEZM0ab5VfbKophRAjVkumW1Qq/RlDZP2kggmKlPYRmpYhfhCnQAIhIcXaZAkelHg1+SUeqbk6BD1oVeQlr7KA3RLChO0wnQ/cvsH37V9x7bX05iu61X+5NZbb73iiiu3SzqyvYiQkfVtghBSClMmiDqL/No7OvDA/feL4LXo10cIEMTSXh+Kf2rkE1wr/B6w87xGPLaVNE2a9NmWXiO+34pMCpXQC//+MrhpWOB26CjvMZ8T1sLEwiiTm51Wo+qhsoBaCrToPnB0I7Dlm+MI238MISCsIRT8DeUbBQRmxTWqSNOZQjKJlkOKQBtDcSZ9RDskLH0PSBhBw1xsmJROYLwzI6zT5JkuUuHGs41OAIAdPfIoHxvrO5jOTC6PVw6cHQTVOWbH8/3yonSm+1fp9CR1XCwJI+Zl0+lJpdLIlgVBUJ0RfUmNjw9U2ooLN4PRKmQ4NPDQ5ceOPP7nvl9eBovLZqf+W+/0V/2Q9lMNiHDhx8B5fWel0n+pQcIZK+89M1+Y84jr5qz7Xctljl27q3j+hTIOHRqH6/pIpQKkUhxTp2awYnkbFi4oIJViKJV8VKsB4ZkJg5M4U8u0OVEGsVpdvEvhLb4xGlYHI0EAlMc40mmOnikMv/nNr/9Y5FFZBtQcPqP5p70MQK1WK7zt7X/wb+pERiL0aL61Jz2PoOmGFQEwkK1rTOVN5kdVCCNlVgKGlJleFyzDqTw2NOFHQloCnKjSyaRGJJCTGo3L+gTMeox2FMSGrvqJyXfZv6Myk8uydPYTLxNjhAyNwoAPf+iD79q9e/drqKfrupVXv/r37hJgAALYiDQoh1OpqHwQ9EGHohiLXLRT1LadnZ346lfuBRQfFEBAWAR8hNphEo86kWdYvp1oGmjyrRlvbhTeRpfhnSPnwctmwVzFBM2/Ri4WXqRGOk9iXPKgxZPMWE+/UV6COrD934G+h5IAgTlotPpyoQtzGtAm2G2OCmMa1yyy8Dc7UUC+0TBmWMCeL7owwkaH0qLmEkGbrn9n5J3GodMYjhGGltfkMDQdVMcPsWNHHhupjB04GPiVt4RXK+vBxysDve0dy3/NxMhnkcATpsTIzDteOZip1Y6dI+L59dH5+eLcBxwnW2VgqNUGi/v7vnfX+PjAaziCAizO84rrZsx60xdUNoVEoeqM0mZyuRkHy6O72n1/bBGlw7nfXh7dvrKj8/QH9BRIE3KgVuU4eLCO554bw549FdRrdWRzATyXo73dw5IlbTjj9A5MmZLBaNnH6KgP34/OfLOpSJzwTrGgMgrXbGpAfWfxsDJonFalwuH7HJMmMWx8bt3/o1q7ErCOAhWmwIuq2fXcsddde+2PuBjsNvM9tRAw3ewvAJA4214BEUhazEhYlJfumddrBfobsSCoejO4m0lAdB1LsQkRLTqNp6aKmHUwKSuCQUuME/mZ9AdjNOrKXFiepAXdISmuLMdMTd38+Z+9/0/7+vquoPXhum7lLb//1g+89pprNofFIsBG1HvMmqH6mSgwE5WjdUvSrqLYjCGTyaJUKuHpp54SX3yEAqCGEAj40Z/4Tvk1Va5MnkwzafJm2zsjNKlAtqVn0uVGGJOnmvLAlhezHCJturCO8vAw3M2H5yBVnAW4eieIpUz5GW8clgOa2YwKeZBf2diUFtNrCCSt+IAlaXLAHwMeehtQGxkDMI5wqmAcOkC01TcAcNdSkXS4JIECx4gHy7OZZfpsi0tpm4KXciFzvsikZeYt6butE5lhbQOkUd5NWgkgh28PgvHLqtWjs4KgCtfNIZw2YAiC6oxUputX6fSkkmIARL9goWk1lZ40UBrZ9DrIzs4zpZGtF7pueiOYV+vf/x8fD4LKwoQ8Ip3p/unM2Td8TvUKdRKaJpiYmpvnHOA8ODY2tvfqWKF5vXt4aMMltfrI0ULhlL2CcbOo1IpGWAWDQwG2bR/HxufKOHJ0HJlMqHlnsw5mzMjhzFWTsHhRG1JpByMjPsarYZPzCCgxIQCkpkjLoOpJjjdQMzc5J5+EVTiDR/FEHD3s2BiH6wJHDm+40A+CdjAG5oRAwJEavNCOIX+pmzFz5q8uu/yKJ8Qnvc71uhPfw/SVkBP51SwRBi2VDx7/LvgMYQ1SvpK2Mru6Nl3ABC+SGUW8uyNGQ/ipsqv+Da77WxclkjxIfsqZanfRj3nUniZqEVnjov4Q7mjgalGkOv2CwhKGvr59xb/8yO0fGBg4eD4M9573vPcPL7zwor3qNhNyK6pqAUjAQqpG6wJRQ6gLkyh4CGlTkDJ9xgx88xv/DIRW3xrUFIEABRzxaQMbDzP9bDIhKbwtbFJc81sSferXLC9mnGb83cHNh2Yj3XmqtAzItorGjGBcWoeBYoiq8+mSShtXBjAQfqLxzUFoKxYjndVcVyCj+cDgVuDpT1cRgoBRhOsIxGmFtjrX3ltZQ9Bqo01kiqFReIr6gHghEmrspH0/0fBJzizTbgBvC4Jx1KpHwYManAgY8KB6uFBctFkkLjPClFBzvVx1bHRP3vdHyXFlQWGs3Hd1aWTTazmvd1sLw9xSsW3hPb3TXv0DjRlCziKHGeQ0jhKi2eyUY8NDz6/mvB67G5TzoFgdP3yBnPYwTM48GlyM9OdqDdh/oIZNmyvYs7cC36+jkGdIpxkmTUpj2bIOnHpqOyZ1plAq1TFW9uX9CUxmLq5dS6WMA9LMLYG3QuDSj/B8qtlTJVk8B0FoWzt79YJHho7t72QMQT6X31OrVntDYMDCy4+ExcBAA9OmT3/405/57D1aXrTMk4RlvriQeSSQUR4IIUqmEkT5pXleTR1ovMUUjqTLG+Jd9geRB8kTqZPpcUWEUjJAp9R8iXVAlZMbQMWoK0WGjFRmBOKqLFF10GoO+T9tc2YZ9Qz/9NV7z//WN79x+8jIsGYly6Qzh//k1vfcdvbq1f1hSGbkhak6icAZi5VDCQUKdIUL5U/Yr+haCNdxUCwWsXPnTmzZItlGAAUM6NSBJGeW7v+Yc3DTgR5kJ50Oh0wTKIStnhE9AyajsDybdMh3zToAEg8qLnU2k5X5jfKDoAps+hqw7+FxqHstKgjBgW0NSZysxa/ZKv8kd7JWrDajgxZotZKXVncTTPRbq2EdAD8G8BotgJPFpK6zvzZtxut+6DieXHVMzxcQjHu8eqx4cP9PtJsQG7lUuvOXU6Ze/pVMuqskNC/N6mUIVlua4MB4rXG6qVTnwzNmXfdZQIAYekwtBbdcgWdRTg5Mmexi2bIcli4tYOrUHLLZNFzPBTjD9h2jWPf4Mby4bRSjozp/k9o8zS8plyZUoDq/bUeCqSlTuuXyzt5qZcep7e1DS/K58umc807XdR3msLTnenA9cVWyI4GB6zj1mbNmPfAnt77nW+GVwvpqen1Vv6p7U7GIuUiQ2upVSnkwKd/0sKoP0L34ifkgfYBH1x3LcwKkwBfxSP1KGhEwM+ocnFwGJGqEKF96WBCAE2ZIKU6ktjinQYiCp/IgPxLlj+aenka5ft263m/889dvGxyKHzBVLLZtu/Hmmz959lln92sgyKgH6gcQQKCqgcTQa1Dkh5Gqpm3k1328+OJWXHLxRSIZevshPZhmogcVnSze3WrYl4LXmu8Objk8G5mO5fpSCEDvy6Kzw0CbZvtETu+0dEAawp0TUg3C2iwCln4BINxdUNoDfGsevehK7DCoIL7DwFp3rFmABv62MEnCloYDdKFo21cKEo6+wxJ+onlplJYZn/rb4ielnZSWma/TATwZJ+OeNnnKK0qTulYvy2SngLF0xNPj178ODT6z6OiRxz+bkB+VESe77ZQ5b39fXLIIBqyDg9DPtlgv7IRHDv82dp2zSiu955S57/jjZnmKOWOMZbMMc+dksGpVEaeckkehkEbK88Dh4OiRGp7fNIKnnx5Ef/84fJ9bAI0QgHaBL8YuKXA09tX8dbV6rDhW3tdTGdu7olo7ttyvj67kPNxpUSwwTJ7swku5cF0XAgx4rgfXdZFKp8q5XG5g8eIlD3zwgx/6SdIWv5Ydiz2cHNdshXSjqPp/xxe/iU8zAvYYE6DDtZ+Y6+vrK971sY/eNVIaWWB+6+joeOFLX773A8k0mucjCAIEgVrKFIl/jQIVQSb4E65SqeCzn/k0vvj3XwDUFkQKDGxbEG38rhHvtBYhIWwznm7yRtPZ/JP4exIvp++h37sHl8DLz4O4Z8ZsInJoVdw8T1EmlH/MdEWc+S0prAQT4tkGJ2FBhBzwK8ATfwM8+TfiKuxhxK9AjteFUYcMdqFlC5zkmnUkW+M3ejfTNmmbaScJ72adLqlzC9dosNiem+Un6fuNAG4DsBJAH4D3AfgRorsQ8oW5+Z6pV6wsFOamHTcDBpdoOsD4+EDngX0/+lajgjA4lSm9l91aKMztF37xNTFqJl58bLRPHQB27/ynrwdBfbLt29z57/o9+i7vlYchtGOaIoipO/zuOAzTetNYvryIFcuLmDI5i3Q6PC64XA6wZeswnnxqENu2j2Ks7McAtHmRTnl0Z+/4+KEextwAAHx/rM2vl3qCoFrkvJ4Pglqn748u44HfzsETLxjKZhm6u1zk8x5c14HrefA8D57rIpPJlL717fvenE6nw+uSXVeZxf8XuxMW4Cea/v+AofsjH779LZs2bdbOGHBdt7Jw0cIf/fVf/y25oGjimeOco1arozJeJf00zvPDsNQSolvywBmCwMf+fftwzuozxacy1B50m5UAaCxMGylrtrhJ8c2wjRQ923sz+dRK/PD5j0fXwEl3AY6yDgmnNR/5lqCU6+ZE1jiMfLaYhZgBAtRKaWj7XTVapHMEdeDYJuA7K6l1YBCq7U0AaDrp34w/JXUKm6CDEfZ4px6OxzUCL610zEbgo5mW36r1ZCJlMX/TqdSk7OSei2e3d6ycnkq1I7xVMWy+vj3f/VN6NTJ1jHlHOzpWfHZS9+rwJEMDdNL74e3mShEpDEUXmjEw7N71z3cHwfg8M918fva9U6dd9ZMYPfoo1HQe0pZrDqSJX30XlopCgWH+/AxmTi8Xa7WDPX5QzVfGxtrGx6v5gYFjvQcPjuPgwXJ+rDxerPvjPQCcIBifzcHTDKwutPuT4dIpoLPTQVu7V/dcN2DMSXueh1Q6Xbnq6qvvuv76GzZkMhl4nhdOHziheTK8IY9FRebRmI8PRWGpEIvsIGtdGd/VXDKLeE3c/K45m6VT6wMGb7LRkdIKUCuihVk7yqVmBm9gRhfgk9IV5Zdvtr4IS19iYX0Csj64FpC8JShfJlJev35d792f/zvt6O5isW3bjTdFUwQWE745juIghrQ/9B0OKqY+XZfkwrhcWryqtSr+/Qffx/vf914gtBJQAdHsoCLTNeP7J8OdqOJp+tndjTs9FKZdBSYO52XqtyVQkKT9kzhiPGhCm6ZF0+DmsNDRX6uOc6A6CPzXm4C+X1QQtvMw1FQBBQRN3cupsLzUHerloGFD0iaNRqazVtM1UZx4zzKW8tral/ZMnXbRou7uUxAEWRwa2DxzZOT5S6vjRy5jYPWA1ycz5pQ9r/hUT+9VX0ylOkua6Z9Yw+QCJ6G9EyYUm96KJATV8A8f+u9zRoaf/4hZAMbc4Tnzbn6LeFeCwmYCCxM5NPDI+YFfnlyrD88L/GqP+uwXAe5w7ndxztOMoQ4E+XSaob3dRVvRRSrlgEUnBfo+MDrqY3iohvKYH78/4QSd6+ZecL3CjrbilI2nnzF3+zWvXd6fy+Xw2GOPrcxkMnj9G96woVAoIpfNIh0BAnH5EZ3zN2dj5Kp6WAACJ3yHSmum2k3NQcddkrXH1gf0A3ug+gsgV7/HVFdZCJAV8TbhTdeuKPrSMhQTomR5I1GmSHIyC0lZ0jwJgGA6aoFYj0DF8l1/9TF1AiEPT5b88r1fuVUHI7pAVw+0/CyqQ64riQS0qPU2FAgYCUWdhloTKCLhnKM0MoLf+71XY+uWLYBuHbBNHQAvDV/+n3aKt75roB2ZzgsR7eSSTjYPU3UrPnAajjY0dBqSDu0ExjNgYaaEFl37woz4SfSE88eBLd8EHn6XAH8mIAhgv9TIKnsmcpfBibrjmXdvJXwzE1eS4G4lb2b4RuHMMCJeszjN8kO/VzivOcNDG/YPDz139Kz/99bZ193w9ukvbp3T99jjZ35j9+7SN2pVThhGTO0IfyNmHFuZH8ue2NZHz6nTO2T35PMfHy29uCcIqrO1mNxvVzfWRQInSm9ocOO80dKWS+v18jzO652c13o55y33Rc6RBoDxcY5Dh+o4drSOQsFFsc1FLufC8xx0tLvo6PAwPs4xOFjFyEgdtVowQZMzq7tudqvjZAYcN9ufy017blLX6g1CqHV3MyxaqE42u+SSSzcUiuTIB4sAZuYnphbZ6ZI3Kqt4FFviJF8QlgYhTvSCGexNLVokmVDCS1gGpDoktejocENIqw2Z9tBTpAyLy0ezCxoQSIXhopuQPqYwD/Hi8n4DrbCApW11QEPHhSZ8hTWKm7EZdu/adRn1O3v16u+EWVf7LFQXp4NMivnwfxKebjNXzwoEmYsbQz8BALheZ3Icq/i5fB533/0FXH3VFUA49ZiFEgxVqLsOqvjdAgPHq9wl8VAHt44sgpNdEApbQ/hKR7QfxSCVowOBgEq9gxKBz4xnSaeFZ+qsQAMqraAGHHoSePjdYhqIgj6xiLAVGSPdRADBRBrrRNYlNEujWbxGYCEpn41ARKtTA0n5aUS70YKYpHxHjcyDDRue2nPFlZdNv/rqs/HKV87Crl1DePqZw3jqqSPo7x+DH0B1cvKrTNGw24i4qaURxiXlVaTHMqC9fcWXBgef/LhJZnj4+XntHct3hPHCK5crYwcu8f3yiV8FTFzdB4aGfQyP+MhlHbS3uygUPaQ8B5k0w7TeXH3KZI5qze0bHPTLpVIdQeCWGHPKzEmVHOaVAMD18gOpVMfBdGbKgOd1lNLpLrl1UuwFF2zd84Bp0xzMPsUNzyCIpgRcR78Gmf4JBqEAgMBmFu2dq/pVQkzFk0EAZdkhskgKDyJQQh/AvG5P07ijKQzhr27QVCE51Z6oNNbkoeglQtBGAhjq2SyHVMyEUmUyaoYIDNB9+aTQKilyCVxUzwav5zJPsuTKAsJUuVzPK6E6LtfJXHnlVc+qGzkpDCOWGukT0onXtpjOoL6q0rkWx5x+UWNP9CBtTQFncBwXS5Yuxcf+6i7c+Zd3eADyCPlGFQocmJrj8QKDVhWxk+Vam2J4xwse2udeJRcOAoghPq1hRJtavkl0LPxN5GjRMrR1AZRO9GBLhwIWjfnSZxE/AEb3Az9/PQBOAUEZ6tyBlqcKhBOA4GQI6iRnE9A2P+FOdO3BRCwAreanFYtDUh02Aii2gdSsHMK/+vzGjfX169atO/XU5au7uyejvb0NS5dNxeuvHcfWF4/hmWcO45lnjmJgYAy+L7RLcgUw4nhAMMowqFRjI2ZOmb4QNAydXWdtHByMb5aoVQenDBz4+YpK5eAlPKhN5wiysUATdAyszpx0H2NO2XHSAwDAnFSJMa/kOKkyY+lSpdp+kJUZFi6aOXDpJaf1z5yVRyEfbV0Ew969Y3jqqUFs2lTCsUFxuZK+BU9q1BJHMQ0M9fY6WLzIRcpz5PoAxxXPrvKj4EBWsEiHHHwU1iaE4NMbxxCgUvCEEpQRRqad1gjKv3QOp7R3NU0UJqWfAhBmRwcVKq+Q/tJ6RPoMALm3X9ShJkB5fBsdU1HlA5cgSiRoVpACO/QKbEWXMHoixFU7h/mQPF+Q4ByXXnrZV37xi4du8ev14qLFi/9jxsxZJUGH1p5Wn1H8+KVSUH2Nli+yqqjDp6LSGwBPtDcnhROgLawWLiswlUrjuuvfjAfu/y+sXbs2jRAU2G4/NK9GbtWqSuMAjflcq65VBS4pvTDMrcO98LKrJALUEC+1EgA6EIgDUK2bUc3fNOsDoR8138TCCWZCI4lOLzqfhhBIBmjcAKgcAn7xB8DYALUMiHMHypY6symjML8xI5L5bHtvxT+WUELmkoR/UuaFswngJMHaSFgnpdXKNEQrv2bZkuiYrpXyAICTyWScT3/2c9OvftWrl2cymXALk+/Dr9dRq9UxUhrDvn3DWP/EITzzzBEcOjQe3hXQyAkthaDc5H3xYYCd2//xJ42JNneOk+5znPR+zyvuYCxVzmS7t3MAnlMoZfMzBgCOVGpSSVo4AAjNlGmDSQnETIph5qwUVq4oYN68PDo7wlsXmeOgNOpj27ZRPP30EHbvGsNYxQfTBiiTBaVTMJ2dwOzZDooFBz09KSxcUEAun0OhUECx2IZCoYB8Po9cLotUKg3XDbclSksBovqk2jdhLolrAWi7JPlJzdxOQzujIMlFUlEBiYT86IShMVFVMoOw+UrPCyBpRe2p1wXVm5NLEJ9y1UOLGtLkhOGvzl6gDBlQ+rlIyJ62siLoqapwXAdfRB5Q+vE6DAPzKLACrCovwi/wfezcuRNXXnk5xsploPHZBICdn9ssmEk8S7hmilOzuDZ/Gy39/eYXPRSnXQaW9lRfjNpO68uic0Sv5jSCFhaqD8i2NL4Z45GOAXNMKABA3rWu0ahnA+ABUDkM/OY24MXv0NstxW/SORMttWODlCfsTpaZ6KU0Nwn6aJDGyVgUONFwrVgebHEAwFm8eEn6U5/5zLwzzzxrjuM44DycWw6CAL7vo1aro1arYmxsHHv3DmPz5qN45tmj2LZtBLUq0fRARGlMy1Q9Xa1Gj1gnwwkBAuZ4hwuFhV+dPOXCtUq4ExlDzM+2OwcE42amUCVjjzGgo8PFggUZLF9ewMwZeeRy4dbFwGfo21fB008P4YVNIxgaqksatnVCbnS+54zpDl5xQQ7Tp+ckICgUiigWCsgX8shmc0inbYDAPug1DZzWAQ1tKgs80ooRX1So6iDSLEmSckeCuSbAFICcUkx2AmOYW+LM2NIcThYWEvsC1DG9RjlErhjxAPS1AFEjJV0bLHosaLuK/2QGTOGh55vWiVhboaxlQsjrbcmj45DlpVMSlJnyhIIwOhp5VAoiPCIAQHGHLCUBIfW6j/v/6+d41ztvBvRdBwIciENr6HqCl5L/vjTuvcOz4aRXhmyRCH6z83LyK/qMKegpMjO7EmCADBGVNqiRFhqFMwEBSIdntDFDN34MWPdR4Lkv0EWEdBdJADsgaMlN5PrjZs6stpeKjnOC32lzOZbfwPKe5FopbyugwUaHcrOk7wwAP3LkcOC5bnnpslNP6ezsBGMOHCecS3RdF6lwKxyy2QymTC5i4cIunHfuVLzy4l7MmVtANusg4DxcdAe9D1KBSjVcyHdgeHDjPNv9Bs0cY04lm536/Vmz33xXoXDKXtNkrN5Z9G7BrxFzpIJBMWuirYFhbCzAgQN1vPBCGbv3jKFeqyGT5kilgUmTUli6tA1nrurE9OlZ1Osc5XJ4JbO8MyGiF0TpzJrl4dRT0wi3GqaQTqeRTmeQSaeRTqeRSnkxMCAWgAEGADAbltaBiqL/JvQ+yV9kUzEJjhj51lSDj8KxpD+Sz0aO8jtxQLYEa9xGQF9sSOuCAj96b4Eh1ZXQjSlh5mp+kxszLQKPABcFA1HGyVgwQQjT6MiFuVSAc9q/aV/QGzqC3AoyGVltzCzD/jZn7lxUKhU8+cQTgt/TqQMePdPLj04WLz8eZ+PJyb9/fLCIV/z1FXBSU9VgIW1qdtDY+KEd2dAiaAXHuqkxALTGNfzFr2psPZy5B1YMeEFf5K1yFHj0g8DzXzaB3SBCQEcXEh6XSxrOrQixZnPnjcK2GmaiJv5meW2Ul4lOjUwk/RN1zaY1HAC482N/1fWWt7x1dVt7G9G5lOYnrAacB/D9APV6HfW6sB5UcehQGeVyFZXxKvxo2kGcosY5x9iYj3qNSwsER/i76YWn5v32tw/dHVPIwmQRBFwDGQ5zKvlCx2OLFp1/X1f3/H4NpEda0vh4gPHxAJWKjyNHfJTLNITgyWQPPzEJqEOQCCAn2RLj0XEiq8H80GowY0YOuWwo4IOAYd++cTzx5DFs2jyC4eG6vEOBg6NrkotzVuewckUOqXQauWwO+UJeWglyuRyymQy8VAqe5+lgijj9LAZReUIMRNqhTVMwyiJ0WLWvPRJCHOSCHErfjB9/ppook5UY35pHaakU9O1zyowO2NYAaCyRvMS3B2orHLTAqryQspMzZX9QSpntbADKp7nGo8UoEv2My/ZQ+RfCX50pw4lFQKQbtRFXNPUaE/lWAMIgr8oVVyshbXfcrH+OwcFBvO6a12D7tm2AmjIQ0wd0KyKgWwomwt9ORthWpnCBN/6nh9kXrYSTmq4AGHQYoz0zuz+tWBjtaoJVTn7NPqAJeZs/QbgiXfpdpmEZkDwAxg6HYGDz16sI20lYBcTUz0QXEVrr3wYIjkfAmesGxLON3kQFvul/ssz0rYZplA80iN/K+oiTASYc+vuFL36p55rXvW5VOpWKGpcwm8iFAl38BggCDj/w4ft1+H6AoF4PAUEQIAj8SKCHYdV0RPTLw618H7n9Q1+vVauTEUstyhxz6oViYfPSpct+ev4Fr3h2as/UkliBzhHmoTJWx8DAGPb2jWL3njL27avg0KE6qtUg0nKF9kfHTCQ8yPPP1wAAIABJREFUBRAgmry+pzvMU+hv3uEQHjI0a1YaK1fmsWBBAZ2dWYSnDHoojQbYtHkETz91DLt2j6JSCbBieQFXXdWFtqIHL+Uhk8mEoCCfD8FAzj5doAMTfccHk3MlhKEbwsMihhX4k7xGvCuApELTyGSdiOgqUOBNT990XIsWM31LSCaypgsv0DwzxOsFTBOuOhARTgl6qcxxiyYugaKtBHSxp5IBtEycfKfpUiCCaBtorJaiPLNY/iNwIZ7l9daG3UbWj5pq0YSXATLVeOCqC3Ag4AGe37hRbEWsQ4GBEvkTUwfACWqaCa5V5aqx4vj+odlw0uE9BLT/SkFNQnPqbyCrGJAgiE7SNBgFYMRh+jebycz2LYa+ocJo/SQARg+EawZ2/LsJBkS7tQIGWpI1IofHM2/eyuK5VjoAoNOxvVP6NsDRKEzSgsRmaU2UhpmXVr9NJH+NaAGAc9lll2fvuPPO0xcvXtKp+p+hqRmRwj3YRPMnf+K7tt+dCxOpCvfUU0/2/vQnP7lmaHBwHgDk8vmBtra2/s7OzoGzzjr7uTNWreoXDJBzjkqljuHhCvbsGca2bYPYsnUQ/f1lDA/XUKtRAcYjYWnDrir/5ncFAJLjqbBqbDoO0NnhYuHCHFasaMPMmXkU8qGmHwQMBwcq2LWzjM5JKSxf1g7GmLi3IJwuyIR/6XRaHkikTxc0d3HBJ+qCatHEOmKEsm4LNGg3y4tuBUjIj6w3XVulwjiWN+gKlK79hhGVlqvHBfG38t3oVwGLxNJZfZj5xM0QSiAzs1oayIFmTlhOLFVJpiKaUkmgrb77dR9f+9o/4a8+difQ2l0HQOMFzub3VvlqMx5n573vH2qHk74gPGAI0Csqeo8xN+hhSX0oYT8B6wKggIX8ZgAJZoSVlgOoAFbLgFGmoAYM7QAeeTew72ExTVBGeEeBWP9BD5hq5myKqNYeNOtJQuflXmByolrzyTbxn6hF4kTrcSLpOwDwZ3/+F/mbbr7lwq6uLtIR471VVw55IgPTNEH6TDXPRJO2mAKoY+fOY9i+4xg2vXAYO3cOYf+BEioVH1Qjplo+SSjKL9WegdhNfUy/Sc+0FFCQwAESVoxPdXgPZxzplIMZ09M444wili5tQ0dHNlobkIruLPDk/QWplAfPSyHlpeClPHjkxkNtdwEnWjlhEJRx0ydNQ9beZSsS4Wm0ARW2WnkjzTpiTPrJeDoBTZFR+qzKHJHOXPtPWQB0+a+3jc5MTduSyCfUVIBWNlXAsM3MKlC0eRRe58lqMSJnLDqDIL4eIN5vVL3E+5EdqchqklkmdRkLq6dvflfyhI4/QT9Omfb/UmkEr33Nq7Ft24uA/RRDIXiA35VFhu89mEaqeIU6djhyMaFNBC2H3kcBNBT85rkWGhCj6JZZ0tX7u0pK5AdaH5dhKWo2w/tV4NDTwC9vBI5tMo+gpm11Ui05raksjZ2J5ppZFlqh91ICgkZhTmQ9AhL8j7fMxwNcAMBJp9P45Kc/0/OmN123KpVKhb6ywykhKbUSCD7ONCZHIsJk68ZII44wdw5UKjU8+eQBrF27B9t3DGJoqIJSqYZq1UcgzJuSCUYUBCBQp8tA6MJxwcckIwQV+sT8ahMyEnyEb5DbzaS/Yv7MYejs9LBkSQ4rlrdh5swC2oo5ZLIZaRVIy4WEKTlNYJ5BwCOJwLi95qj2IvKi2cMlwzE3zRlkJFPicjtm2NxcKlJhHkyhEwcjqg4ZzJTDarfEpTwOqs00UKZ90yU95zKDsHwmkW19Uhf0gOLZSiCTeJoANWjEShZ3ep80ITNkXxJ9WeAlNRxpZ7C0B20/C2giECWWriIpxjUHDzieWL8eb3j9NUB86kDsYxcH2wAvzdSBzcUVp/cfTcPLXAzmRheMMaOuYBfuMpwaL/EwBg0rkKP9xGgTLT4j4eknAhJMRmR7F4CgXgb6fgncfx3gV8S5AgIIDKP5wUPHLUNdNFvFqX6THCffRTFtcZJomGFt4RzEq7BRflrJ80T8KT0rvrT4Hw8YSEqH+ie1i+x2vu8zz/NqK1eeNq2rq8sLBVLUaSPZovzCPyYEa/QWBYJYYS12FIR/JCwxh8swUXwGwPMczJhRxJo10/HKV87EhRfOwHnnTsWZZ3ZjyeJ2zDklj56eNNraPGQy4e6IwCcCEYqusAzQtEQeBJJRpwKqY2np6n4RX5UzyivR4hlTAlj4VSoB+vqqeG5jCdu2lzA2No502ofjhOc+BJyDR4svhdPp2RgODEjORQVHzJ+RE1NVWyV2U2Fyl8US6YoDgERiyXTkqYgye6J/RCBJy0eDvMj6h6xfVeA4DdOCqsqgfqU1w2DIKp+qj9Dq1apfO+VQ1UUoP9RWyKi7SMUupEGmCvSGgxRChiCQAFv8atVl1gdZGChoRqSkvIjyQfOu5UdcmiSBaDiGVQyGqVN7sGP7dmzdukVYFQPoK9QDhLsOBF8zG5ry42a8ljrKu8z4qjI+MMpwwYfPh5c+Fcxx9XKSuokPIPJZdLzoWYBA2T5GfEbjibBmP4Hyt31j9Ff0U8WbCAM16IswQbiTYOOXgF/dXAevVwAMRX/HAIwAGEPz3QSm/G4wUDXnJNTmS+pOhkn/RGhMVHs/URovh8XDDO8AwO0fuaPzllveuaZQKEAchBMfR5QLg6BcIcygrF7mAGQylHrn0PaKm2ci+L6Per0eHpwU7XKoi0WM9Trq0cLGUqmK4aEqRko1lMt1jFV8jJbqKJfrGB8PMDbmo1oLMF4JUKtx+D5Hrc4lmAgCjno9XPyY5BgDXJfJcwUqFY7R0QC+r5/kGJt6iNh2W5uDZUvzOP30DsyaVUCxmEMum0Mmm0U2k0E6k5HTC+aphSIDkppSAbU6tk4lGIoIJ8crA2rxGiP/K4HBLX1AT0NqsVKu0QjqnACNDK0fy6/Ok+gxv7omrtW3CGmaZWUxIs2YqfzSqQg6JaLPxYc0xdHI5kJEqdTJowtt2wrNZoloCSAg0iHgSrdoqPrSSm+iBtIYsakMWoechTsq6CVKZq1xle7evXtwwXlrRCp010HSgUUvPQ+7dbuHwtTVgNulCVLRICCNJCEEU/VKv4H600qg3ygNI47qBEY8GOlY8qHFpeON5tH4FesFfnMbsPd+ul6AThEkHTo0ERnRMOxEAcFEFh/+LriTZYq30QBaq4v/CUAAAM7cuXOdz37u83POPe+8RU4k9ZQA59oboAR+yOBNTcoAxVrXieKRMSGvoRUhuH3RotjWKLY2+r4fPgcB2eUQIPD1d98Pw8h4QYB6XfmH71x+F1MYGlBmCM9riMZ2dTzAtu1jWLd+CH19FdRqQayu9DIDjDGk0wzTp6exckURS5e0oXtytNMgm0U2k0U6E59OsC00VGJWT8NcMiD5IwlH11eYbSNkjFRYIoKhP6MdIBIqNB+KcYr4pFGjLBnTMwn6iJgK0D5HD5oQ1xIjADVmLif1QUComgDSaUgQwZTQlqEEoEHytkYls41zCcSjrEpO2qgBiyUISNsqqWVbLzGdSlPgmyk/VQ2WxFR+giDAPXd/Hp/77KcBtW7AFD4vz4FFt4964Gw1wLqUJ9MrQjPZm3VKhTF0QU2/i7qStEU4S1wZRvR/A6DIuEx/pgCAkNKuRaaOc6A+Cuz/73Dx4Mhu24FDx303wUTdRAHByXbHI7CbCd6kOf5m8/u2MI2+tUKnlbwdbzmSnEN/b33Pbfnb3vu+C9vbOyA4jtQlNTttXOjpZlymfjjVoI14sdVWMbIkKE/8nfhfQLZHhub7gHxXwsS+eJIClHK5im3bhrF27QA2Pn8MY2M+CajKozRxNdiLRQcLF+SwcmUR8+a1oa0th2w2BAdiB4KwGoh1Bo4TWvUYoSuFHalTaVCOBD81n+sL0YzmILQEPzPN6qo88XphzHwneTHCahqw0FyFALV0k3h90lxRiJqwQ4EWBgaIlfWmqoXRdSmxciEGgkV/oW2sbWEFGQMxoBZPSL3R7Z0qv/btmbQdaGUZKEJuy6X1x0gVie/h88DAQZx95hkisUbXJAOtCaOJaaq3bnNQ7L0YzI3uOKENIh5M4Q3CY0h/jz0b9RRrGIsfRbxaOrQNKSgw82YZVDIPiA867gPlAeD5e4H1H60jBGDCUiMAAbUKTNQqPWELdiuA4GRo2RNxNoELNBekrebtpdpl8FK540lfgoJCsYi//dtP9Fx/ww2rQpM1IJgCtXpJzSIGZAXTYeoIYamQ6KuzBUOLT5eHHnT+PtlR7SopSFy4c/UgtUP9myKq0SZapz69UUelUsX27YN45JE+PPnUIRw5UlF0xb5xYvalz64LTJ6cworlBZy2sh09UwvI5bIROMggk8nqVgMnvDXRcUJm1uoWxXhdNay5ZDJ6pRwHgaRYLdJq2Oat05jox5hvS0nZxf7EXBy4TSg2D7V83SQQB/RiPHNtwIfgIgg4PvuZT+EL99wN6Mcai2NwXxorwYdL7QA7D2Be3BJAnqVwNhEjFcRGPOuUAhQ9G9CwTQEYVqE4sDDzS+Ka2FyCCuLvV4DDTwO/vhU49JTtfAFR/8DLt7DzpFoITpagfakF/v82QHC8ToKCd737D/N/9ud/cWFHR0ekqQkBZtcURQdmBAzETowTflF4HRQLVKEzqkwqBc+b4GnZMYCiu8aMlDd7jBELFQO15qFer2NsbBx9fYN49LF9+M1v+rBr9wiCAIrHkLqSGl5UdY4DtLe5WLSogFWrOrBgfhsK+fDgomw2G1kO0tG5BSm5XXGiZxccl7NWRHPJdHyQ43hcA4jw8mUi2bWchxOCSlYXBAGGhkeiN2MbJ0CmZyzWFQm+OHbv2oULX3G+IHsyrATJ7rYXPRSnXSVZE4MS9jHNm/IOIuCFM5+FoDUPFopNBYhni3+jbzZ6puC3WiJM+gFQOQJs+Sbw2EcAv/KybSlsxdm4zfHumz8ZWw5boYMWaB3PosLjzf/JotMo7ETqxIzntLe346//5uM9199wwyrmOHELgJBhXC2CAkzAQEzExBQbAwHUpEwXOMnLdRSdZPOzWo8grrOlJnIJ/Dl0czhhiuYFORBvIk0y7SFGtlK2BFPl8H2xGLKOWq2G0dIYNm06jF/8sg/Pv3AMIyNVmQHtDAXCl0TJHAfo7vKwYkUey5YWMW1aAbl8Vk4pmAsR1VoDRwIDRsoSW0Rnub5ZLz+XZVTYTj+kKGaajtUl02kRX9WOwnJDz4kwQkd9TTRorJ8J8znVzgynph24pT5UWcyDmlRr08oUBImfyK9Zl/pcmlFv9vq1WmDELhItb+SYaYotqbCE2JXBtFi0foUVy0zSLEMQBLj5pnfgFw89CEzssCKbs/OpO0pzEGB57EAhkUfOSIcm5eTRN9NsbxXu3Cgjg5rTF4DCsATYBLigZ+2zNF6T/OidIPz1x4CBJ8OFg4efFpYXupjzeKYIWpUTjeJJ5xoBOPkz/Vsh3mhLnAjHjHczPCN/nMQR4yZA4zw1y4vEkgZtWqn0W7P6ML+Z4IAb3xptvaG/NGyzspppaGUdHx9nU3t7+XnnXXBKJpMJvUP7ffgTlYIKHdr3wwoiDFCGI3QgHum3KLjYCmXQ0cJGv2J7Gt0GqYVnVKCr/FBBLpzg7wJMMEon+hV5MsGAKDxjoRnfdV14nodMNo3eaW04c1UPTjutC/mci2OD4xgbq0MUWNapAXQ4B8rlADt3jeO5jSXs3DWKWnUcqVQNvl9DrVZFrVaTuy4CPzwWWp0UKQSUWQ6RV1EGmwAEKb9iZpoFggtxROMz7ZfSitEVoI/O4VriamWI/lNglFnKENGUXpyUG7Jvhd2Rk/h63Yutp1FtRUDVKCKH3LVh0lDF0etX86ZCzlAhFWCj6UV9moLI2GgPPwogQ8GAIqS3iT6IFRkhd1UgYMrkyfjBD74PhPKgBrXlsIZwyoBHfmazm3xa8Z7bD3u4+I6VuOgjZwGsB8yBYhJm1pmqC+HJib9RTq1AWidgelyIwnLynZLRasxwtrQFUCFEJPBi8fqW2QyA8n7guS8Cj/wRUNpTBTAK4AhCq8Bg9D4GVfeiLs06Nn9FLtAgjNlWiWFtNSHc74qpvJU1BDSMQ/ybISszzPEuckxK62ROT7Q6xWKrL2fuvHnO3ff8/bxzzz13AZ0nSFxTaB0nVACRcPTVHEeEVoxkhNataxmUroRIYuigRJAm3FOjb8m/OIxJjAslfIyCcAUiwqxwGd/cQlmr1XD4cAnrn+jHrx/Zhx07R1Ct+hLY0FzLc+YhxDTgOAwd7S6WLMlh+fIiZs8uIJ/LIZvLyrUGSQsRGWWGZoGptqs1hTqsiNaTroGCCEboQtOsWx6rPZW8xiMt2wtF7m154ArIKKtV/LwCUa82i4hChFQQ8KhsRvXwGJxM6Mzx0nJNwtvCEGASJaT6B6ymfBuIEt8UKDDSscS3vVJkwDnH6OgoTl26SHysIH7xkWnCTuZp73vRQ7H3qobHC4tnDTzRbxRQCX/RmbhOB4BuCTDawnapkfZrHSRQHdISX9DX6Ij+Qv05UCsB+38NrP0zYHAzXSsgdhKY2wlPRMM/YfnRaEI3Ce8kOVNznui76Z9ksUjAvlrzmHFs9G1hbHFs6SWlbftG02zmaLmTaDXzt9UXGzx2jE+ZMqVy3nnnneKJOWqTsVGztImOI2sC5U5SpgitnanKEuOc0gqfxcFBTFo0BYjX1t6IKQlhMTCEc9PKoYoBF3mEziBEXCm8hMDWpxWEBUTkPbxe2oXjuvBcD4VCBvPmdeKcc3qwaFEH/CDA8HAVlYovBZWoO1FPoozgQGWco29fFf9fe28eZtdx3Qf+6r6lXzcaK0Fwl0GQEUGJuyRqo2hZjmmKGTtOrMhfvihWJFm2lE9KnMw3UZT5YsdL7MzEGTmOJTtO4vEkdmRPnMiSJ5JlLRQpkSJBUiQBklgIkNiXBhrovV93v/dq/qhbVeecqrpLd4MAKdT3db/37q06dWq59fudU8vd9dws9u6dxuxsF83mIrS2XoNF9Hp9vyWTERRf4KDdyAE2zqOSGARNm5nK8q74vF4cLpr68Vv8BCsgj4rVReVqmKrP61fTCQf+SV88ZcdWNhVg+xglDyRvdqIi86DALYbVtm6Cty6ClZ1Zl4SMULjWEsxytex7Jsx5B6QtSD+nNIHWnfUA8CmevCziuUp5E+Bqw0+3+bUuXN12u4VTp07huV27AA9KffjtbnabTR9SWRt+cXozfvDT70Fn3Y3GG0AGi4DFER0k6SL9mXdo+klIhbssK0NxWXRRIHXHCA8Z8zgk9bd6kofE6mBDfwE4twd48leA734K6J7uwngBzsIQgUn4KQJbr6wGSkIdjCi6x67TkwpXGsrAtQr4Ar6zVQVAGaSbXsa3LV0G1tJdH4uXyitGaqoGKqOMjFQJblS79rrr1Lvede/1I8PDHmzzh8JaYdHT+8iBJ1YgfV5V/nBYUKUnFRIkZFMSFJsYeIhny7rDaTWw9QluYaPR3T3Gmp64lyYRiqwlsODl7pHr2klWTqcsn07IsgzNZgOdThtXXTWKN71pC+64/TIMD2eYmlrEzMwS6GmRtr5c+XLC0u8DU9MDHDjQxc6dMzh+bBaDwSKGhswrqntkOqGfTyd4bUmDKw/s9rcBBD/I2VXntH48AGsHiO6EQlsPwq3rD0UibeRAy8vx3IG2Pn9PAG1njwV8jQMPEtBJ+5MYvj0pceHlcH3bIXCIA+5eIMOKUK64NGfqjGEHQhAt/VoOeTYFIUiJWuBKhMBln0NXxQI7tQZUluFLX/wzwGDCAMBC/mmnDfrg0wZGwr+YfjPe/b/fBahrkZNnp62yCkjNSasw0mX1V5F0pA+xUweFWBWJD6qX5gONH8C4LgHgu4okccHjapgqmzsF7Pl/gG/8PeDko4uAnoUhABPwLyaahT9xME/oMEOR73Uxh34vw/YgTWkfuwDhfE9VxBZhxBcG/v3xDK3Ra5FltwGDMXxm6Ekhq6oL/5WeepHlygBko6Oj+NVf+/VNf+fvfODu2BwkEHl2kSDIGigarGNb8XxazeLQ6971K/oxZfZOhvKAKvSPykjqYAcBOzBQ4Ct4nnRqy6LZnWCmE2bx5JMn8cgjJ/Di/kn0etrpJ8dCKtcWpNEAtmxp4s7bR7F9+yguv9y/Xnm408FQp4N2u5XvUGgiUwqqaDrB1WN5SFWhJ0k6HLctSZDz5SxlWIdBXeR1IM82CJUgFemICI8YfeEQSHMrGpeP+z5eSg8pRLv+6PticRnoQkqfOSHAsTbI4xLa4Ygw0yUpg7SiBsbGxvDWt9xlb8ppA2vJmmmDTx/dgM76t3H4UFx0CloYeMrr5D5X0efB4tF+zR58LiOWX5GeND8nU/nPQJecHy1MAcceBr77aeDcbrpokE4P0EOGbKiGR9V/y1A5fjN2sUAoECpPvxdlXBanzhx5UR5AKIfmEZPB4/18NwOyGwG8HloDizPA8W+PARjJ0y2KdEX6p8pfVG6pb9UdE/YzGn9mZgbPPP109/3v/ym0h4b8ACKYOj0Ax7J8t9LcehLEqMlc48SlTQdtvoLdA6MJJA3Es0eieGuJrC8oGvhyAPSvrTUPtj/OFoxQ+AefHxyTOpbXyrcLIs0ixAyNRhOtVgtXXz2EBx5Yi3vuuRZ79pzBww8fx1PfO42FhYFXD2B1TrGu3weOn+jh5MkJfPs7U9i2rYM77liLG7atxeja4fxExGH3giV7roFZY0CPSvYAIoZMUU5Wcb5PWCKheTylSFw7FWCrVdPrpG8I7PDcRbjgNY1HQNPTESczDsC8E1ES63YgyOK65pd9Sx5xrLjutr+4+qB1GR6DTS+ovOzeK6Ej7QDW51z/tQSa1C1dVxMQmTyyn94z/zdv3kzSIAPHhgw3/FATf/2334B112yBaoCxkRjgRvm0FnEjQEvdKWxxheLpXdOIOLTJZN628ShrdOOVCqoqIFeK6Eo/e3PAmZ3AM78J7P9vgCFP9Djo1KuKY2vequCDDVUwsyp+ZgAGzdjFRObyeozhVI2TIUyTAsUimbE8MoShSD+vy8fPZmiteQOQbQUGhggc+NJRfPVDJwG0AayDP+O7K2Sm8k7pUMToqsSJ3U+Vz32fmprszc/PY6g9BO46AwIEds+oX+HsbjF3uubJhTvNjbVKpCcDF/3GphzsVfu2OPuQ2u2IYuwz86VeGZ1/Z4O/+0FXtGsywMC7vC0QiEGPW8VkFMqnBhoN7XYntFpNtNttvO1tI7j99itx9OgkHnnkGB797imMjXV9mYUqSlja0zMDPLtzDruem8Nll43jtltHcesta3HNNWvN+xM6HbMIsd1Gq93OFyFmfhEi/KoRe6gSbTjHjzRcG7iKZQMwb0tejza99vWsBCmwUsl4S9M7ApnDFaw+0KRdPPZqUBm+EPKQLAreEpS1aF/Xs7UyAA2vk5NBYuvgC5UDT7NtEUk5tEiXage3roCQAFdmLeVYCkUIUa6JArjXXZl+ev97H8BffOXLNnoGoI13fHID3v7xTVh7FZA1vfKkbCGSWp2Uq1/Htmwy2962E0QIEFsswQiGJQhi7GLTMbbPCqIhBxaqUGz6gpEL7b8rBfS6wLl9wHO/B+z6HMAPd6LbCOnrpKuO2UUYUIYlKeMwhu9Mhl1UaGtCo/qagrK591gc+1shnYfVQRZEykx9xspQNKei8ImFFt72z9+EZud2KLUBvVng2MOL+B8P7Mbu/7IIYJjEX4SZV1siOlKdadmKFlLWWV+QKqsNZfXhnoZGo6nf88M/vHHz5s3DwSl7DoiDA4ndwCG37Fkwi+5ntwMgOdUvFijG2webnlXg5hXZ/HMkkAFOCrfg4UtDR2D74Q9asl4ET5rk/vxIOdjdfEtn7jEwXgNDDjZuHMbNN1+Gt75lC66+esS9xKnf15xUCaJhByUNYHbWbF985tlp7N8/jaWlLlrNHgZ6yWxdXFpCr99zixDpYkReDxLccyJiiYmt09yStfPcSTc4CFm0zaZJNeb5a1ZbhJg4AkHIAsUSCoJRQPKLUW1zsTMCbFkUP4PCBvocWDkWRAHTR+U0lQ8e+DgYe2IBIkcH6chX2+zwvzU5aCh8DLwM6m1yFMZ59jTf2k/Ci/v2YceOx4FN1zfwV3+hg5/4d+tw848No7MByBqkEeAb12sZ1CVA4sm5GAf0sg/R30KeA3s3WJA0+fPCGpoQCmntU1m0/0mZ9rsisgc9YOolYOfvAA9+HDjxbbuNcALmrYTj8IsG7fSARhzTUphQdRF+7B418FM4EU2bHt3qh9WaK38l1hAAwAAfOdTEyJV3QTW2QMGsDD2zE3jwH7yEU09QXSzLi71xqoquded46LWV1Id0HWUA8KEPf2TkX//Gv7nXWhwAoqDugJEMkCwQrLLPmHWv+weRRIQHAgV4N7QFJgITzP5KEImYMs6dS4gAdb+GVilNbwdtRWSF2afXyOf1QQdvB37IgTlfa9Dvo9c3b3qcnp7H7t3jePDBo3h253g+naBd/TlwDYvrtMkyYP26Bl5/0zBuev0obrppLUZGhtEZGsJQZwjt9hDarTaa5AVL9O2Lrt2VKz0suNrWiE3HuDLnnUDGCembrDVyjVa4u0W+C1Jp29pPSVkuER7A5NPwwZ8tONW0/MrdZWXQIjLDLNvOeb9TXgotDgNvSaTzSnXPptWJZMdUdtMIrvAmHQFCRcsqG4T0z//05R34taeGoK+6Axhax+rJA6hGdCsfjWvjpObnYy8qcrs+SB6a6mtBn+YriFRMPyDUl5FZMbC5PAkhsH1m0AdmTwAv/nfgyf8DmB+z6wRmyN8UwnUCqbFdXovFrRpWBTfrrCG4WMJywJWHTyx2oNRdUGoDAED3gKkjwI5fHcML/3kG0G2YqYEe4ntxUZpHHX2K3UIrCTH3U9bv9wf9fh/NZhPUpUitf3LRf5XS3bNIVvRIJjf9AAAgAElEQVQHD6wI2ltugcXNFqKlSUAAxGRQ9FMR5reUEvUKUhIBbv1yNzQIYFi49IOxFa3zsvi8fabmXQX5dEKzgVar5aYT7rjjChw/NoVvPngETzx5GqdPd2M2lxeZf1HaWKATk33s2DGDJ56Ywfr1p3HbrWtwyy2juPqqNegMD/kpBfL2RXq2gd0JEdZ87Bpg31zoK4cDsHaEQQzAPEl+SYefyA9JCvpDThmZC53O78fIHNeBnhDhdweE6wDcdEIisOjOs6G9lq7r8F5r+6z3hOVGqOtgfveMq8dII9D1IZ48WqKi8/SC9MBfOzqb4ZETLXz5cAuPnPur0NsEkFugZdzN9ntx3WvFPsKH0F4nTCdZxyGl9FUpyIBcoCEZIeeCsS4VdmClciJwEnjpi8Djv5oiAvJURyC+bq1ojcBKxvxVMaJThKAKiNWxYJe7QKKObBvSiyw+0WtC6buBLH/NpgYWp4BDXwW++fGjWJjIAHQQegSK5oDKdFxpQ8XqrWjRSJkcKIWBXOnPpw/ywRGKrOvxDxd7hwEb8GB/uGvyeFVnMWk/KGueiImxJ9gFpj0z8zkJcLlTsk91hs7HSqJ/PqjwlySZwHiLBrH+c2CCGHRB1CCBzkBTy9xOJzSbLWy7YQjXXLsB733vDJ566iQeevgEDh6cRn+gc7AB7FHOILLoOD0YABMTPTz87Sl897FpXHtNC7fdtgY33zyKdWs7bIdCbDGiffsiBXltrU1hNFmPkOKls63HjTHNQY6nIPF9rTs5PgaxHAloO88UaUN/5LJpK02momyF2d5J4YhPh5C1DDk5ca9PtqSWejEiJIRvk/XA7/FL+3QR/LOi7PoYTQRRaqPtq6U1yZ6Vy1zs9hW+e6qJPz3QwqOnWphcyFgbsUxZfafahn7XHKipXBW5zpSjpDESSRJIGU8pIUfUgatbIdddl3nqnAj8f8D3PgOc20uNRLtrgOIEwDEiMMYQjtV18e28xo0RgjoAYz/pYjrp+iiqlKqLJ4r0KicYP3cuQ2vUHKGJ/CnuLwLndgPf+ScTOPy1Lkxd2Ma2W0ViJ0jV2QEQu79cME/9rlJHLExMTKDX66HdbrsHhg/ogLPWnQFCQMfGDdy3Lmk+hPMHzxJwv56A5Bl5/t3hMsIC55YX+U+AwXkfFAEbOrCDjxXBNAA7GdHmQgrorsrBi4Ao1SO/RX+b+xlUfrCTUmZ3QrPZQqczhCuuWIsf/MHrsGfPOB588Bh2PXcWc3N9UybbDsqSMe9ipjs+lpY0Xnp5ES8fXMRffm0Ct906jDvuGMU116zBcIe8ZGmo496jIKcULJA444u2D+0POWBSUPP1rf11iy+UZNG2IJ4eb+3CA6eS0GEFUCLidxGwJsivS2ziIM71oPeVXQ+TLzT0pyzGUI70OYdZvm2Utm1HsnWkRkITB1Q+LabJ88BQ05Gj2R7w7HgTXzzYwjeONXG2q8DbS/sH1JWFAi1Thnzn+fmKVpzcMK+jve4JXTwQ2UxPohtUsf6u8VQoMwh5Wp17BF7+CvDkbwCTB6RHQBKBFBaWLfaL4V8VA9eGOlhSSa7cZSCVLhKcAsaYm4SGorlyeT2VTlaEjGOufWy2iebQdkBtBQA3oi1MAC//T+ChT57FwoQ9HMJ6AlJbRFI7CFK6xOLJ77FyxzpVjGQVpZF5pHVjz6kFOu3sDjuY6fyBCx7d/Fmj7tlg3hYgIJoYWRjrJxqRMYMbPv6/GxrEFwU5eCAycIIANZHFNrQLqwHUha6DK0R7c9+N7mJgpQMd+HRCs5Gh1WxgqN3G3W8Zwa23bsGRw1P49iPHsGNHPp3g5ofJwC3rgmg/P6/x+I45fO/pOVxzTRtvf+sotm1bi7VrhzE8MozhznB+rkE7P9vAvHnRH5PM20Yz6bQCNWlPHthiQtEVrAXMp640K54hpdKNL4kb2By8tZwN0eNYJFKxMtKzHMw0QN5rKBF2/xTvjK48RE+jPJ/KYMp4tuM9MXxqwehFCEAAppZsa8wsKRyYyvDFQ2187WgLp+YVegPJ6pTXX/Z3zcR6YGXVHQNdU8446OZxnbVhZdM6IjoIlXz+Gmxqg16HlBvrK5Ew6AEzx4GXvww8/VvAuX3UIyBf+ES9xjbEsCw2/sbG/9SaglgeMmQF92IhRiQywBMCqViRopLRFFntdebOZcWl0lYjGB/vbkXWvIUxxUEfmDlk9os++9sTefwe/Ksn5Zu9ishR1amDuuWR16q6mcrihKRBjM32+aFTB3LUpnY0fW6tBeMOubMpmCVAMiHQoJWdmqBnIOTWIH2ArSsYnoCY9H5wsFv1eFo62EsiQSYuyFkLWvlpDRMI8AnzTQVxLEXQfucEGcCVH+2JNwWAcqWHajSgsswcj9xsotlq4/U3DWPr9RvxwHtn8cQTJ/Ht75zAgQPTFmeo+qR0uSZufYbG0pLCwYOLOHjwLDZvnsQb3zCCt969Dus35IcedfL3KLSH0Gq30Wo20SCvZTYAmZc4z1Pbuo+GXAtpWYq1Kkrby3zxp/2hSft7cEb+eNvykmkpgBiqllFycsenxeztiEWpfb4sMtPN/Ha7UwgJdrsKXB3Y9Qp5fQZVkp/JoIgehBRzHU1iDWBpADw93sCDx5v4+rEmDkyR3QExMhqTRaIwoA5k+LyD9JrXc2VQZu82SOilY98luxTEhZEWQSb6i8D0UWD/F4FnPgdMvVxEBKq8d6DOtHJqrE/JqOMlT4UY7g4APmVQd27DBsl2yl345y9k+Nj8ZjTad8sHH70ucGoH8MingFM7pnJd6MERqUWDVVz+Meu8rD5SMuW181ZnGvzh037oJHHss6T9YGkRyA7CZCDVJIqTkV80cpT77r/ZRH4AdZm7gZOPRHTKwQEAXdNAHn4b0+O2Jx1sYTMd5OGj67wQzLbK68NZ6FqD0iVaf35wz0kOIRTKlk3RBXR5zeRrDLTK0Mp0fkRyE0NDbTzwwCjuvfda7N07jm996zie3XkW3W7fywc8WvsC+rbMSdDp0z1866EpPPb4DG56/RDuvHMttm5dgxH7WuahTr5LoY1Wq+0XISpzIqINzD1v20w+g3n5aFsp+LpwlactiWEN7sTE8MKuazFrX8C29QUrFVw6RVz+FntJqgjY0OkTRu4Ucs8FSN9gantZOu/3eQTvESGkgxQixGDt6lEDmF1S2DvZwF8cbeLBE00cms7QH/ioAcj66vAPr/Q0MA8ZTcDV4NdJPPcg2LwlgUF4TZTPfKVxSF+2zwrdnUA9cazMNj+hR78LTLwM7PkTYNfvAXOn6dTAHNJEAKg3LteJW3dqvI6M0tBECF5FqyBjIWUVVyUYVRcFFsv48FgTQxvvM6do5cGakUvTwOG/AB76ZA/zp+kbp2LbRMrKk2RX4vpyyEAqnxQJWQWyIJk12HNj5znZXDgZhCnYxGXTnQNyW59DbwalEePRS3PXPRmxp9vRAZySCEZ5lN0jbsc8lU9HkPxtGjKweyF2APcK+nzJxAGtR4S6IM/feHdjg6Ly4AJAKYVmswGtMzQahhi02228JZ9OOHxoEo88egIPPXQCM7O9QA6di/cg6C39hQWNnbu6eO75Lq67dgK33jqCN75xFGtH89MQh806g6GhIbSHPDFoNBqsPqLdwJY8b0CVoz6fWtK+HVNAQdaSOHZDxWtbX/KMAR8x8GQzohlumzSkkZxDQPTzVeq9Ee5RkGSGer+Ury2//i5gDpSbCNIKzPeB585m+MrRFh451cSBqQyDWD9ynZfWBWME+VfykDnm6AQIeUBggdubVGfajnIdAstfNCTg2yWQrQn7FGlpI1BSYomenS/qzQNn9wDP/QHwwh8Bi5NlawSAODZUNYZTITbdnDI26+RRNKVfqE8TIQBVmRIoUqQsTRkBqLPuAPjgkSaGr3gbssYGNh9mTY3uOPDi54FHP7WI3jwlAqkpgqJyyfyruILqEKoq5Go57cJktJotkCEpv+pdrR556S4BYkZFFunI584Cp1tABbgHWLPBwpIAC3zwgwEBfQYemuYKv4CMjhU2HUAWCCpHFPxiODAZfiFETiCcqnyRmyg1+UXSa3j3Nxu4LPj5OvAufVtWXx9GZV8JdsFfI59OaLfbuGn7MLbdcBl+/Me3YceOk/j6N47hyJEZDEgvsWMo3XJn69fG6PcVDh5axMFDS/jWQ1O47dZh3PLGUVx9jZlOMH9++2Kz2UKjYU5EDF/OYwkYvPXsSwy6uJSO3joSh8rkuELJqAr6AOuzzpWv3TChAKeD/yS6K+7O17RMed4xffybQ3NCQebfWf9Uvu9LMZQEDDQwsaDwzNkm/vJoA98+1cSJOeqYlGTAsj7F79uCuwqy13UiHlOEAHtQcKJDzjr5HFYuV+pJiQLJj4xBXr/oIMCL7PQUZYUGuhPAySeApz8LvPRlwJAAuqOsaPugDWXG4UqJgQxl+JBKX8XDHeRV9xwCKWw5hS+LX40BffBIhs6ma9Ho3GY6oH3o4T/nTgN7/xB47J8tor9gycAEeMOXAWzR2oCV1sX5DlF2uHHjxqzZbITPkwMd7Z5nh93swfSfDBjJs+0HWjLW0JP3tB/aHeVQAHsjn70eGaxpIJSFGSjubAKxTc8XRbuxy+lJ3bRkHHTlJYO3BQV6hXIdZYE/OJuefs13UsBvk2Q6Kr8OgbrhrcfGHE2skWWWHLRw330jePvbr8L+F8/iK189gj17JtHtDnxlabh6jC/OM58z0xqPPjqHJ56cw7ZtbbzprlFs/YFRrFs37F6w1G4PkUWITbYIkR5P7dvStrFvf7+Kg2xCpVNUDoh9nXk9CVGw0zquHi0w+QbWtIJJv2Bc1+apeQt7IKdlIiH3JnBstmttfNko72ReLYA9I/2BwlgX+O5YE9880cTT4w2Mzat8OsACd9DrOah65UIwZuArxHj1+e9YHHZT5gEw9z09YYmNK2G9MRJAPQySvFglqefARhn0gbkx4Mi3gGd/Dzj2XUD37RHD9s/uKrOeYmD58/XLwYqVThGsWty6hGC56wxSoWjuPJ3mw6dGMLTp3Wx6ACBMVAPzuWeAkwH76snYnFCR675o3YCc6481dsyjUEY0YttTqpCO0rgja9ag0WiAzl96Rg5408neAIkDZ7HZ4ZI+yf634onsCGAfWAvWjoD4rWKS4fsxSIcuX/jfzrWbk41wHptaOr64dDW4dxBQ0KKgk9+z71aIlNSRCneDWGFi+b+bR7fRCFBbgiQpiL1AT6izFjqdTli3bgS33LIFx45P4+vfOIrdu8/hzOmuIQfUOpT1SbPSwNISsHfvIvbuPYvNl03izjvW4NZbR7Fp04iZSnDvURjKDzuyOxTCkxDp9I5/UQ/Pl6pGr/u2oH3WV6YSxaGvxvbTU14PNg2WCzP9j3olNCMLnArQrX9wBaHeHK6DLJNrSBdhcaDx8nSGR8ca+NbJBnada2BiMRPgyFQgwjmhY9Y8TafpPSB0vVMyQTKTY4W02ln5FE9DrxMShLy+aTsGMqQXwT3A8OVjxoYCBovAxEHgxT8Ddv0+MPES4N81QN83MAezgLDsDYSo8Dt1T96Pjc/luLeKGJDKNzYUFCYouLZaIbaGAbBegeEtdyBrXs07PXliFcxhQ/v/FHj4Ez30u3SKILalsFaFXYCw0vxZPb7pzW/OPvc7v3vjDTfeeKMSI0vqXQNyqsAdMAbiDqUrrU0inzz/5xdi+fzoQsBIxkwFMwZoPyA5SmJHasomcv20j+qTcX2dXgB0RIYf+JlK4cIy+HlwVgYNcp4C19J7SWL1RwGJEKZYTVHPhTbWsn0Vc7/Xx+LSEubnFzA728XY2CyOHJnG8ROzOH58HmNjC5ib62Nuro/BQOAsqX/6qHU6CjfeOIS737wW11wzgpE1HQwTYtAeGkLLvpK50UCWmXMW6CI8V492HLd1an+IeqARvMdAOSHcyo9WEiFa5KwD0iixhaG8LRTR0ZMB2p78PQVSB192rc1UwNSSwr6pDA+dbOChUw0cmMpgTq+mgEgYmlUgurqS5iWvUUIpgZzXL78Xk22vE2ai6WdEp+SRx/aeFt8FIaCeATnVZO8vzgBjzwI7fx/Y/+fA4pSdFrBGIV0bIInAxebhfcVDFQ9BVXdGXeCqOrduPj9yeh3aG++FyghTJb3KDtj9BeDog8Dj/xzod23j21OlYp6Biz2sVE/GQu+4485sy5YrbvSn9HEA90YDGYjp/Lm9Z4E8H2T5oJN/o+DpfpN1BQG6afds2zGaDsIM4OHHRjpo+flfmm++v11YxNwrQC1xQWooEDOXp19tLovBa8LWWQ7WJnMvDp4YwOorrtIXE8mxlFu6vmxmOqGBZmOAVquFTqeDdetGcfnl6/H615sXIC0uLWFhYRFTUws4Mz6PM6e7OHmqi1MnF3BqbAHj40vo9y1OeKt5fh547rku9uzp4uqrW7jtthHc8sa1WDvawVDHnoQ4hKGhDlqtlngts+Jt4VQXayvoHIq7npM4BwraR2VkwAOKJ35kcaCtf+pVJNgiatjpYAmlW0jpiKpvnCQZyEUNNHBmAXjsdBMPnWxgx5kGjs8pvihQ00/fD9k9zi7AqaZ4ttiq+xgwE6YaoUSUl/m4gqzJgrL0ESbLphJsHC2yp+li37XRY/YUcOhB4Jn/AJx4HBj0UtMC9m21wCUiEITUSYXA6lZSnV0HYdqPzb8NWXuT6Yjk6affAUAPgLHvAU//BjB3wm4ppEdMUjJQ1WVT5nqp4/qpQ5qqTC/YeyiIy36vW7e+3ekM51YkqTp4oDf4YoGbg6hmA5Wtfk3uEavfveUw/07c326uloizFpaDbmqBaX9QknzBDbekwb8rmEOGrGw24NEcaT3YsckuLCPkhKsNZqVpG9cvWgP8Aj66IM0RKZep9wBQbwA5VoF5mNm2SrLYw85hu6OhlXJnGjSgoXUTWrcxGAy8B6E/wObNPbzudX30+330ekvo9cxnt7uE8fF5HDs2j7GxLk6dWsCZM4uYmuphZraPXg84dGgJhw9P4uGHp3HLG0dw++1rcdVVa8zLlTrdfAHikFtn0Gw0oTIylUCmqthLqUgLeQDWnkXZOrFlt9s28rj+jZv0ZEzkmMMJMA2uD+Rt6HSxfctNd/H82UNCWOsACjNLwN4phcdON/DwWAO7zmVY6GeEyQgFAC+Pa+Z/Uk8BA2jKjEgnYjKpvjIrQsgI6QlfOCRDqhz5DzZNAUQ9IKzlaZlIentpYQY4+yKw+/PAc38EzJ8B+LRAauwHisfs8zXeLwcbqk4lVIlbKrcZibCc6YGyrYpUYfk7Bc7ARydH0FzzbiibzIIT6fB0pJw9ARz+CnDyEesJoJ1BnjxIpyNSOtnrVReEVJlfKtpOkvpcboej6xxw8803470PPLCp2czXXtBBwI947idALS6xMC//7j33fkufu04GH83cm162Is96ANbOPSxT+hHJLQyEHeQV/EuSrE52QKTpPJHhY6F2/Yuur4jEdFDvXPn2bHzHoTzocy+EByf2MhtF6tXGc4SI1IFnGz4oItWRMa8pXLsYgpZlDWit0WoZ/fVggAH5HAwMUej3e7jiij5uuqnvXqm8sNDD9PQCpqYWMT7exbFjXZw+s4ATJxbwzLPz2LlrHtdf38Gb7tqAG25Yi7Vre+j1FrG0NJR4qZKdSiCDf14vnDLS8stga0x4ATS/C1qPIRL6DGwfIMBE13iAtAkR6FRb6gOnusCT4w08dKqJ753NMDavsDAghQo7Nr8m+QDxVHBQpv3bXieJo656Ac4yHrtB0rG1AyqRjiSXrCrQQ+hDiYIWkTWAQR/ongVOPAk8+5+Al78G9LrW9d+F9wTY6eHY+gAb5Jy+DVWwoMwQQ4Xf8l5MB6lHDEOkjLI4ybhFBxOVgVEqk5isVB6x+EbBn53ZjubwNgcMAOmIeaAegkEPOP0U8NzvAnEyIPOMeUJiW0rKVoSmiIMMRXVUpV5SHS62AFLqkwHIfvJvvb+9ffv226C8peTBi38G7J5950yCWtD0JS48BMfDeM8C8hXYCt6aZi5QCqGhXCUzVP4LnRbRdLQNjK8cfJ13w4q0OfMzGum+cedOdxa7Bd78N83fYU1eLkXr3DMjLa1GB/TSqvN1RPgES8Ja17nPwaZsdJahAauXWYOAfHpDDzT6gwG0HqDfH2Aw6OPyywfo93rGo9Dvo9frod/vodvt4fTpLsbHFzA2toCZ2Wn8lRuBK64wwG+LaT1UjQaQZSDHI/t6dKWj3hQLfhSryHoAV05Xn766YmSA0lSLRfJdG84hESUiJp8BgHOLwAsTGR4/k+HR0w3sm84w21NBm7hAwY/dowBqO2PsHhXEhIIX3MqndSjT2esKzD1C843lF70v7gXTGeQ+XTQi+zy9tzgLnN0P7P2C8QZMHwG4N0CeHSDPlYmN53WxgIYqYF8mt0ymvBYDc5lfCmcq4UfRGoKqroeYMsv5bcJPH2pj5Mr7kLXMb2oe0fk+G+ylmWPA8e8A3TOyY9h3FVAmmALvumUuS1PXlZNq6KJ8yjpmBgDbtt2Au99y92in0yGroIXFpMVIo/0j7J5dTRzgufVKpwKIMD52E+A0rnUO5NT1b4J3mwcUhIJwYEzwUVsD7GhaJ49c43vicz3EOQE2vl1M6bHUD9gEwjiZyAGLvdMevgnYuMtIrwdwnYO/kuWzetGqZ19Epbl8Natuyy382RHKJUMGZGyaRjOvgpl+6LtpiCuu6OfEYWDiDMz7GbIsQ9bICPiDybS6cfCmhIycM0A9OCQEazpIffrpKE1alvRDRSrEVqJ/RBjxGEBhdgk4OKuw40wD3zndwPOTGSYW8/cFSBCUAC4Zs5b3YmkVeP8g6VwScoFa2qyzCVIpCU+MLASgTuQHcUR5mK4kjqJplLivzJHCMyeBQw8Bu/4zcHwH0OvWWSQIlI+Pda7VDXXl1nH515VdCT/oSYUrDXXdJWGeHz6zGZ0Nb3PESsxfM2LARkANTO4D9v8x4DuL/Yu5i6rMu6S2jFSRU9XlHwtFrHW5IfvZn/u59p133XV3lpl5S2mBA3bAs999NXv3um8PSwy0JBHRoPPnnZwb74ZjGSyAepvQN79f1GYGdrkzwg785r+iJXT5klXl0C6WgwgCRN7y92kBsJPr4ACIECw21UBGWZK/hq9vOi1jxlkz2JppCD+gKrZ8Pa+D/KyDKP47tFceEBw7s59GAVNH3Iqj2zENGVKkvAAa1uLX7tpgoKH1AFrDEAJyzwZLCDKyjoAtJZDAYomYIttUmdeQtA3Dc09a/Rkb8LIB1xbMa8Mq0cftaYWjs8CO8QYeO9PAs+cyHJtTWHTTABQgBejaaxIUWYZSP1Vwj6ZzBQjTafpbEhN5X94geTLwpkESACmbfOGdXZSHEIHuJDC2C3jhT4A9XwDmz9h3C9AX0FkykFokWBXX6mBBnTG5zpqA2NRFFS9AVfypomOG3EOwGoCz0pDho5Nb0Rp9Q26m8I7j+koEfBTMVpOpl4GZI3SKgHoGAF7OsoqLXa/qzom58Ffb81AWWAf+4N/7EH70/vdu73Q64nnkdUlBnxpf8qwBa/3GDDH2eOeDiPMkIIdpN/D62DoXItaYOWFaeevVkgYaiaZ3V106qidjkrT0nkgwIkRxwd4Iao6UR4PCM/WC+qkEkicDCMdGIF8U5EtJjrfRYbu48tNxm7jO7U8qld/0jRjAm11zIbDYvsLZTgEAjfw+J5usPBQkQetZ9jafgF3XnExqV3WecLlXF+ffmTjZf5kgQxDn+wrH5hSem1R49EwDT41nODqnsDQgtSPrUhC2ONgmyADr03nnDeLlPxgBEYSE9gvZAaF4R6EqURKhpEwaSYFPP4h+VFTeKNkBsNQFJg8B+/4ceOYP8nMDNJ0SoB4B6yWQxlaRZ0CGlMFXhgVyTj4Vv6pxmAJyRK4DcVmpae3U/ZguA6DewURFSpZVZjrOnf9bhrf+8nuQtTsBGXD9WnZk8XtxEpg5CviTpixrXAQPdJFdFfaWarw6bCwVryhdVUaakuXSjoyMZD9y34+OXnnlVVcDYF4AE/wg5BfJ2fGCLAZkg3ueQll5dm+2ByxnleVZeNtLud/OLs8zpavrKRhzGYrdc1azIvLsGMUWJZJy5sBjvtD0uXrME2HTUNDmLmy3gC8gEP5wJFc32n/68toV8XIMJnnEAuMRvP5EdZN/vFwg7WQXYHIy5KdtAsCydQOAntFPgdtP+QiST8HLgj3rBzStZ2C8Kkh/csdTi6K6PBCtR1v/Aw30BhqnugrPTmR47EyGp89lODyXYXYJhMhy4mY+BbgysM6/M0+GAMPUOgJ3z+ZnKyUF0jQ/eU+MmQHY2+dAifRUJ9kIEbIT1EmkvPay7gNzZ4BjjwM7/wg4+E1gcTq2QND+2XtAPaOrylibSmNDasyOeb6L7hfpUhUf6uhedereeQjKlKTKpn4XVU4sjs/vrb/6ALIWG9gA+JHVmniusyJ8SHQfGCwBngzI4yfrNp6ssKJyynKlQlEeZXHL4qV+Z7/wi7/Uede73nVPM3fvem+2HUD9YESHME0GBG5Q8IN4uAvfXRbWm5xzt03qgdQBsdOEH/KjaXu77kCR3B8BzKwiB8W+z9D3ycdPPowdlay8oa1czTDwdSRIUQLB1Ib/r+A9GhE5kXqUijqwZG1D71tmROvBJiTtxtozzMrXgf+g0yKuDDQpIUciIW9vu64BfjGmEa+dLO6JytPQ8cBub6WKO1ZDy8DldPsKx+cVdk2ahYCWAMz3rboSyO3XSCUFQYI8ScMAVfO6gbxHyySBNW/D4CAfGjdGDohMyp5kcYIpApJ/bGeBJDPB91zm/Dng1C5g758Bu/+7OWI+XCBoXzpHF4WX4UyZUVaEWVWwYLnjchGG1CUUdWUUkYFAhvQQVGFbRcLl9TQ7+YkHm7jqnvuhGmCjIRu1wMaig3MAACAASURBVJ4jh0x2VHYegmlg+nCskDLfKmUrs/7LLP0sISslu05dp8oRzf9f/tqvZ3/zJ3/y3cPDw24AhnPf+/pjA74DYwJ+7Jn22/j8nvpwQCo6Vc8TCD+guyNlodlA5F9rS1PaPBTpOr6jSGPESdYEQBUie/xj7MBlFlqs9M2NVDuBPnyc9GcZMNc7QT5JxizYOh9Crru9H0ynk5J7D4bKHy++il96FBiRI2UydefPZPBrK0h/YXoQMqLz2AJz2LZO1890pBxevjtOGLb6FasdWg9ODW12Acz2FI7PAc9OZHjibIadExmOzSt0+8ZDEICtBEQJeFLPAOgVv8lANAXUEN9JQZK6yHsyniZ5RfSlfVnqlCqfDGHH8SIGAzOtO3kY2Psl4LnPA+deRv5OAbojLLZNPAbIRS7wqhZx7J4MdS1tq2MR8Mr0KUwoyy+lZ0p2Sjf2u0kiphRPhVQBi2SZ3z/2lSauuse/qtiZa+4f+Q1CBCIjn9ZAex2w7voqulLArGqpF83PVGWUZXVTNm1QxbvArn3qn366+eN//Sfu3rBhg7mgFalOYa3Bj1/CzhL2tV+ox1/Yo2BfFMNmfAIXq0Eyj398FKE755XWbmu12fqlgvUATm/221qQ2hXC5uepAnEuExCkJMiAIFlkacGMgqpL62hCsIPDFFmTcsB5ZZn+csC25M0pxNcm2LbSGsyTYhtSu6kQSqx8Idi0j8tf9Auno7XA822lrKW8TpRYeiKjXO1oTXMg9eurKyLVFZZcV77rWjBj6U1esz2FF6cVnjrXwFNnFV6YynCyq7DYjwErzdyTSx4nNv6AVKJkeCQSO4THJRT3wO+xBbukI8bixmRLD4MLJB7THyId7QTgnzTEyItWQG8OmDoGHPg68NS/N4cI6YFdICi9AXaKNzYlIEMR2JYBcRFAVvHaroYOsTyld7lMhry3LJyQv+u+3GilIcPferyDzXe9h3sGaLCjKLmUNjVNaAwZUrAcfcqt/TqdpCiPolCl4aqEDAA+8cl/0PzA3/3p27Zs2bLBjJ1KAA+CH0pctk2g6J3IanYz+PqFeABtLj6weryIH5sspTsxdOyUFxywUADX3uKma06sN0TLXCzp0YywuOypGKap8vfhrVcXMV9bwE5nBRAdVGWw5aBBjvOWpjkyB1f57gVMjBj59QG0bGFdaNBnjq+niJzWGCrOHlnbh0gvcGQwIHTwdU9ajmUnFwRCa8z3FE52gX3TCjsnG3jqbIZ90xmmloC+BgIXt+t/tFJFTkUgGYCgAFWZHlYHmV6CuQz8+UvfJ+lLCU3sNxtweRaBrrF7eb5L84YEHH4Y2PE5YHwvMOjJXQJlZwbYUGVsXumnDec7nyp6LGfMp3W14pAiBHVc61XjAm/+hQyb73wPf0sht2T4NYh7dqBVZKBTwNAGYN1WhENHsjyxhkgxrDpupVhYaUOVuXnYVMHP/6N/3PzIz/zMLVu2bLlSqSyvSm7FhesIwLa68X35chAQgKlJcyiweeHYy3qczUiaGEropYlQYZVpkqeNSxe/BeXSodbO4s3zYOlJBh54VABAHDCtTJKcUBdfVRzAXXeGPAXSqmoZEInsDjsS9U+AzT4y9hEJjjkmtUFP9uPtqn22zhskDgiyirqpJ9727rCg6GOpwSxgOn1AC5ZfoJ6nvga6fXMGwM4JhSfPZdg9meHovDkieMAAnmfpK1eTzChIC2Ck9139CzmybJJkBeSB5kPvR8iGS6PE75hM7fWLDYMRz2Aol5a1Qjk0AN0HJg4BRx4Ddn0eOPIIPT3Qrg2Qh8XVXSBYZcyu4qovIh2p36slp4p+MlSdwl+VuDHKWUcoTQMQYCIyrLwmPrZwv19AqHzuYoAVqAUy6nHLj47S4zuBJ36ph5e+cBjmNce288WY50rLGitnLF7sfp05rDo64TO/+Vudv/a//Nh71q9f71aMA6Gl5e6QOXg71xxaD5qND0p7WNCgc/i+zWJEgupif1PvQ3ouXJNxLs9V++7Dz773oMhLbYtB2QvJQdzTIi3vd/ZD8fqS2CMHV1IcjsA6Hk3UYXAQj8MOHYiDsukRkeFJgKk6AiKKE42Y0p6He3LBTjzMIzA+I0Q5zQSBZM0HP/3U7QPH54H9MxmePafwzESG3VMZJhZNWTiQicpkYBohWEmrOXUfREnRiWJWdhJkRT7aVgh4YAuoYwRHyo2RCqKvGzulDFpe0idi5dcAegvAzCng0MPAE79jFgmGngB7XoAlBmVbBesYmasdVpLnaq1LqKvHcvNNBrnLAChvkJjLAwjT87gfm/dkgD04ggzI2yx+3qkpGbBp110PbPubTbz8pTZ0vwPT+doItx5S/WiZUnFi8WVa2ihF8eT3mGx5LUWyXNi0aVP225/9nZG3vf0d965Zsya/qoNqNGMTBVABvnRFOp3fpfKUXwzIB31K0Gh78fzp/HswJkasGtfMTnd4wIHvCpxuWL38WxI5cYnkE1iIJJLVMy+Em5ZwBeM7IsKEpK/S8wVIVtGyE9LE99FrNg1Bs3D4Q4kAAGUtdncBbiU/0ylgBHmFi8cNVjP2LPqkkeL4MlHviiUaeYr5HjC5BBycUfjeRIadEwr7pjOMdRXm+8jfCJgAPfsZkAAdxgssfcTlRYG1iHRI2VSn2O9EpZVu25P5y+sx/VN5p/QnbathTg6cOg4cfsRsEzz8KDBYkiQg9Q6ZmIcWCHEEJddteiA9TlaJK68hcS01Rsu4qTG9atwYMZAyYvrRa0X4I+NHPcxKRALCAqyUqWX46MTb0Fq7SSCMZ6vUNFCRTxbfRo/EO7cXeObfAC/8h/3gb7qiHbIuE6waPxVvpfVYKPfmm9+Q/bvPfm7z9u3b39xqtUEtJbolUC7ykoG5zAng0ZMIqR2O/AqR4A1einsE+4MZBGrVkVV79pbzGCvrFfBvQdQOiHKdLMghXFPgu5n2JEEHtjXXH1y2nNEiH+yyElfMTggfM/SE8FQ6Bwa/AJDG0ExbaR27RX8Sj8j0miaEyLWJLIEoMFv8KerB9w6pJblkH1MnwvZJjdMLCgdmFHZPKbwwqfDCZIZDcwpzPSpHRToQycOXxn+PeImC+MHUFGWpNB4K5NDfKRmkHLJiAjJBfke8POkFiCIfWh1SdqrcMdKyNG92Bxx+FHjy3wOnngNZGCjBv2w64LUUzocrv4ohfl5D0cuN6hTWxg/nuv/285vRWruJP1ggA47m122QZqMSD5mcNtAaWL8NuPlDwNnnN+Hko7Zjxs4lKALZsnpIsqtInJV0BHstSQZ++7Of6/zo/fe/Y+3atR2lMtADcvwgTQd0RapPy6HVu861H7KsK928YCakEtTBDsBZ0Xzs83PxfB7TMwcHhPklTUqgSJt7kKBlywlQcJ1+ejLqdLE5u3wNwrktfe7thUT/oA7I+QQg5+Q5IkT6txznc62JJi4HS0romM28x5Ay7C4CSxQIWos6tUL5FEteg8rqaXcUWC5h4klPhmsaSSQYqTCn/p1dAI7OKeyeyvD8pMLzUxmOzCrM9mG2/bEKigF/BLRcfAqeFOBkL1ckPgHFIG5FIsDixYAVQjZtSBW5j5J8RfqYpwMg46KsR97m/GHNry9MGRJw4EHgid8Fpo4Ag37RwsDUdAAiv1NhtQzQuqEOFtBQR8/VMEDPhxEbBIUQvFKfdRQxjbt2a4YP7LsfquksFPYgBnvIgOANMDaZvU9/s7S5vN48cOLbwLc+dhRTL4/BvwZzgDTAVi3X+UhTZR6I1ev111+f/cff/7833XTT9rtbrZarRwdK0YFQB99CQkAXhcm0gsBFDDLpzAnz5+ZlZNhnelSVES2LZ0Vcd2bFMWQmQnLADPlPst/aLZdSWzaQ57r4rIT2kemMcD2G9lELF+J6kbLexAZPWUCio89LBp8VXcBprva1xviiwp4pZYB/MsNLMwon5hWmlqzbvyQEbUdyjbULS0OvxcsXj0+tZhs9Rk5EJVeWVaJfMq9I+oAY6bCstA6jeZN8F6aBM3uAvV8Gdv2JIQT81NfYK+WrvEyIhtg0c2zKdSVrrKqu8VqNUGQMV01fVvbl5rGcesgqPJnLDk38zNl3o72eH0ksXVX0N9NGMHgat+yzPw+cehL47j85ilOPnwSfOgBWvnClDllaqauHeR/+8L9+fvQd73jnvSMjI8hU5scCF8OCmQ4Amk0JuE9NUvHV7vSakuONJW/az9NzFzYMVDj3vokfwjHd0QChnNVdbiv02OkWK9oV7UEOiheeGFjhFIly4E7T+6ry8/AeDGmdGKEeQG36vJ5s8cg9WxDffQX5Ejl5PWhd8UfIkwCw8vNT/ni9loUIhQK0xtlFhZPzwKE5hd2TGV6YMp+nukC/CPiZwALCJt46aaKpiDLgaSuTBjHGpABcIxy7gnwkCUiRDxXKLtLT1VFMntRB6BXoDfN9sATMjgMndgLP/iHwwv+wAigJkGcEpLYInu8xsE4oG5tXcyHfcu7H4p5vnSrHrUsIwimBVKXf/o+aeMf/6Q8fkouP2OZs2qOjT3o8ODlaXAOge8DkAeC53z2Lnf92P3wHrzunlWosKWO5rqeyvLF161b8i1/+lZF3vvOeu0ZHR9dlWYZkPWk/fjCbUOcWpdZBlUVEMDxxXIzFYCYoi2wwjkK+v23fWmcPMmKZEHbj3NdaxAhAM6p9zj+U/55aOKeA2BsbPUB73ZzGITJGtXApiLouqZY/SCXRUrhCk9uaHwAV1YPuHMjJE9sF4tqCV0cgUZtT/hb6xrp/cVrh5Rnv9jdWv8IC7eHJvpXqsxRAZfwieTSZlB0jBZRk0MSx61IlomNgiSf0Z2RH6hkpmyyHjB8lH6lySdka6HWBiSPAsSeBnX8MHPoO0F+0L4GTUwH0JXHLIQGXgg8p3HwliVKlUJcQVA1NfGT8fgxtMFmIbUVB8CMWjxSdk/QgEd1tYONCARgAC+eAE98BvvvPvodzLxRNHxS57lPrBuLrJtJsr+r0gAv/12d+s3Pfj95/x8aNGzc1m03ICnRrARItyberydXwcmDSoWENHsVaqLKt3Dcxd23HKZkrR8U8HqgFKwGct3PcqDXyLJhGu1rwhevh1zJ48OSeeQ3vBaADsqzrXFouWvmk8Tqg5Q9k+cpM8gihX/CbNZl2t8LkGqe7CodmFV6aVXhxSmHPVIbj8wpH2Jv+Yg+zuJayvGNx6WUWJMjJdDGwjKSX/a0oP83bNZoH81LIckv5AtQDdxsQnxqQz2cVsqC8TnoAzJ0DxvcDBx8Gnv2vwPiLgF9bldoZsNxFgSu1VMvc21UN0rK4ZXIuhrgyLMcrXduDXYUQ1HVnZAAyf+ZAxJSROwvsNYlASQaBSDqaHlz2oAfMjwFHvz6Bp//1Ppx93u6NrdLZX2l3F+66603Zp/7pp0fuvOuuN69Zs2bEEwFfZ65mHF/y2wItYPOqF+AFPg1gAQsqPybYoGLowLGyrPWtLIDCcTVFxi0rQPsfVGmiL8EtqjO1aon+TBs5laDEPUISaHrperc7AqJdixJRp53K/3NSRBdIUkIUmxbxNaNYG3rgoOmDortq8sWibI6TGtoXZnoKU4vA6a7CvmmFfVMKB2czPD+hMLmksNAHehRkWGa0DPJ7LE3kdjKkAJneL0gL1CcNEmxreQwQl6vrxJH6xfKmZaO/qTxtdgXMnAKOPQ08/6fAwe8A82cB/uK3mCfAGkoAH+8uKgv2Uji/oQohqBo8K/mpp1+Hy267xZtG4MSAI1l+TQA7RBr72yQCG/Sk3NTIOVgE5k8Dxx4cw9d/eg/S7rBYuc5ncF6BL3/lq+tu2r79nuHhYTQa9r3yiFqZQA7sBEw88AISdACHMcxodHLsqn8NP+/vMsrBOxerBFjZODq5stATGQCgx+GGXUAujKQDJqmMXAG3oM8p59NqmqYwxPtM0JWEKG0jkWu0TiWA8BMRSeW5tRx+l4KNz/Mn7ymwkhUnE0YdU9caGqfmMxycMaD/8ow53//4fIbxBWByURVXTazq6oA7jcy6Qwr4SZrCtQJhdJZRlbSxUDV+Mn0RiUjEKZKdWodh42gNdCeBMy8aL8ALXwKOP2Vj0bcF2t0AM0ivB7gE/t/nIdbblrs6M3OfHzl9P4Y2GfExgCj0ENCHnQI/UTc6lSDlOyEhig76wOIUcO4FYP//+yR2/tZZFD8Yy3VNFcV1JOAzv/lbnR96zw9v3bhx47Z2u41MqUhR/eDJF9lJCxpuMDRVqP13VyNkexzJSJ7QR/cBMDk0GZEk5zTtugVGNkiIH3NMZBBcsIO86QYWPAFmiQuKI4GDWeMgpxCwLhTqQQ9T0oru9efA7LVS7BfVya2toG0kiJHUn72wKScRbjslgG5fYXwBONNVODqXg34O/vunM8z3SJ0Ez5lkmCW/5fWI16N2SIEwGyOUSCDyiwF04Nan8nUCbCkRFv0pCvYRvVK6uO+JOtPkWnBmASnHwgwwdQI4/gzwzH8BXnrQSo55AYrOB3glpgHqxj0fY+2rMW6VNPL+iutflUWomAmds2jio5P3oTXqxXPfK0eUVAiMBz8Y+t8IrQC5FSuMQHQZmNO3FqeAmcMnsecP9mHXZ+fyiKtNDtjagH/4D3+++b73/9SVV1119W3WGxAbd01R5ToBuSVOgFdQvfRwHXJaXQRAPcBrd5vLo0AV1VbITIQAwKWulpTkGgsM8HgkOwqT5IA8JCMCz4T+wbn8IJ4IIiMss8g7UUapSyzYsvW0mbuf7wEn5hUOzSgcmTVgf3TWkICpJXOOfz9V5cvA6VqhoKnLQwEI0zil+RSQh+A6jRJrn0Qal78kr6m4JB77HSMO9hplmRroLwFzZ4HTe4AX/xI48C1zVDBfC2BJAPUCUIIgpwFia6FS92xgY1hCHo0bG/tkXjIuDVXWY0n9pVz6W14r0lHmVSSnqAx1QlkZitqMykjVS2ncomFiOQU0hOBj3fuQtfmdKlZGynMg48u0URKA9Egb00cPzFqD/jwwf3oCx771HB786AzK3WlFHhXaGNk733kPfvGXfmXL9ddff1en00Gr1UpUC7UrFSmOsD5pddhiORm0iB7kJEHiO9LlS3NiQIdgIGPvJYiALymYsJiJQFEQezqhj54iIn5w1ZDNKoFXzqXHu78/j9+SEj+gq+gOCU9uBI1hr0Omji45FdAfmNf1jnUVTsyZrXxHZ42r/+iswvF5hfGuwsIg9cgS4an7Me9JMk7R9RTo0iwEm4x5gMJe67+XAT+LkyhbTIZTI0HWUvkmLfaIbvS6jBMjAQDv1P0e0J0Azh0CDj4CvPAF4OiT9q7cFijXAcQWBMrvNlxsq9zrWMP0GpAG+CoGXRGwriScL7kpOSv2QKym3WALzwkBW+HsB8fQ3JOXxXUrCwAf/QOTUXzyrGxyPh2RR2BHwfWBwZI56Gjh7EGc230UL/z+DF7+s6KHjLGxO+68M/vkJ39+5Lbbb7t206bLtg0NDeWeAMV5jlMxBxU7Xx+zfjXcCXqxotqBN749z8OWhywq18EYqxetI20GC7DCAkroI0tLF/vR9Qi8tJLIiBojrCd17gI/5IjWtHI8RE7BMI8MKVos+LKaAjASlndTDfOCntklYLZnXPtHZhQOzWQ4Pmes/aOzGSYWFRYHwMIA+cl9FYIjS1Rh+VjHwLhqiD1AKbkx2fJZr5F1NH5EnyKZgUuf6Jhs1IgepfElsRD1xdK6h8P8HPSAhVnzxsCjTwK7/9ycDzA7BoTTAHQK4NK2wNdWuOAETa2yEtxDwOby8+yY6RoO7OZyHj+w4iPXpReAEgqZVsmBJJEvzcM+uHpgSEJ/AejNnsXEi/vwhXsn8tiMlf7xn/y3Dbfedvtda9asabdarWA6wLv1hXWgQvDT5D8dCxngKyoDCetHs+r2RbQ58DUF8QNyJHiGVSjzCJgYnX8PwAQsXogFnigpWncBvlkw5v3PkqEgrvC6OP0i9WhUoPVh4vY0MLWoMDavcHxO4fissexPzCucnlc43TUW/kzPrOB3weUFUQ5Z9+K5ieHzckJMRmzdgAbE4pEVZkoJQgWiUuTypzJT22ptnaXykenKFvPFnq2oXKGjBoABsDgHTB4zwH/g68D+bwLTJwAP7nQxoP0upwFyYeyz6paz5c49n8+w2lhUd41EmRVdZ33dcqZB7HebR5W4Rd9r94HVGFJkBk18ZPw+DG3IBxVqpQsAq7qYiY0FKWsRNQZIO6BGrIfYy2GoPmzxXt+w+8EC3nL1DD52j8abXtfE5esayLIMdB+5Kihr4ALXiljr7DI7TMaduR9Vl1vvsfGclT4xwBPoC64jWBQIQAIZ9ZO7gsQ4W+rI5RCEbVwr1pQtvrVRvmbZy8xjq/CalbE0AOaWDIjPLAGTCwpnugon54xb/9S8+RybN9ftC3n4ExjtTOZ6ampFBiXrVsgpteLztEpeW2FIAmyZvom4VdUK+klEbpGsFHgXpZNpEoQ5JAAaZhHztF8IuPcr5q+/AGhdhQAUbQms62a/WMA/Fl7pLd5F8+mp62X1WVVuLP5K80iFyvHrEIKiRRR8UeEH9t+HdVthTikko38A8hQ0qNUgBrFgvYBIZ62M6G4DmQdI/uAyZF5ORkQHSm6g0ciANW2NjcMDXLW2j22X9fFXLu/j+o19bN04wBVrB+i0gGYGNDMVGmCR7KgB7dbFK/D6iZYnLBa9Hz+yB+HiOVnNTia1iMKBMeVFYEViBVRBWu8NMGQg1l1iXgy6KJJWlYbCQJtFdwOt0R8AM0vA2LzC2HyG8XyOfmzezOOfnlc4u6AwuwTM9QzYLw5o1ccAyTVWeQjiCBk2QlXSUJRPaqqO5S2VKiMbnDy5zyrvKSgK0X6F8Hepx4CoGOhp7yVkRKs8Qlhi8TQA3TcegInD5u2AL38bOPho7FAgCvwz5HrROoA6ALUcsFoOKBUt9CuzdOsCcd2586rlrJLfcizvuuVZzbqL6VKYn4pdLChoWTCE4Ka/uwk/9B/fjKzl7ygVGXc0fybZ2CNAV8ZLUXkJ+mVmR2qxY9H9MAHYwMLeeW8GyXZT48q1fVy5doAtowNcOTrAD2zs4/JRjc0jA2wY1tg4rLGhozHckifeOWEiSwkiEGMefU9AhIEkyu5is3aKvzY5KL6scwZIvGqdhnlZrIeATmV4tcLcF/sK3R4wvZQDd77SfmpR4dyCwsSCwrkFYLyrcG4hw9QCzPVFcyjPYpGDjN2qAfipe9Sdk4xDs9Tkd0kfTN5eIZlYbrCgzp5bW/4UyBdUTIwAp/IMLyIK5jTLWNogfoLsaJi1Rt1JMwVwchew58vA/m8AS3NAeidA2ULAlY7DdUHzYgirgT8XMn2RXNSQvVoLGmv3AUkI6iiTyjADMIIPnbwXw5vNz5hlHvutxYBriQHI/aJphaSXoCBtYELbtCo9/pRNdwDCsiu+n2Ua7QbQbmgMNY2nYdPIAJc7ojDAho4hDOs7A4y2gQ3DGmtaGiNtjXZDI1NAqwFkCmhkQDOX32pUM1irgkdqaiEmqzdQbhtcfwD0cgvbWtp9be4v9Q2Id3v0E5hZUphdUphaVJjvAee6CpOLBvzPdRXmeiZ9b6CwpE0eSzqio+J6Uc9OEFhc2WZhGUvBmC66jEau4VWQVnklwlBmSVcE5dK4NdJWse5jyV2Ie6Y8aBeRi4gMHYuQIBGDgdmq3J0Azh40iwAPfNMQgemTAJ/jpx6AOjsB6riE67ioV0Pu+YxbNn9eVUZdz8ZqxU3pXsXKr5tfTFaR7LK4AGo/lYUhI59tvPVfXok7/9c38N0GwvKOLQiMuvAiAFwUpMuf+bxRgH2EBMjFj8FAImRTvSgIyOJI8iFdwsF9+9sGDer+VUpjpKXRbABr2gM0M6DT1BhqmLRr2hrNvGVGWhpr2hp0AB1ta4wQR04SKIWOkwsKi30ec65nrHQ73s8tmf3zWmssDsxiuoE2QN/XxsJf6ANaHlqUco7EFhAGAK7DdpHlSQJ7JH70CRFkk13Py1KIeSWEM6pb3ZBQQNaXJdKAeFYQqQ5BSAqJRF3QTwCwFFkluK5Q5HEQukdJigL0wLj/Z8eA8QPA4ceBAw8CJ54BegtAfBcABf6qBEDeqxNeDdb/xRrqAO35zPOi6AOrTQj8OgKgg/ftuBeX3wGoZmTwTIWc5RcaGwUjQ4xoyPtWRnSbYuJzpSE2F6wK7ieJxDLv14pTJS8Sr/B+Ik40L1VeT+xaKi4hB5QklMYv0q1IpzJvApFTEyOLgywnyaeWnFUK0aoqsdgryagan1r9KQ9GzCtgo2hj/S9MA1PHgRO7gBe/Bhz4htkWOFiibwaU6wDm4IE/RQDs7yrzxN+voe7c/mvt84KG1FNaRbmighkvATCKD+y/G2t/AFCNBNBaaypijbvnVw52xNoHlQVhpSMcK9kYEdEF8IQkWIxF0wBsDt/qGVimESCiYKPkDS3uRywvJZLQe8E1+1sMiDFATVnbATmQ91N5x+oCcdBHpK5TccWOgySRiJaJpiF6R9PItCXpgvzkPVqXCYKS1KFqoOTK/o4BY+x33bhS0YjXoS4hkMVgeSQIUOzQoKgccV0PzDz/7Bng7EvG/X/wEeDEs8DcOBBuAaQr/+2r1Mt2AdiwHHdwHZB4rcS9GKcDLoR+VXRZ9bixp3Q5TEXOn9hrHQAj+ODhuzFylScF0gtQdW2AGw8IkLuSRH7H5FmZNG+XHmBv/6GhyFPAyE0MKAVRcGWA/01DADiC5MTANwrEKcAncdi4rvk9mk/UrZ8C+RhAEwLnypCKV5VEyPg2+wQRo9mX6hYJMSIS1aGo3hP5MxIUux+5IftJItoFCzH8Dqz3GFnQ5IMKEH1MRI8HO44MzJsA58+Z/f4nnwf2/SXw8sNmPYCx6mPWv10EWHQGgP1eNnYWAULq2nJlLVfu+QxV9bwQ+q4kz+W2xUXXB+xT/MH8OwAAD9NJREFUtRyGRD8RSW8/O9h0yzr8tS/dhdFr4aYP3DiQGhAio1qRJ0DGSRollIxoEk8lBrAKlk6w116UIUkmdCguBga1gD+mC0JAjakjAUbmVcmzgGLiEugu9Y7FiwhJWemp92Sk4rM08r4KyxbILAmsjxciV00gT9RLlXSV01SNW9MDkKyG1PNVJlCQA9035/9b1//YbuDwY8CRx806gKU5C/4W3Ol+f/k64CL3vwx0PKTxs5K4clCPyYjJkXHLdKN5pPKjclNpUnGl3suJm/qeKktRfkVx5bUynctkpuK/qvoAffpiikll6oZm/jkCoIP3PX43Nt8Od4ph8lwB8WkDXRRYZ/4/5lmou34guUhRfCKvVppfzEtghLrowVgYfJegLwAmSgwSebk0CUstAHhS9zS/6CI/AX5Uh1g57A2WLv8drZMCAhmQnijDi+uZTCMIYWyKiaW3SVPmOiVWNG6krWKyWZQY0YzJiv0uqJsgRIhSYfrENS3LnRDP8hHpY+XpLQILU8DMKWD8JeDoE2bb39huYLAEhFv/Uqv+B+QTkU8bzocbt46b+lK48OE12QfqmhexINlcylMwgmyog3v/7V244X1NDG0wl+W4mloUGN2VEIsbCERyUK+aR+VBM2bd6HD8pKoxvSJiY8AVgLDQI3qfyEmBGUtryUEFy7hw/p4CoKzbSP7R66m4lASIdi460CdKhBL1H+Qfk1shfamsGCEQBOk1G/Jy6lS/zOtm0M/fTjoDzIwBY3vMq38PPwZMHjXrAfSAAjt1/ctFgCnwR+L3+Q6rYYBZOa9G8rBa5V9Oviudu19NXbAK+S5bdwXuMij6rKNIjBj4NQWvu38L3v6vtmLjdrB3HlBrKTZWpowuoII1TuNSmVrkX1C6VLqi+FLfqvnV3ZUQA45CYBWWahSsRSPE4saAugqgB9Z+LJ3UsSQPZjHLyq8K+LH8K4Bx8pXeMc8L1a+OTlWIaSpexLJWsUwSJCWw6It0SRGdmD4ROZaU9xeB+Qlg+jhw5kWz2O/IDnP638I0wK36FPjbONZLMEA497+cUGQIVU2f8sbGpmOXOw5TuWVplhN3pXpVqYc6YTllX254zfWB1fAQVA2WFLTzv3W4+5e3Y/sH21hzNczaAhqdAHvMXVvlEyBjDh3cytIIa1OeX6AA/pIekgeLq+JjXrB7IUZiCsBIEgMpP+YRCFz+BQO6JBWx3RaxeFXc64UESIJ5pKwxy75QLv0hCUikXgrTEzllUwdM3yKApmUtIrI1CESAx7R/AekXTEldY/dpHoLsyOImmjQI/SVgcRaYOwtMHgZOPgfs+4px/fvT/uScv7T47e+6lv9qun5Xw3habZ2WG3c1wyuZb5khe77r+1XdB+oSgjqLD1PpLWMx3oK1Wzfh7l+6Ea+7D+hcZohB1WAHNwkgbvxKEIMqx+1FiQTq1xgQ6hCTn4pT5I4uXdkPMvAXyHK/CwAfEOkKvARKxikoA9OREImyPOx9WkcSfSqRBJq3vV/UP2g5JPoV5VEQWBsVRvI6LCefVyTEiE/+ofvmMJ+FaXOq3/iLwLGnzFz/2AtmDYDuS/Cnc/x2xf9ywf9ChNSY+Wp17V8K9cOrpg9cqOEkI38dAKPobN6At//6Nlz3I8DI1UCjxa0leW4BELHq4eM66zxlcZG4Vc4wkHGtHkw/+ATS2+DICLzlyDwTMas6pr8Au/xdCaElTeOrsKVt3UgiEbOoY4AVJSgkTWXCkIpLyIQkNVEAjREJUW8pUuGiJsAsRlBioUg+Izu0zaqQ05jpDXEtlm/sfl1Wm0pf5PWA2eK3MGm2+Z07CJw9YCz+A98w17zVD3DQly7/sgV/8jtQbLiUGTUXQ1wZ6gDIcuKuVlippVrm3q5Tbxdju170faDKyLBSd0aRXPvppxGGNq3DLT+3Fdt+EtjweqC1BlBZmDq56t9GoL8pyNrB2BKLxHfp0pfehdRUg3WlxqYgpOUvZbHvwlpmhCNlAUfIQ1XgLjy3oIIFHQP5ZN4xvWPXqa7kQgwgC8E+BqJF+ti0kkglgLjSgj9BGMtkuqhVZK9yYAduFQwRgyXztzgHzJ0xwD/+otnbP/6i2fK3NAdAx+b6paWfmu8HwrHmorKqLoVL4bUSVtNDsJzpA7rowXoLzFQCMIob3nctbv5wG5vvAIY3w789MWZhIwRaGtx4u8Iilxlkse+rNahHyyDB0NYJ1bMAMKOHAEV0LiQWqXjSqhfxY94AB8QRuam6r7ITI6lj7F5Be1XxAshIZYQhqLMqHomIIlECJ58VkTSIGslTA+jNmzf6zZ4Gpo4Bp3M3/6ldwOk9yLf32f361J0fW+xngf/V4PK/FC6F75sQG96WuzqzjvsmFcd+tmHfh+DIwfuvxRt/tonL3ggMbTLkoOisAHMB3DsAHy/mkk8epxyJF3PDB54KGz//V+RBiHozpMzYNZtPymtgr1Ww8qMehgg4pUBZnmYYzTsh0xUjQVKouz2Qn9BHgmLypUO0PSW5UPx+pUWIRagbKReTHSljWQiqU/S1oGyRYOf3e11g/qz5mzhoQH/3l4DxfYAeAHylPj3al4K9dPVXdfcv1wX8WotbJY28fzEsRFyNuBdD/V8McaukkfdXXP+qLELFTOScRZEsICyALBT9tF4D826EkSvXYdvfuBJbfxzY9EbjOWgM+aIE8+1ygI0QBBc9Ar72uksuPBABdlBwXg0HjI7iB5vWcPcrWMnyWsoiTgFI4cJFAZ5JuSm96uqRAM/AUo6RjIreBJsmeh6FkFW3uWN6FrpCYumrkgdtAH0wAPpds6K/exaYOGT+jj8FTBw2wM+P8qXATi3/uci1MoufhrJBrGiqMvYZkyt1oNdiY05MrzI5RWWoE8rKkCpzDHBi9VI1btE4Hpm7DdJI+bGyVa2/S33gFe4DRaPOahRwpYGSAzmlYP5ed/+V2PY3gMvfBKz9AWBovZ9aKNpNkNrapVP3I14Deg/UIovES+mS8lS4++4fcekK70IUSAhLKQVx8r3W2wZpPol4qbgAySvmEUAFXWQd2AgpnRKWeQzoK1vqCXIZ6J3yTsT0S7WnJb2ptPlHrwsszQKLU8bSnzoOnDtgFvbt/yowddQmKrL26bn9dJ7fpqNz/Cj4XjXUsYToNZtfbHBPgUlKRlVdqoTzJTcl53xYn690uNQH6sle9T6wGiZsKsO6v+X1Iq+BnFIwRyOPvm4U1/7QOlx3H3DZrcCaq4HWWiBrmqRsbCXAKhcbFk4zRNKlBu/Ybge53gHiXmyxIonKAI96CWKeEK+8vx+0uPB+FMbN4wcAjDh4SzXYtYqWPQPBsjT0QgVQD/IjclQ0YuJ+SahMAkrSaG1c+4NefmLftLHm584YK//sfuDk0wbwZ08D8+6NfYAHcblqXy7sS1n7QPx5vZgA5dUcLjZwvhRe+XDB+4C6GJQQoQpLpN8zcIJgSUIHQ5tGcN19G3D1PcBltxkPQucyoDkMqKx8agAosOoqunVj6w2iax0gMC3iLaCBbX+MeDMcnkY8BklQK7BCU9Z6UA2U1Ii40XLQvCP6pKaAitYhsLgV9JX3i+Qk31FAdU7ckvEAcA9RfnmwZBbxLUwD3XPmb/q4mdM/t9+49cees4f2APzlOzGwlwf60Ll9Oy1QBPyvxPiwmuNQVVlV5l+L3LN18y+z6lLWbpm+se91rO2LBQMu9YEL3AdW00OwWqFOp5DzI8UEQTU76Fw2gut+pINr3wNs3A6MXAm015vtjVkLzJNAQ0AekHA3J+LH7gVOhQKSEbulyY3YvYQnPn4xAWRJL0HsWlTBCmSAxGVu/KI0McCv4g2I5Oc+SqYICuswQiZlXoOeAft+vnhvIXfpz48D00eNW//wd4DxvXncHqD7FOwpeEtwlyv7Uwv6gOLn60IBwysJSilvZdn15XpBq4DDSvNIhbrxL2S41AcucB+oQwgkO6pbkPNd4VRH+p0ShDYsOfALFdsYvW4El9/VxmW3ARtvBtZvy4nCBqDZIVMO0p1PpgPc/HvC9R8cdRuZGnAWqrCCg6OTi2SDpKF5wesa84oUHX4kQwzIK8ctmo4AomcMlKWJ5i+9CXWmDoQbPzktAwCD3JU/MGC/NA8szfj5+/nTwMwJcyTv1BFg5iQw8TIwexII99pb8Kb78SXA0/l7OR1Qx72fmpqr+wymnt+igbDqM19HVipUKWeV/JZjddUtz2rWXUyXKmB1qQ98H/cBFbtYUNDVCkX5rFSXWIHlZxOeIFhPAv1u77Wx4fUjuObdZsph9HXAyBYz7dBeBzSGCWEoQCvn9pcgE4sLMJDVBNRSxzBHT3BEJF3VKY5I3EoL/FQirvRixCxrFaarRAASUw1AuryOGLEL/P6gbwC+v2gs+v5CDvTT+Ql8Z8xRu9NHjBv/9C4D+Cb08s8B+ZML+CjYS6u/DOxR8Hs5A+bFEFaq44VOXyQXNWSvhh6X+sCFSV8kFzVkX7A+IAlBHWVS8aqwk7oMqw6zK8tX5mNDO/+dwZAC+xkSBZVlaK/vYOQq82Km9TcAG24CRq8Dhi/PCcNaoLnGEAbVBFQDUFn+Zy1/EFys6O6m6wKCo5YTXoIi70BZWpcpVSQxZRAF/SJvgIxL8qpMBhLERWtzX+cYrAfeiu93jcu+N28s+YXJHOTPArPHgYkDxqq34L8wYebzB4spi54CvgV6IG3ZU3JAf9MQez6qkugqg0EVUv5KxqWD5kpk1LVqVytuSvcqFl7d/GKyimSXxa0j93zGvdQHLnAfWM01BKvFrs43k02xtSzxnRIF+72T+KRxjReitTbDxu1NrL/R7HroXG68DEMbgaENZlqiNQxkQ4Y8NDpA1jJeh6xlCIR0V1PvAMT3mBci9j4EHYkbXVRZ4hlIrTFgZIASiZjbPeYZIGkGSzmYL8LMrS8ay32waEC9v2is96Vps91u/ozZY2+/z40ZF/3kS2aBngkxF7sEawviQHxOPvZdyrK/aYj9rsroXw2W3qsl1Blkz2eedS3IKjIvhWrhUh8g4dVICFbjPhC3qFKehFh6C/oZOAmQ5CFGKJoibhOq0USjDWRDbWQN41VoDJm1DOtvMFMUI1cBrRGgs9kQh/Y6Qxhao3DTFu11uXrK7KbIGl5z1TDpVj0MjNVNgb2/CAwW/LXenHnNLTTQmzUueMAA92DR3F+YNCA+d8LMxU/sMwvudM9b94O++T3o9TDoIXcB5Eq4T2nJy8NyYvvvJQGIybHfq1r0de5fCsXP4/fD56Vw4dvgQn9e0JAiBFWUq1Og5cap7fIokV2kS0pO0fWya/Z3EXFIEYlU+nYiL3q9iNBcLEECdup+DMxj6VOAL4Ed5Doi92T+VcpwoR/mOvlfzHGLnsmy5/V8xb0Q+lXR5bUa91IfKM6vKKw47v8PduHZ4c6hiB0AAAAASUVORK5CYII=',0,1),(60,NULL,NULL,NULL,'2018-04-08 16:39:28',NULL,'2018-04-08 16:45:58','data:image/png;base64,iVBORw0KGgoAAAANSUhEUgAAAgQAAADGCAYAAACtvZgAAAAbSElEQVR4Xu2dC6w3R1nGH6RIpYIWKaIiSIqiKKBFRaKCEBELrUBCtFwUWwTRcpNIMCookCgmCigBqYKKNyDhoiUShJgqQVEioqKlGmIVRBGoChYQLGCesmsm4+xldnd29z/72+TkfOc7szPv/N79n3l25p13biAuCEAAAhCAAAQOT+AGhycAAAhAAAIQgAAEhCDgIYAABCAAAQhAAEHAMwABCEAAAhCAgBAEPAQQgAAEIAABCCAIeAYgAAEIQAACEBCCgIcAAhCAAAQgAAEEAc8ABCAAAQhAAAImwC4DngMIQAACEIAABBAEPAMQgAAEIAABCDBDwDMAAQhAAAIQgABLBjwDEIAABCAAAQgQQ8AzAAEIQAACEIDA9QQIKuRBgAAEIAABCEAAQcAzAAEIQAACEIAAMwQ8AxCAAAQgAAEIsGTAMwABCEAAAhCAADEEPAMQgAAEIAABCFxPgKBCHgQIQAACEIAABBAEPAMQgAAEIAABCDBDwDMAAQhAAAIQgABLBjwDEIAABCAAAQgQQ8AzAAEIQAACEIDA9QQIKuRBgAAEIAABCEAAQcAzAAEIbErghyQ9W9LzJD1+U0toHAIHJ8AMwcEfALoPgQ0JXC3pS4L2PyzpAkl/uKFNNA2BwxJAEBzW9XQcApsSOF/SaxMWXCvpTpL+cVPraBwCBySAIDig0+kyBHZA4GGSfrPDjqdL+skd2IgJEDgUAQTBodxNZyGwGwK3kPT+Dms8O3C73ViKIRA4CAEEwUEcTTchsDMC3yLpih6bLAhYNtiZ0zCnbgIIgrr9S+8gsFcCr5N03x7jLpb0a3s1HrsgUCMBBEGNXqVPENg/gXdJ+uIeM18u6aL9dwMLIVAPAQRBPb6kJxA4JQLvlHRuj8H/KensU+oQtkLg1AkgCE7dg9gPgdMk8JeS7jJgupMWPfc0u4fVEDg9AgiC0/MZFkOgBgJOPnTPoCNvlnT3qGOeJXBwob9zQQAChQkgCAoDpnoIQCBJ4LclPST4zQslOVnRbaPSPy/piTCEAATKE0AQlGdMCxCAwP8n8HpJ9wn++w2SXiDp1QlYD5L0O0CEAATKEkAQlOVL7RCAQJqAZwS+P/jVZZIe05xjEC4luMhHJH2jJMcdcG1D4AclndM0/dWSbiTphpI+IeksSbeU9NmSPkPSKxoB90fbmEqrUwkgCKaS4z4IQGAOAacm/omggjZd8ec2CYk+J6rcSYruRbKiOciz77UvniDph5vBPreCD0m6UtK7Jfnft5Z0V0nXNKdbXt78LrdeyhcigCAoBJZqIQCBXgJdgsA3+QTEv5Z004QocMIiTkNc/uHyW/9/NOydRfIRK6SPth8t8rh2QgBBsBNHYAYEDkbgWZKeEvT5RyX9dPCzByifhvgFCS4WE55R4JpGwG/+D2iOmnYcRzwbM63WaXfdTdJbpt3KXUsTQBAsTZT6IACBMQReJOmRQcEXS/q+6Ea/qTqYMDVg/V2TyZC4gjG0pVYEmOn3jrtllVKXSPrVVVqikUECCIJBRBSAAAQKEPjFJoiwrfpnJP1Iop0+UeDiPu/ACYzIVSB5VsXi6eGSrpP03mbd3gF/99CnRcHU622SnG7aAszt/LukLwyCCr2889Gm/dtIutnIhthBMhLUGsUQBGtQpg0IQCAmECcm6ss34JgCZyz0NHfqshhwbMERtybeuRFE39oM/ks9aR+U9MeS3i7Jyzu5gstC7gJJl0o6s8Oo/5Jk+znVcimvzawHQTATILdDAAKTCMSCoN1l0FfZ/SR5u2LXoUh+e7Vw+N0JA9ikTqx8k9/wHeznLZh+S/cburf8zble0jAzOw/ON2/YzV2KiYNGUzYyOzDHcwXuRRAUgEqVEIDAIIEpgqCtdMxg4/r95YHNb7s17Ezwvn5P/S9xuS5ngJw78Me2WLQ4JuCBPUZeK+lxHG+9hBuXrQNBsCxPaoMABMYRiA83yk1R7Ddkxw8MHZDUZ83HJX1S0lXNW3G7xh5Oj/v/wrV3J97xW7ST8vxbUHm8Pt+1Xh9Pvfvntk5/f1/TXnu/xYzbunGTDGgc3e5SnhEwtxICyUs7zjRp33Rdbt9CJHcJYm6/uX8EAQTBCEgUgQAEFicQzxB4oJgS/e57PGMQn4GwuMEnVKET//h4aTM+rxE9Lyv8Rm4RcMVA4OKYZaETwlyfqQiC+nxKjyBwCgTe1KyFt7a+UtKDZxjuAekiSQ/tiTGYUf1J3FpqGWCo8w4g9MxA16yIZzks3I4Y9DnEble/RxDsyh0YA4HDEIgFwTsk3XHB3nuQskjwl6ey/RUuCXh6/mxJZ0j62MjkPB7YnIK3va9vyaAr2Y/rCK92ycB1emmgXTJo73d7tjVcMvDZDt4C6KRNH2iyOj5po2h9D/TP6RED/9TEEywdq7Dgo0JVLQEEAc8CBCCwBQGvYztivr3+amDteQsb99bm50v6CklvbkTM1vYNBXd6xsLBhcQLbO2pke0jCEaCohgEILAoAQ8U8VHH/D1aFHHRyry90wcfpS7PglgsuAzXCRHgA3hCzsJUCFREwNP3PkwnvL6mwDa4ipDtoiv226t6DiVyDgjvIiDZ0C7clWcEgiCPF6UhAIHlCDjILMw++HxJj12uempamIDjBXxkteMx4suxAhYCBA4uDH3N6hAEa9KmLQhAICTwDElPDf7jPQun34X2MgQsAJxsyIGaqctnSTgmhFiBZXhvVguCYDP0NAyBwxN4tKTLIgosG+zrsXAsgGMFUlsKnefA6YcRAvvy2WRrEAST0WXfaJXtD5a3QXkLjjOzsc6WjZEbKiLgz8TVUX9yMxZWhGNXXXHQp2cFunILeFaAoMFduWy+MQiC+QzH1uDpUB9G0l4WA1bX7M8dS5ByNRLw5yDMMuifb1djR0+kTxYAjuVwgqfU5a2EjiXgZeZEHJpjJoIgh9b0svGe61AU8MdvOlfuPH0Cqc8Gywbb+LUvyRBBg9v4ZNVWEQTlcaf2W4etPlPS08qbQQsQ2CWB1OeD6eh1XeVlTC8PpA4lclbEHyNocF2HbNUagqA8+Sub7GJdLTkgx2lLuSBwRAKpfAT/IOncI8LYoM99CYYcNHivDWyiyY0IIAjKgo+3VXW1dnHhk8jK9pLaITCPwF9I8jJBeFkkE70+j2vf3Z6Z8RkE5BQox/jkakYQlHXZRyWdOaIJAqlGQKJItQReLOmSqHeI5DLutgBwcqGuo6a9y8NbDRFjZfjvulYEQTn3eD3ubYnq/0fSjRL/7x0HZPkq5w9q3i8BJ7y5IjLvJT2D1n57sm/LhmYFLBK8TMB1UAIIgnKOT63N+cP2ekk/lWjWYsCigAsCRyTwqajTPt433I54RCZL9dlxGl4eYFZgKaKV1oMgKOfY+Lz39zbnl7tFT8elzkv3FkT295bzCTXvl0Ccp8PLbTfZr7knY1nfrICPnLZIIBfKybizrKEIgnJ8/1XSrYLqvXxwXvNz1znibLcq5w9q3jcBJ7y5R2Qif5+m+2wowdDTm1iB6S1wZ3UE+MCVc+n7JJ0TVP9ySRc1P6dStvpXPjrUip4LAkcjcLmkC4NO++01tS/+aFym9LcvwRDHE08hepB7EATlHO14gXsG1ceKPD76tS2KT8r5hJr3S+AaSTcPzHtpT/rc/fZiW8v8ouFYgdRLhRMMXcr25m0dtPfWGXzKeSge8F8o6QeC5lKR1f41aVvL+YSa90kgNWP2KEkv2qe5u7SqaxnSxr5B0rft0mqM2hUBBEE5d/xW9IbzxmjGwC2nZgk47a2cT6h5fwS81u0th+HygPPmpxLm7M/67S0yp1d3LK9w/sD2/jkpCxAE5dzl8wm8TNBeb5X0tVFz/mPoXQXhjgNP7Z1VzixqhsBuCPj5/4Mg2LY1jIC3cS56YrNEkCrtPA7+PQmGxrGklCQEQbnHIE5M5K09cXpWt55aOmC3QTm/UPP2BCwEHtFEufvf4eXdBv5McHUT8KyADyNKcfKsgJcPfIokFwSyCCAIsnBlF47zDXTlZ4+XDnyfxQM5CbKRc8NOCXjgf0iz7/3LJd0sYae35t6bt9peD/qt36mHYyHlm9hBsNOH/1TMQhCU9VR81vuTJf1sokl/uL0r4S7B7zhprKxvqL0cAc+OeYeNv/tt1t9TA1g8M+DoeKa4037p20HwwWZ5gFmBcs/0IWpGEJR1s/cDe2qvva7qOQqZc+HL+oLayxHwYHX+wNt/V+ue4naabw9miIE0paG8Av497Mo934epGUFQ1tWps9770hPHMwq2zueRc+BIWT9Rez4Bv/U7DsBCNndHwCclvaYRARzo1c3efz9+WdKDE0U8K2AhAL/8Z5c7OgggCMo/GnGCor5T3PyH1cGH4a4D4gnK+4gWxhGYIwI8E+DPggcwBrFh3kOzAo4lIMZomCMlMgggCDJgTSwabw3yAO9Zgq4pvtTSAfEEE+Fz22wCuSLAx3v/STP4+7n1oMXANd4NQ9kGH4agGg+TknkEEAR5vKaUTi0bXDywLSh1dDIJi6bQ554pBCxKH9BsaxuzHOBzBzz4tzMAU9rknk9vF/QOgtRFtkGekOIEEATFEV/fQBwb0JWToLXGIsLTquFZCJ5ReNCK8QQeCLxG7L3O/kNvQULg0jrPy9qtjNkSGNtkEeDn2s8pMwDzPObPmLMNpnZikG1wHlvuziCAIMiANaNoKvlQX3Chm0ptRXyXpNvOsCPn1n+W9EXBDRYxDnBEFORQ3G9ZCz7PAng2YGwiIETAsv70Z9y7kLpOOCXb4LK8qW2AAIJgvUfEb1HhYP58SY8daD4lJNZI6/oMSU9N2Pb7kr59PWS0tDABP0+edfIANPZoYWcObAMBmQlYziHxluSwZmYFluNMTRkEEAQZsGYWfZakpwR1vEfSrUfU6RPfHhmVK3kiot9a3i/pjIRt10k6h1mCEV7bR5E2QZCFgL+GkgPZagcFvjYQAcwILevLoVkBC37HEMF9We7UNoIAgmAEpIWK3E/S70V1daUyDoul4glK7Troe2tpbRoKiFwIF9VkEmgzAjot8Hc3YjOVHjhVLVsCM2FPLG6B5pMdU8LMMzHekeSlOS4IbEIAQbAu9vhsAwcJjtmTnVo6WHpg7js5LaT00uhY53UJ0poHEw8sTnPtf/vZsBgYsxsgpGcR4GfPgYEMQuWfq67PlxMMeXeBZwW4ILApAQTBuvjjJEU5WwnjnQoWF55hWOJK5T7oqnfJdpewveY6PMh74LcAmDrwh3x8+E27PRARsM6T05dt0LMCnpUjNmMdX9DKAAEEwbqPSLzPeGj7YWid/7D4D0eYxXCJY5IfLemyBIYPS/pbSV+f+B3plJd5bjzQO9C0DfCzAHCMxp0kfZ6ks2Y00yYI8iyARQACYAbMibfan95OmArgXCM4eKLZ3HZUAgiCdT3vPww+4jW8cgIEY0HxgWYAmdqLvkQoXpLwFR7O1LbzkWZLIoFP48lb0DnCvw3wGxvlP7aFNjmQB/72a+y9lFueQNesmwN2v3PFfCLL94waqyWAIFjftfH2wyslfeVIMzyovLN5e2xvmRpL0BdAGNb5Nx32sQVx2GnfLOlCSV+Xsdd/qFYP/BZiYVpgDr8aorbu77viBbx74/7rmkJrEBhPAEEwntVSJX9FUvv23daZM334C5IeFxhjgeEkRzlXV54B1xEHOnra8+qOyscGRebYdupl/eb/hIy0v139/YSkNwVv+7z1n8aTkUo7bstzPuOn0VOsrI4AgmB9l3rd/9mJZseuy3uWwINDmORo7L1utm83waWSXpCwreueDzV2HH3pwD5xmmdzyo32D3G3kf+cCbD+53KJFlPHl7venM/nEnZQBwQmEUAQTMI266bUYUeu0G/6jicYM7jGA3TfkcqhsX3LBEMBiq+TdN9Ez8dkXJwFbMc325c+jMaBmTeZaKeXACzwPJgw9T8R4g5uS8XjeEuhYwnw6w4chAnDBBAEw4xKlIjzEbRtjN2GGE/jD20F9MDlgfuhHZ0ZG4cQxz+4uo9JuoMkv90e7fpzSXed2OlXSHrUSAE4sQluW4lAapnAYsDLR2wpXMkJNDOfAIJgPsMpNXRNLbquoUOP2va8ncyH07RX1xu+ZwX8Fts1lf1MSU8b2YlUgiTfepWkux9wcPvUSG6pYu+WdJsZ93PrPgh0iQFmBvbhH6zIIIAgyIC1YNGugdVNOHlM1+lnoQnx9L+3IH5pMCinUh7HXRjbVnhfV9DUnzaiYEFMu69qjiAYe5bF7iEc2MCUsPfMgD/f5H048INxql1HEGznuThrYWjJmFkCD/j/Iumzghs9PelZAx+T7JzpfXvdxy5PxIRSuRTaMt4S+eSR6Zi3I79cy11bMse08DxJjx9TkDK7I+DPnuN2viNh2ZjP7u46hEEQMAEEwXbPQd8swVCAX2t1fIKi/9/b1byu3xXkdk1z7PLLZnTdswF367n/KH8UPTD8XJOnwXEcqaDLFKZfb3YlzHABt25EwLN3z0kswTmGxp9pYgY2cgzNzieAIJjPcE4NcRxAW9dYQTBmWSC0z1kHn7TAWr/bvVySE++krrG7Huaw2/Jex2M466BF0X0k3aoR132phi3SfJT1jy/Af8u+H7Vt+9yfHw/68fUWSd+FGDjqo1FPvxEE2/qya/o95w3bZw382YhuuMw3jCg3tsj5kpx5LXW9XdKdx1a083IWP60AaNMOp46vTXXDswZ+c/yljvwOO+865jUE7G9n5kyd6+EDilIiAXgQODkCCILtXebgQOcV8Kl2Hjz87zFHIreW30KS86P3XaW2QKW2IbZ27PnZao8LboMC20Hf3/11S0nfNPOAIS/N2Ddcp0+gK8eAA2z9Oy4IVEFgz3+0qwC8Uid+Q9LDO9pyNLt/Vyo5ylslnZdouyvr4VJI2kHcpz+2A3m7tTL8+QxJd5R0Y0k+AXDs232OnR+XdF0Qt3Ftc4ZBKeY5tlF2HoFU6m6WCOYx5e6dEkAQ7NQxmWZ9WROkdkkTUOi0xp6u9jTnYwqvWV8g6TUJe6ecxOiArfY44DBvggfxGzYnLJ4pyQNwiYF9LHZPE3tbWXuscBtI1k4dIwTGktx/uXh2wJkllz6pcv8UsPAQBBAEh3Bz8U46ZuCrEq10PV/+g+rc//7u6fnbS/rM4lbmN+BAQO+o8IDvLw/0DPb5HE/5jnhZjAO9Ttmb2N5LAEHAA7IEAe82eGOiIp/NECZocbyEhcDaQVieUXC8gDMqtmdF+Hv4ZfPbgd/f298twYc6TpeAn1/H97TX2YVn3E6XFJafPAEEwcm7cDcdSGXtu1DSuZK+p8mieNMFrPVbezuwt1P18eDe/n87wC/QLFUclIDFq4MHvUTl7/7igkCVBBAEVbp1k07NSePbGvwOSX/fzCp4kG9nF/zvcPDfpIM0CgEIQKBmAgiCmr27bt/mCIIp2y3X7R2tQQACEKicAIKgcgev1L2+8w36THB+BPZyr+QkmoEABCDQRwBBwPOxBIFcQWAh4ORL3tJF7vclPEAdEIAABGYSQBDMBMjt/0egL2uhC/13s4XPpyx6614b7Q9CCEAAAhDYAQEEwQ6cUIkJTiTktMtt0pZwC58FADMBlTiabkAAAnUSQBDU6Vd6BQEIQAACEMgigCDIwkVhCEAAAhCAQJ0EEAR1+pVeQQACEIAABLIIIAiycFEYAhCAAAQgUCcBBEGdfqVXEIAABCAAgSwCCIIsXBSGAAQgAAEI1EkAQVCnX+kVBCAAAQhAIIsAgiALF4UhAAEIQAACdRJAENTpV3oFAQhAAAIQyCKAIMjCRWEIQAACEIBAnQQQBHX6lV5BAAIQgAAEsgggCLJwURgCEIAABCBQJwEEQZ1+pVcQgAAEIACBLAIIgixcFIYABCAAAQjUSQBBUKdf6RUEIAABCEAgiwCCIAsXhSEAAQhAAAJ1EkAQ1OlXegUBCEAAAhDIIoAgyMJFYQhAAAIQgECdBBAEdfqVXkEAAhCAAASyCCAIsnBRGAIQgAAEIFAnAQRBnX6lVxCAAAQgAIEsAgiCLFwUhgAEIAABCNRJAEFQp1/pFQQgAAEIQCCLAIIgCxeFIQABCEAAAnUSQBDU6Vd6BQEIQAACEMgigCDIwkVhCEAAAhCAQJ0EEAR1+pVeQQACEIAABLIIIAiycFEYAhCAAAQgUCcBBEGdfqVXEIAABCAAgSwCCIIsXBSGAAQgAAEI1EkAQVCnX+kVBCAAAQhAIIsAgiALF4UhAAEIQAACdRJAENTpV3oFAQhAAAIQyCKAIMjCRWEIQAACEIBAnQQQBHX6lV5BAAIQgAAEsgggCLJwURgCEIAABCBQJwEEQZ1+pVcQgAAEIACBLAIIgixcFIYABCAAAQjUSQBBUKdf6RUEIAABCEAgiwCCIAsXhSEAAQhAAAJ1EkAQ1OlXegUBCEAAAhDIIoAgyMJFYQhAAAIQgECdBBAEdfqVXkEAAhCAAASyCCAIsnBRGAIQgAAEIFAnAQRBnX6lVxCAAAQgAIEsAgiCLFwUhgAEIAABCNRJAEFQp1/pFQQgAAEIQCCLAIIgCxeFIQABCEAAAnUSQBDU6Vd6BQEIQAACEMgigCDIwkVhCEAAAhCAQJ0EEAR1+pVeQQACEIAABLIIIAiycFEYAhCAAAQgUCcBBEGdfqVXEIAABCAAgSwCCIIsXBSGAAQgAAEI1EkAQVCnX+kVBCAAAQhAIIsAgiALF4UhAAEIQAACdRJAENTpV3oFAQhAAAIQyCKAIMjCRWEIQAACEIBAnQQQBHX6lV5BAAIQgAAEsgggCLJwURgCEIAABCBQJwEEQZ1+pVcQgAAEIACBLAIIgixcFIYABCAAAQjUSQBBUKdf6RUEIAABCEAgiwCCIAsXhSEAAQhAAAJ1EkAQ1OlXegUBCEAAAhDIIoAgyMJFYQhAAAIQgECdBBAEdfqVXkEAAhCAAASyCCAIsnBRGAIQgAAEIFAnAQRBnX6lVxCAAAQgAIEsAgiCLFwUhgAEIAABCNRJAEFQp1/pFQQgAAEIQCCLAIIgCxeFIQABCEAAAnUSQBDU6Vd6BQEIQAACEMgigCDIwkVhCEAAAhCAQJ0EEAR1+pVeQQACEIAABLIIIAiycFEYAhCAAAQgUCcBBEGdfqVXEIAABCAAgSwCCIIsXBSGAAQgAAEI1EkAQVCnX+kVBCAAAQhAIIsAgiALF4UhAAEIQAACdRJAENTpV3oFAQhAAAIQyCKAIMjCRWEIQAACEIBAnQQQBHX6lV5BAAIQgAAEsgggCLJwURgCEIAABCBQJwEEQZ1+pVcQgAAEIACBLAIIgixcFIYABCAAAQjUSeB/AeMpPvSqreEUAAAAAElFTkSuQmCC',1,'Signature','data:image/png;base64,iVBORw0KGgoAAAANSUhEUgAAAgQAAADGCAYAAACtvZgAAAAACXBIWXMAAA7EAAAOxAGVKw4bAAAgAElEQVR4nOx9ebwlRX3vt/r0We45d5t9mBlmY4CBGQZkjyAqIGoUBLe4vUTBJaJoErckahK2lyCiicZnEIX4EkCjBgFRdlkFBpBhmIFhG2a5szAzdzv33HPP2vX+6K6qX1VX9+lz7x3gmfObz53TXcuvfvWr6t9W1dVABzrQgQ50oAMd6EAHOtCBDnSgAx3oQAc60IEOdKADHehABzrQgQ50oAMd6EAHOtCBDnSgAx3oQAc60IEOdKADHehABzrQgQ50oAMd6EAHOtCBDnSgAx3oQAc60IEOdKADHehABzrQgQ50oAMd6EBScKYRh4nLSXBtw5WEplY42oV26rQqm7Svk4V22p9KmSQwnXxrp+z+4Ot0tj/ZOfBKjst08tCG69V+DqcK00FLu3Jqf4/JK91eZw68xuYAIxke+W0XqWf8guAxcTpGHmBv24YHRlocTbTsZO+j2o6j1UanyXgbv+Lqt4JWPLeVNduLaztubCnY8Nn4FNWebW4kKWvij5pfrfBF9aMVbpOGVvjNPiSdA7ZxiBsDsx2Kx1Z+KnOg3XYA+3i3OxbTUXYyuGz3UwGTF0npj5K9nTnQmQOTmgOOkWn+JoVW5c38dvHvLzpeLYjix/7k02ul79MJUX16NfuatO2kc2C62psM7lcK9gddr7W+OhHXrzS81vgioDMHXjnYr21PpxJzIuq3Upj728BI0m5c2v6gJe53f/PFRlcHXh34Q+D/H0IfpgL/0/sPdHjwB9X/VkZBUqNhf3v4rzTTowwcJEx/LXrA/9Mg6ZyMKzeVOSDuO3Ph1YPXMo/j5kYHpg9eyzzeb3PAQfvIk5RtR/BNto2oclONWExXuXZoS+LlT4Xv+xOmqvzaxf9KKMsk4zRZPO3i3p9LCq8WTAeNr+Yc2F+4pws6c2B64H/EHJiMZ5O03FQjAdMR/p5ug6BdfrVaXrD1cX9ZfNON06Tz1XjwkhqV0wVJxjhuXG114uZAO3WTwP6YA5NNb9dAmmrb0wX7i8Ykz9J09LkzB6YOf5BzIE5gtQOthPL+MCySKqKpKIykwnYyBkwS3FNRtvvLqJgMTHVevVICLKpsO+PULh3TLcj3h4G2v2Eyc1v8vhKOwlTbmQy9U332J1v31YLOHLDXs13v77pTgukU2lNVotMtuNsZuP2FuwM6vNb59mp6ah3oQAc6MK0wGYE2XcZAqwhBq/biIgnthFfb9fhtZeLai8OZJC8p2KzEyRpNU43yTKXuZGiOiwy1OweStBvH6/09B+L69krPgXbrTtd8eS3Ngf3Zp6jynTnQmQNTmgMMrz1wEH/Iw3TkA9GHOth+pwJTxfFq1///BZKOJf214ehABzrQgTgw5Wm7cqfVgUKvGpgGgU15TFUBt1u+HYXeTvuTaTcJblrm1VC+Sdpvl8bJ4mwX91TabwdnSNHPmDHDOfkNpzhvOeOtvYcfvmpxT2/vgpTjwPM8eNwD5x44B8ABDu5fG8Aib+xgL2+vGEpt0Vjr5ln0XWTlmDqR9WIoichi01mnZbKlQCJUyepNvU6yQok8uUR1Wnc+vq1pyE0+JPYSk3JrWeiHMQbG/DvOOZrNJorFIh763YMbvvBXfzkEX8Z4AGoEkUd+p1vOvlJyW4KNla+2grPR8WrhtVltUREGRFy/FiMMU7VGTZyTNfLaTW8Hfyg8dvkV384f9brXLe7p6V2azWaRSqWQchwwR6gXU0CJC65+GC3JATBwBq0+5wBjHHqqX54LVUbb4AjJN5nEAnyyeZrLAe4LMYGZg4MxZqAMrrifSmnjOoFGDb8NJrpP2cN8ockYk/SZXBNdk7csQnLzIM9nnIHI76POFD+TcW5ksaA9yWWJR/THpxmSWyLT5x+0MQ5aoWQqIhjloBpDwSuBgwe1mKoQIBKDGowf13kUzCzKPJ0tgjUkixMOmPUYLQ+E5yylU2sEQMCzaM0bcJJxkkKveDBHws+Xxu5g/M1WBLsoC+WoE7ok58jjITLojBBzJZh4AIBmo4GJiQmMjo7i5d278cILz+P222/bfdONN+6DMgIawa9HfqlBkASSKuoonO0qfZpmw6mlx9lW7SpOm4UE2ImPu7YR3Yq+pEZMkihAO/WT9inOerThREx+Ejqj8idjkSahp522ooysyfCGpmltf+7zf+kcd/wJ/YuXLDmkUCj0ZzJpOE7K9wIAQ7FDKl5fYYJK6KCALm51/SUlcqARlDRiSkxRVAECVZVRYwEICTRdI4bFWxilqUH1OhxMlpdyFTqSMAYisCltRJnFKhZFLoQSZUyoYkIfizACuGiDNq00MTMsEMkHJkoRhGYnQn3WB4AHTGJiohiKFgA4U/3Qhs5AzmiTwcBpBp02DgqTOS05dAYxwgtRg0sjMFwyRB+5ps1rc16nJtQZ0ab0tOU4WealZHFQj+mGnIUqgOYygAVWKhfdpnRbpyCDx5uo1+oYHRnB9u3b8dRT63HffffhyXXrajt37ig3m02h/CvklxoE4heINgjakWnt6CuRbmuzFY6W1+bj2q7nl5SQdnBPx5JCHN52raqotHaNi3aWJF6p6MhkjL7XEmhRgP/z/R/0rz7iiMMLhUJvOpOB4zhBGNDiXQXCiBsKzQdDqYlUw6tSZalCI8qWU8NBGA26FywEMmdM6UHN7eOyoBLmXOuThl/g5QCnigFas7qU11mi0ybo1woIYc4lCs0vlYpTR8S0e5+Ib3/rinM2bNhw7oEHHvjrf7joou/LTNInrqkGSgaXCkHZH8EYcEa6RgdCI4BkhSMnDCICQeYFaU/0kTNVQ2MpUXb6lGHB2BBz0ZgfLLjmjLbO5P/KujCtJtNIUXyhtpjZf802okaVVOzKUBCRJjoNGB3ckCFrEqaelCgTTFFN6yr+6AUpbUb/AiIrExMYHBzES5s3Y+3aR3DnHbdj/fr1qNVqVMFXLNfCGPCC+wbCRkC7MjxKDid1Bm312l2ysNJgGgTTCVMxCBCR14HXJrxSxoJmAFz1o3/vPvjgg1d09/TMT6fTSKVIBAAwNKAOjIS8Feh+jDQaEFa4SogpD12rJ+4kSt3H0fQqbZXLXKLkqLmh6mlanjq+Qf3w8oSOICyAaSc0siE0hWk0KbS2Vf2APzZJzTjO//M//1G1Wp0rkhzHqb39j//4wne/573rqdKQHjftt2KMQin1hOKY5nVSxzQwOKRHTpFpoRNSV5QKaSmofsa7p3R2GcSL5qhBQksZxoBsgyyBcOh8QijupBjIifFiNMa14oKwoHJgVGmjYxh6oRiJdN254jnXx0Y3RGnP9Ws1SsbzxPSStVoNQ4OD2PLSS/jd7x7Ebbfeimef3YRKpQLOuVD4VOnTa7okIH4FRF3/QYDbRtl2hX5S62Q61ovbwTMpy2kK7U0VprIcEpU+GTxxEBd5SQKtjEMAwBtOeaNzwef/YvaSJUuPzeVywfq/YygpLTDsgyHMhOIV9ZRQIeFwIfkZwLQdhUKIMYWLNsNFPeo9G8JMZGtKPKhsejfiihnZxNBgsgA0mrSywggg+LUlAK0spYB6llRTMKOcKG2iYqoEGabrr7vuOGEMyGTPy9z6m998fenSZRccc8yxu/1mjL7Ipu0KVyhIkyJBvzSVZHjf7AtRlIR2PZzNYUw51ZL4z5gbIeOC1pFGp8RO1CTxygUvuDJCNf4wvZ5U3IGRwrT+KBNI5yeJaHAu73lApCzLESyRGPwjxoiPQm9X5OiRF6g2SUnf2ODBuDFpV2gRNAKlUglbt27F2rWP4O677sSja9diaGgI0MP8ZeiRgDKm3wCY7j1VU8lrq24Sg0BUaIWwnXC0jcm0fFznkuBsBe0MSDvtTaehY+N7XJtRSr8dYyCqjSQwFWPM5JkwBJzLr/h2/rjjT1jR0929IJ3JyCgABWZeCcGqKXTlsTAqnJmIgCrho9wkodSJmLUoD3klvENZT+UKIaYbHDxEu76EobehCXWpPFRfAvlNKlMvWZQmoXQe3g9A9wH4RYhCYKSOYogymBhVVIIg0SnVbwZgvDTeDQs0m83c7bfdetoxxxx7LSgvNIZy1RfpmQfGjfB8g2JC8filyaq75C1XdHFGyot2ORl3HvRf9UdSFBhditdMFZDs5KSNoBdkXogeMW2SCFDXVBFTOlVbynDwx9tfQqFTQ/PC6STg0DYHEtWs0yFwiPluGJJyWYQxtcIQMngUXyRmRYYcc646qToAjlqthn379uHZTZtw629+jVt+fQv2vPwyoEL7FURHAmwGQFLZLyBK901mmbhVG61kdlJ9G0tLOxGCKGRRayGUKYCdSbY8WPKiypl5tL6tXlReUnxJ27ZudEvYXhw/o3hpwxHXf7MeSLm4OnE0R9FiXsfS8PqTTnY/9OGP5I886nVrenq6+1MpF47jFwl7c8oR03Zpi9C2kDCmFxwIGaEUpACUbjjTxaDSN8aNEGRUSStPRxSTsQFDMOpevS4EdQGrohJ0/4C+d0ApR6pcdGbpKdJ7Jok0EEu9Ym2tniuPzg+IkDYp26H6IZZoRINvPvXUJx566HdKQUOh375t26mM4VoQ3JQ/QqFLxSsSpPGg+KToUoOiriHnCQ/6Y9Kj8YzsSzCa1JcfpPEAiknpa2KoRM7RoBW6/0MbG4FZt3AAra9MzVk6D1XnJQ9Vf0Enro7bXF4jz0NoqYOpWRuOBigjjgUF5DJFmAlqHwPnqNWq2LFjB37/+GO4/bbbcP/992FwcBDQ1/7NP7oZUBgBAkxF3o5esOm6Vtc2iNNvtH6UgdEOvba2ZRnXSDQLRSGxpdsYSw2GqHuzvo34KOUcd92KzlY4bIrOpmiTKsAkNLeyMifbFxPixjbJeEeNdTu0aJGAH17z4/yqVatP7OrqyriuC3MzIEC8MS2BKDXhcgVCVipRTYczzbPTceu77xnJkYFzLoS/yOOGwSBIoKJbX3s3BaTWhuFUKwUj7okBQDUM40ShKU8YjChz6aEHypl6/yB5QbvUCFBrzQx0vUN/1YzQyfQd5mqQ/Psnn3xycZQOqFarcx9//PH5Rx9zzG65sY8rXghDQyqbkGElIhXCKBAK2p8Poh8W3aPrVkE/sRCEESb4rPptLlVAmAda38VbFZITjEGPoAhrgSpYc0NgsJmSER5IJ123WDhNFYVkpEqMO3HBZT3t8VKGC21DGCwMwXyiy3V0LijmSu5wgz9GQISagRMTE9i2dSsefexR/OynP8Gjjz6KRqMBKCVfgVoKsBkBcQaACUk8/cmmm9CO3EwSAUiiH2Lr2iIENu/WBq0soHbvo/An8XjNemYZG61Rv0nojRv4OL5MZq2nFZ/ahenG55DfOH6Gyv/4P67NH3zIocfn8/mcNAJEKRLyliD0rwgR051EQriGvB3qGTFSThkBwmiQHi31vKV2VGRRpcEtm7Oo50c3ZUllYkpbudlKGCP6RjoJRhe0V+ECxan6S2gSKWQXvVQKIeNECW1Ki8rwG+fEu9PYG+K2UhpSpzDgdw8+8D7EwCOPPHLEMcceu5s6otSQ43IMlXGi2Su0r1pIgZhA5BVRZVMwxV8y9mrpRQ2ALd6itqko75xu0guylAWpfkKGDR1806vmTC0/0C7KenIPC8Wh+KgZUrSEJIFYuHQew7YZl2lty3nFKc3axFVzBvQxVu2Vy+PYMTCAe++9Bzfc8N94av16VCoVQI8C0Gu6F8D2WiAi7oH2dQFNb1fG28oloSkKf1KHPVEZ15KRVGHEKUJM4j4Kf1ykIAldrdKSWFFJ2oprM658O/mTgXbXrNqFpFapNAR+9/Cja/KFwoK4SIAvsIknIV8x40qgaB4a9UiZ9Iak0mfhvQP0whY+1+6DZYZQ5EDQIY0BSGHMQSIJQlEHHj2jxowwHqRnpotHH6UQ/lygk0aD7yGG1bpSjGpXgL+ebHSU02UG2aCiJLSmTJWX4qcYt1BpqaRFe8D4+PhixMC2LVuOBscdoeYlXk5voPxNJumWvCdDLuaVzmGm0ycMB2oQMYKVQ6stITD4NGeX6WOtYgNKcYp0MWvonewCh1xyEUYo9de5WLIQxoZIF/tUlCUlpiCJVJHngpwyRXQ2EBwCJXIUdaFFDMkLylCxxyI8OVSpRr2Gnbt24eGHHsJPf3o9Hl27lhoBDQAlhI0A+kqgzQhoRzFORhe068AlMQLiaNqfsjxyySAqbTIQh6eVNzkZepJ4qFHRgsnijCuXpP9Tgbj1/OluK46G2GjA3ffev6i/f8bqTCajIgFaiDEA4kDI8Kbx3rPmEQZ4AKV0lA4nAooRP4dDV8iqSACBF6zuwEAMCq5ylPes8Ak9TPtERbxhi2iRDrp7IfzKnfDOTbuGBJUl40jkQ/DRaFa1RPkmKhDaFBMk/0LryQKXkSxPMpQKy6fUcZyGwXTNcxwcGjxajK0e9hb84jBdb582ahiReopCCG2oLw0ZJATRAHrOFF2Pp4YP3bOg7+YnNIPUoc63GDlmoTNoWxox8t5ccoC/dBMYnWJjozZOWlRAGDlWS0v2R50TYBgAWqRJY4SKBoi3A4yggFaJMXiNBvbt24dHH12LH/zgSjy6dq1YDjD3BEQtCSRVmPtTxk+mvSSwv9qKLG+LEMBIa4cYqpxs0YCoDWhmu0nW5eM2TbQqR9NtIW9a3lavHRqjoiJRfLO1H1eGgo3mqHGIoz2uT2ZbFLT7H13z4+4j1hx5Yi6Xy6RSKV15i0JEYUnPRihIS9jTup5ON0FJ3Ib7Qcoze3aoDaVsARVl0InngYIKh0ypr0/a0hFY+kRjEExmc+NeleFSYdjxMY3HZvPyXssgEpwpHCH0jNPKBiieaOH4gJZUKlUOVZN4GZrNZv6KKy4/5wtf/PIN+nHNBk2aJ2qywTQYSP+YnoIQrUYdTakZ0RgGLcLg7+4XyNQu+xCRQfSGATJKE9rAoDUS7qO6J/lifwHT6+rFLG8OkOvQzNWK0hV+fT7KvQ/BXGNGeWE0lMtlPPvsJtx044345Q3/jZ07d4oICH01kBoB9OTAqOUAAZOVb610gXlttkXrJomGRzluAtrVeUn7G1netVRK0hEKUeEZkzFmOCRqDSVOocWlJ6EpSSgpit6ovMm0MRkak/Q3bl0qCe+SXMeNGwA4d91z//JZs2Ydkg6WBHQFpTweLmLwEFEAUYi86w/1owt/4qVL9EHQm9oJokUjJMwIBjDl9EvvJqCRkbML1Ct+jKAU7QV3KmyhfCwhJAUque6uXEVFD1P9AOQ+AEYIVqFsUl4oSUWKirAAUK/DQfZDqVniihoGAI2SKH4HZen+gYAXnHHairIztBvAdd0yDR/39PQ+N1YqHqJSOJ555pkP7Ng5cMfCBQtLwsAQXi89OU86qKbdQDxXLtltHiUFxeDAfWeBEmekLgOZS6obkNpeevAqKiPUveYhk+krpg2NrNC3WTT/nIYqONQYENqlXU3ngnb2MKmrj5AGJN6kj50Z4qA80qIeBCtTPPU8D7t37sJvf3s3fnjVD/DMM8+g2WwCrZcEaDRgsjI8qcxuhadVXZsebYU/Li2u3aTKv1Vdme7GVIoiOAriLKR2cEcZDVFecVLmtwtxllQrGsx6UUo6KcRFFmyTIanhNBmwGQG47BvfzJ3ypjefXMjnM67rSsWiBSWFYKTKV4s3qitNVGlIqJ+mDACpnLkqQj1LJtfSqWJRKNX+Ka41zDUprmkHtadBqgouz7OXSoKQrewGqXl1T4twwNp3RjbEEUYxTeOoDF3wB71nTHvrgAV4KddFaYFQ31hIDAeqhAxSFdeYvKEh71wuN1Qsjsqyff19m2u16sxqrTpbVGg2m/kf/Nu/ffiiiy+5khpsigOctqCMSyibTgyZKijC5UyNNdHxHMxQyvqBRJoC5WYDRHcyxT3J4uBWXTLFFyheapwzrQgx31Vhoz0118WgyH0j9JALYhyJ3tPpI+aqwK3PJ/NVSPKsGQY1OFCpTODZZ5/Ff//i57jpxhuxa9dOeJ4HhJcDzEODprIvYLJ1WuGhEOUwT5cOagWTcURjy4gIQVTYwlQwNkVkhjVMBW4SEZVu1hGKN4khEBcOsSkwq1KztEFpFr823kTxIopuWMq2qhvVlyj+2No022plZbbKd/7qi1/OfPjDHzk1m83CSTlEcdAfqvihuRJS1MnyYY9FLyvUFVWoJPgp5BKIqlZSjXjcxK0hillJQpMOeq+8U0kVVf7UgBD/M1rT8OI07CYH1DmH3JpP+igUOtPbDNVgtA5Np0Jd8A2KF0LhCgOA6ThVW1zW15S1tCk4arVaL50XpVJpwYl/9Pof3nvvPX9NSdq2bds7r7n66g0fPfe8BzXajaZDvi41Bi2F5MiEDC7Sr9AYmcYAdEYjMKfofg1qLFBbk8xdubwkx9CI/oi2tY2o5GmgySLiQLsnTgtkVJnrz4OaQiaTxKZIxSs9EiDoJ/teggLFYhEPP/wQrrv2Wtzz27sxPj4O2CMA5t4AcV5AlPedVO/EOWlR+VF1zfyoNpPgtekus14SmR1FRytZHonXjBDYCLN5t2ZaO1ZSO8yKKk8ni8mMuGWOJArbhFZhePM6ziCy1WkVQYiKDiSJsJh14spFXdvqujff8psFixYtWpPJZsGY31WlP5hFQvslQrvDpeIIC3n6q27UJjUAUMfzEaFMKpNvA6n/hKAzQ6fSRrBoOs1TpMsHfqdDrxIq0Qsq1O2sYdDRcY1TUnhrUQ1zPwCNnAC6EifdDg+KYesQZWB6yqYhR9oOKU6mlSRGik9QoVDYPTIyskbkFwqF3R8999wH1z3x+6dHi8XDKXkP3H/fXx24ePGu09/yls1aRIbwzDp/KA9EWRo50Oadmig0Ok+7ooXFLfsaKOMY6bfJL0UC5ZPKYcGag5wzoiVjfsklLdEaJ2mMRDrkMom5lu/X0T6UJXGRfjLgm5d/48xyudwLAENDQ0s9r5kRdZpNL1Or1fqbzWaOc8+ZMWPGA57HH/rdgw9s2Lp1q7k3gEYDbEsCQLz8t+UlMQJg+TWhlS5ox5FMijfK6UvSjzhck9HJnvmWQVwUwEwzEUbtRUgSzo6LOJhtRNESZ3nZwv1J1l+SetFJ6DHbtNWBpXyr/kSNkw1XVB8SXa9efYRzxT//y6J58+atTqeDtwUMZcKIYPV/ZFBRk4rKe9elL13h1ddVwx6KEvpc4qSgKQlT9lJBLr1hFvaYRNdIAhHBinYmFIEqQ/tMPUUmLQ+p2vRO0eN3pQUhjAmu8U3tB2BU05D+B8qBKC8fXXBPmUYMAIpH4LK8mEF7ZBg69DU40p4wAPKFIYohXygMMTB86a//9uK///rfXtNsejmR1/S8zM9/9tOvzujv/+qxxx23W+eHQRPVl8Evp+naHgKmlZfdZjouZczRQpp15vNHKGemzXphj8jpL0eXc/LdH/UGhmY9qNKkQwzachQMQ1Z6/3Q01K/6uJCYi2H2gQEDAwPdV//oh+964YUXzvaazRxigIOjWqli9+5d2LZt21mVSuUs+Ip/C4DdAIoAZgM4HMAQgO8DuAnA5gBF0mhAUrmLNspM9hqW9Olo85VuT17HHV0cZ40k9U6jruPy4zx8wM4ccR3ncUcp2iT0JKE9CURZu3H8pBERm6JPSlfS/prXDgDn1tvvXHTAgoWr02kXvlRj5Nj+QJMYr1xJKRYIcA5I74WR+CkRecQKIMLMENAUtd+60gxM1A2EpxYFMDZf+ZKaGAEQ+liFWLX25LVQ/jrNHMqTZjSeTpcrSKfk9wGI2aRsCxJC1gQ7VerQ25Ft0NMHiXfPKU9YgFooMjoOhuVFTqEjJEsckteasiRGEyPXKkGnO+jVooULS+d/5rMXfP97//pdYRRwANVKde5VV1156UtbtvzL+973/vWUB3LsA7KpMUkVp9iIKf1lBhkipytIAofZh7D1YG5+ZQYPmaJLGEbSHCEGgFaDKTqNMfMVuWpOHhBkGnLyUp2BIKNOwuIIhkCsENxx+23L58yeW3px8wtzn9648citW7acSr9EGQUcHJWJCnbu3IFt27ahXq/T7ByAlcEfhX4AlwM4E8CbgzSb7G9HRk9Fvu3P8lEyP6pMUh063e0BUBGCVorJVjkqr5VCt4Gtjs17NiMHNkswrm7SflJIWraVEo7rY1K87fJ1snUkH3992x2LFi5ctDqdTvspQsBxTTNI8ahByPskbpuUoUYdgS+kMMixOURnSWGo7QnQvWFZSTMaRPsgwtlUGZR+IkQJVqpsGW2H8oCFsEXsIVC0M0qkoIsccsNofzj8zYxMO7SY9MZQxpJnWuOyrjKWVB3zo0lSrTFGUOhRAGXciHoKGo1Ght47qVRD1DvmmON2f/BDH/nKT396/YX1Wr1f1KxWqnNvufmmS597btNPvvrVv7tWX8uGUrpMqWq6KVDtJwl6y5mkn5PwBzc5FmhOaWyRiBLpKmGomNdiLJVFQKnRAjpM0SfGVjVB6A8aCx/ZLCZCcC2eTzVNZOvbBwa6b7zxhhNefOGF4wcHB49u5f3bgIOjUqli544d2L59G2q1WutKYTgFwLEA1gb3rWTVZGVoHEzVqZvudqezj23rDttrh1GVW4X1k4Q2bKHxuJCQc+jhf9ebSfefLFQC5014XhW12r6R0ZH1O4eH1paajRLFSTek0Hvalg1s/Y9b+rD1g4ItnGPiibq38SOOVtsSy2TKStqvuvqa/LHHHn9KNpsFYMhzKQfF6Xl6pqmOtfC69G6EoCVC2tD3OmoiFEMvdouy5lo3M0soMUy9btKGRUVrqHzdRtUf04hlQefUB39UP8IHCulCPnScH6WRenamchaeqbXfAaqgrtGC5llqPWYmB2hNZvRDcoIAGWumeCCgUq30kpIYK47Op4r8tLecsXlkZOTy3/z6lq83vWaONv/8s8994NOf+sQp73nv+y57yxlnbNb6zISRJikNcyQUSmeka9QL9zWvmluBjpX9okofBk66SI8pllUAACAASURBVCOIMU0zw0CR6FQ0K8R+Os9og2SMRSIN3g0M7Oi+8Zc3nLBly5Y1u3buPBVTgFqthp27dmLziy+KQ4SmAqvhGwQ2/WKTte0sl0bJuji8tnbi8MbJV5tuaCX/W5WLgynrglavHZrIbL8CkoRS4rxom5fvbNn8g/KiAz/wdC43/3AnlQVjGThOBq7b05/PL+uff8A7wb0aml4FjUYJteo+VCq7RsZLm4fK5a1l7tUqUMYBfZeVGgom2Jjaik9JLb6keFoZMUnHLa59s5zzgx9dkz/22ONOyWazcMw1SVNrix9jR3lI2QHG+jML6y4i4WgoWPsqoayub47i5FcpaKqBRWxB+LUgwpfQr50YCOgSmbCChqglfqYVMhWgrBviDO2/LtApQ7TANyP3YvnFZiDpg6TaDRklZj16RTSRzDRVXYQhYnaJlEo5ToOmZ7O5otY643jv+9+/HsDF0iggTU9UJhb853/+x7/cddedd1/wuc9ftXDhopJUjMHYa9EnjUWG0cqg5oqcMlwaAVG8McP0ohqIYUNWC7QURtr1l23ooKhrOudNQkyj4Pbbb1teLBbzj65d+2bGmNeVz4+Ux8dnViqV/pGRkdXNRiOPSUKhUNiSct09Q0ODmx955OHlExMTJQAz4cvRTPBXAZAHsACA9fPWFhB7SVrpHpsSjjIK4vKTGgImnsnijStvw2vTle1EB6YUcbY8wQCShSjiOtiqbGyZ1Ude8XoA/fXa0Obt264fKI9vdgBkZs89de6MGccuzWTnwHH8iKP67GjweHMOwAsiCXV4zQoajTFUKi+jNPbs7vL4S8VGo1TzvKowFKiRYDMUWinjqYaskoDZRlT0oVVdGx4AwEknv8G5/Ipvn9jX29vvOE7Im6FRX66tu1OlS3fGUxLsgtlWRDnKgUKHWd7YcCjStbA0N8S0aZCE6dL7qqIIptMOTdnQVwJlwD3yoVLCngb2oRQXN4qCHvQjtB2U1woji2lYFdGiXV07GYqKmkuSMGhLQ9xIDtJDfZdf7DPaInU+d8H5l42OFg8XVC5esuRXF11y6ZWUfFHnsccenX/9ddd+YnBw8Hib25xKpconv+EN3zn33I8/yIK25VDJ/pHX93RiiFKmdRSoKA/hrzz6WEXBbA49GRytLXGt9p/oowZa16DZXxnwuX3b7bctv/OO2981uG/fUdVabWbk3GsTUqlUpa+/7+kZ/TO3nPfxj/9s+/ZtpYsuuhBPrnsSnicPEyobf/TVwdcDeAeA8+EbCzYoATgC/sZDAe3IuleqLGLy9neb7eiXKZdlEYSZYCM8aunArBe1JBEZEjnksK8tymZnrwEYPK+Kcnkbdu/81XMT5S0NAJlMdk5+/gFnLih0L4frFgBG3n+3PM5SDnIOzhvwmjU0m+Oo14uo1fahNPb87mJx45DXnKCvv8QZCu1abHG8suXbyiYJR0WFl+JocG761a8XLVu+fLWbUgcKae5NjELnQaIUqAgUg/kqoNnroLJyshlFqBSLodDT6TRy2SxSKUdD1RpalIrJbk/Ito9ockK8PWRTUxSW2smSInM++cmPXzY6OipfL1x56MqfXHjRxdfGVf/3a6457q677vxsvVabaStWKBS2HHnUUb9897vf88iBBy4umfUnA2bVRqOJar1GlH1EafmtBWX8hV8zVKB9nyDAZS6+DQxs7/7JddedtnPXzsPHisXltVptpud5Uco2ERxwwAH3nPHWt91wxlvfuvn2225bPjwy3D1jxozSGW9922buediyZQu+/rWv4q4776DfGDANAfNAIQD4ewBfa9H8OfDfNADsijLOkbQtEwCtdZJZbrJyl7YbJ4tt0Gopo1VEIQmOKIjt93QZlFHQrvcswyyr1lz2NsfJQpDYbE6gPP4S9u65a2S89GIZ4EhnZuVmz3nDzL6+NXDT/WAspa3vAkLH6GucYld1cAfORUTBX3aoVvagPP5SeWJix1C1uqfYqI+KyW4aCq2iCa2iIkl5Mp0RCAcAcrmcc9Ell2ZOO+30U7vyBchXCKmLT08cMzwhWURch8L0QJS/rDnzAVYdP7mmDhYHstksCvkuuKmUqrq/Icbl39/N2xWPlrnfWo1rZ6pNf/y88y4bHR1RBsHKw35y8SWXKIOAaT8afO1rX/vwpmee+UAc/v7+GRvmHzB/w+IDF2/u7u4e/9CHP7y+Hfqi+ler1zFRrckyWiRAOyuZK+OaRpJosIDWFZOcvn5IIxYcOP/8P79sdHT08OkY9r6+vqfPPufdV57x1rdtFlEkariUSiVcf921+MZl/4Th4WFRrQzfq7cZApWgTC+AawCcFdN8CcAFAP59GrrSgWmE6RQp06W4HADOrNlvyB+w8OxTGHM1JeF5EyiPb8Gel+/CeOn5EQQKevbcN8+fMfN4ZLNzwFhaeqzKexVKhvxHz6nnkF6tX83zowleHc3mBBr1EUxM7ERx5MmdpdLzQ0Ff6bIDoJ+yJSDJWtB0LQG0quMAwJojj3S++a1vr1iwYNEK101BjwBQhQ6o8LvYQEijl/YAqawpXt+TIRoqNCUmKTSFVCKfUSd5oj0xRlwbS51spkVpKaiv/5mkK2HsJys61fxh1NbR1qg1lNSIMTLNbx34V6LfNJws2SGPqdXsNdlNi9EVMTbm4UL6gkFcatgwBJim/8RFiB6DaBagO//Tn/ru+Pj4UoF38eIlv7r4kkuvNDqheEZwcQB33nn78v/+xS/+UuKIAZNvgiMs+OJiV1fXQDqdLtXr9W4ASKfTMrpQr9e7m81GXq4UAE6z0ejmnLvpTGZIYG42mt10DjSa9vV6N+WWKWGplFsCuNNoNLs5504mnR5pNBvdjUYzzwA4qVQFALjnZTjnSTzfWDjggAX3HHfCCXf8yQc+sD60zyKAJ9etw1/91V9g/ZNP2g4VKiF8yqBwkJYCuAHAmhgS/i+AzwMYseTtz+XXKLmZ5Hp/4pyMPJ8OemzRDc9mENhCJu0QFFU36XqKI/AcvPLLa3K5AxYwONrRsJxzeF4VlcouDA8+hJHhJ8qeV60BTq2n59DeOfNOz+W6FiKVykG+cw1DeHK1OUu93+sLfkYkl/wgiowqePC8WmAkFFGtvIxyedvIeOmFoUpll/g4B40ktDISbGCbNFHlkkwoBwDyhYLzlb/+28yZZ73r1K6uLqlVbJNAUydasIAqeEg+me/Hh0BaE2qvAdXf9tZlZShK9XVXJi/CdWg7miFg/LLQ/DA27lEyLOnKOImwr7XNinoYWNvcSHsfeqWNGLOmIuY2XjKDLrI+Q4wNwSmzFtNwRRh8khyKSbNiJE1MR4MLPvuZy4rkRML58+ffc9nl37wi1A3TfhTjA38cvvev33nLunVPfKharc220WcDZhbc7xBuLDxbY3eftAVu2i3lcl27582du35waGgFY8w75JBD7/vcX/zFHbRtfdpxjI2VcOWV/4ZvX/FNVKtVkSGMABoZsH118CgAd8E/YyAKLgHwdcQvS7erf6KWDpLWj8OV5DqqvaQGRVTdOJis0dCyT+3MwFfCehH34tc5/Ih/PCOV6oI4HteXa8qy9bwaatV9GB56FIP7Hqx5XqUMoJbrWpibO++M3kL3CrhuXqK1eUgm2Dw1eh3exNiE5zXgNSuo10dQLm/H6PDvd05M7Cj5hgq3bWCkR3UCYd62a7XGGgOHr1rlXPaNK2YvW7782KhPEVNn2fScTWWn6VVmVIn0OQPvnpkllJGmPGF60A3BohEpspVqkkqAborU+iK6YtPCZnk/w3KMQFDMvpOdceNoY8PdN/sFEQlhWlwC+vmCZp8DhceoKRagC2gwB1boaRoFscYHyNwPBxpaiAzaDqUnyBTxnQs+c/7lxbGxlQL5nNlzHr7i29++lMvNeooLJn7zlgO48/bblz/44ANv3L59+5tqUZvrbJowYmynBmGemhEX2yeTpkqKvgwQUCLtv6DNQH7K5yyw9F966SWc97GP4qmn5MqKGRWgXyI0vzx4CvzIQJQxUATwZwB+icnLsKRR03bgtYZ3MryZSnuhPIawwkHMPUVg+0XEdVy4Im5Dh9PTuyq/ZNnHThHLAPSp0Z5r3kS9NoKx4tMYHPwdKhM7igAajpPD3Pmnz+zrPxrpYJ8BVRbRsiF4jMiaHrM+uqZYDfwyriIJ9foIKhO7UR7fPFIcfWpfs1kWD5X5Wc+o87xbQSwfz/v4J9xPfurTJ/f09uYdRz8YJWwfEeb6xZTyAWAtbiAKCbUWCTadExaOYWUYGgmhZw3lpcpRr5WrtyWMdpS9EGE0yE/ekjo8qBS0q9tT6lAb3TvXG/fZaOO0ySOL+pCb2HTG0LEWvrzEYWtLtwcUP6CPjzY/KBqL4WCzJS74zKcvLxaLK0ViV1fXwJU/uOrTIXrkGwt6zy1kaBz52c/+a82WlzYftHfvvuXlcnlutTIxt9FodgOA66ZKHHCajWaec+4yxhrytcYYSKVSlVQqVW42/XppNy3D3o1mU3vNLuqwH7EEIMB1UyVwOA2BM+2ONBvN7mZQPxWU97iX4Z6/ZOCknFo2m9tTrVZnp9Nusbend/OHP/KnPzruhON2K14w6Etgwigg/OL+mQI33fhLfPrPP0XJShoVAIA/BfAv8PcO2GAb/M2D64z0pLohUai7BY5X4trs11Su2y2LmGuQNLRId5IYpFO1ZpJaL7ZfBwCWH/y5FYX80hUgmwYBQxXLD3p4aDRKGC+9iMF9D6A8/lKZ80bNSXV5M2f90cwZM4719xk4Ge1VI4IiuA6vr9E0bqw304iBWUZY4Zw3wXkDjUYJ9dowxksvYLz04u6Jys5Ss1GK+vZ33Oc/4x4SzJ49x7nw4ovzJ530hlNyuVygIJQio6+BBR0hslgJYJAi1siBVD7hcHjIqzd1qURrWc8khobC6t+F8Es6hSAk5Yj3bN9YAOtaakg7hojWFZVBcsjaVLymfKJhdr0NagLpBhA1bPSG1Nn4sM5Pm9sfMvJkm5ZoBgG78DCxkWRpLzF8+Utf/MLu3bvfJLILhfyW7//bVRcoGlUl+r80vkJGS9CWJbpBlwEjN/Uxio30g87xUKeNgQ60rDgHQR5OZV2rNwZaGpSqXe31RDA8//xz/b9/4veL3/GOd27q7u6uqTlAjCVN/tBnRD9VknNgbKyIiy78B/z7NVcLStqJCgDAhYh/k+A+AO9C6/0CrULypvKLwmNLT6KnopazJ1M3KV2trgG7bLfho/lRBlJk9JiWjzIIpro8kASSMswB4By26sIz3HQvZOgf8Cc4J6KS7tLlHJ5XwUR5AEODD2N05IkK540KAK+374jeWXNOcfNdB8JJdanIA4RRoXDaFcUUgAoz8RqkV5VvN4wMPzYyOrJuD/TPgnoIW+exE2Tp0qXOP37j8v4jVh9xYjqT0RWzpk0VXVTuUaWtHGJdw4cO+CWX6oNE3FB2RM1ZWUuElkzRFaBlBSOgzZqhCWetvLV54WlbcGmdNJSyWdw0tjSIwq1o04xMUNbp2lBSI3WDUm6Sf6FNonSgIGkJbwgkvAALGzra8Ou8EH0UygeAVv/qq3940j336J86/r//ee2ZOjZt2yVp2jLGIhMAPSpYrFeouRQ2cMyRoBuMwSmLqFUDiZupB4RQbd90qXjJ1aDJMobZR+0irb9krstlNhGZVHz3+6Lfi/7t3DGAz3zm03jg/vtFcg2+AVCEHhWoIeyUePCjAp+DHYrwXzv854j8pDCdeihK6e+v9pJCEud5KnQl6beElFFQTGEekU7vaTpNY+SP1qP1GZTlwoy6IPUlLcXixoGZs05Y6r9a6MhJLl6X8z8oAxXeZwwOc5HOzERv32Ho7z/KTbnduWplT2piYvv4yNBj5bHixrqbymdTbgGOk1b7FAQ+m6unZEwkWPw/lU5lAGNgLAXmZOCmCshkZyGTmZEbHnokDSAN/0APl1Q3B9PkHQOAt//xO5xL//Ebiw455JCjU27a548UhEwSwRgZLCIn6bUvvJisL3BJtc0gPr4WUMmCsWEACz70I/oKJpvX9SGdMrRt4dnpQpwJQjg02uT6Be1YwHQhb7XyplIX0pcwwU9mxi+ddxaecTF3TMXF9cKW3ivOKoQaqtDHmBS/afQHwfxlWj+gtaCQU1ykMCfPFuG/JEh2mtQLjGhZR2RLBH7ZufPmDd91553vpXzo7u55ZMVBBw0rlSh7pVPPBC/FnORBOa74Lh42yUYa7SIcMKIN6tRg0WcylkEfxL0YSroJk9O25FhLTshnQM0zMZTqmxj0+aRzUvGVy18Ez6Ns1zR8GeFf4Oxs3LgBbzvjLXjuuedEsQqAUfiKfDz4mwj+xIZoIcv7AdwK4P2ww68AnA3gNwjrA212wS7/6bVn4DBlXVQ9272pb2y0YBJ4J1tWnxg6TSbOKB7G8dTEH9eG/KMGgU1529JtRgNVVpz8ReEzy9N0Bh0PA8CazXIj7fYOdeUXLQQcaCeL0fAaeRqUAnKRcntQKCxD/4zXpTLZObnKxK6uWm3vxOjok+WRoceqDE7OTffAcTJwNLaEkGoPnA1kvuEhMM4sTCE+UGDo7Nt7Txa+MZAK/sQANo1fjyBhAHD2Oe92vvClr6xYuHDhylQqRYSMkI9KGHJj2lDBQcWKJpKJzKJCSGQoA0CfgWBkz4K0IJTA10ghF1JfMUYsscDDYpRmWlm/loJSs8YIkeacIf8UPjmI6jq4pdwL02GemhjMSW7wLgDOaJ9DLqYihfwR/xACuaRePiPUOKC0UgOKfDyJdlP7GAEZVUKf3kdR177rBgzo7e2r3X/fvSvK5YmFAuvw8DA/7bTTHxPzSn6aiTGdTg2rGhthLHAovmhjxcj8lH0gfCXMlXVJEWnYCJ6KazJEcs4Ehf0fYSRJa0Mh5YoubajNqWk+o0Bw3LEabx1E+4oOr9nEQ7/7Hc5511koleSblWUAYwjvF6CvEyL4/TMA1wE4EmHYBuCj8CMD4uACHvOHNq9b3f//VnYy/Gj116psS7ym5gN0y6QdiKtjRhlguY/CI6XO2Ngz1Z7ew5ib7p0hBIW+lq/LeP9eGQ6MOXDcPPL5xZgx6zjku5fnvGa1qzIx4JXGNo0P7r23WK+PFNKZfjhODtpBR0RAasKNEiqFrxLa0iMVytLQL+Ja0AoOcN5AubwlBWU0NeAbAeIBbRr8YgDwxS9/xTnvE588au6cuYsdKmBsxFIRznRlQRyrQKBQmonnJMSf4DnpB5e4mGSG9KwkSss768YYKo+ea/WFFKb06X1RkQmBTBwDTD1p6vsrT4soFSKg/QxBv1IaclwdqnBUOalJNMGvlBe1Caj3SI0SqsRlmuANCx5a4Q3SCIXGM66UqzZ2qhVBhKTD1ExCwQjeyvlAxoupKJ2cV2SSMDAwzrF27dolQ0NDq0RLlYmJWWe+65xfKgOUk2aZtD/C/SRzQbarkSvHgYPLeoQLWl9ZoKWZOLtEKHMxYFp/1VyU/YQyyMigypklT/agdcnzKuQAHUOFL3hyOJf9pIar4rn+Cmij0cDNN92ID33wT+gHiYpQSwQlqMhAFboxsBj+WwR/AfubBH8J4M8BrEdyvWHTCXHptrw/5LJJ6pj5rcq2xJsyMoUCYtAbYUaaLZ1em0SCpJvljCcSiEjjADA89MjwzFknHpRK+acYMvmQK8K0UL+NcgBOKotsdi56+1aht3dVGmC5WnVvaqK8tTQ09Ehxorw1lU73uKlUAYylrEjM/QUhZc/9x1JTBIAULsozYEa+i5HhR0Wfm+SP7iMQUQIAwFe/9nfOWWedfdSsWbPmyz0U3Df8PM+D59Ff7q8tGic26spVKRvVVyJ0RD+1EaNCWRUQqlYXkqQ9QzDKf9LQU1KYafTpY6EEpmUznFB8ok35hkHIDFBKUqsLsIilALEhkipUrU3yT0cIvT/UyFJMJUpRKVbDrtCVDqN8NvgrxsFQZJQg2bZRVxk7il10nKGT4F9y3ayRVRnDk+ueWLhr587jRLWm1+zq6el55KAVBw0LvOoZsfNL0iXJZ2qsKJMlCjrupP/Ci+dCmDFtPssoiTbxVRkmafOvuRgnymKofGX4ifnI5XyRj7VmvOluiG5YUuOT5DPfcGg0Grj55pvwifPOpYQUoaIC49AjAxzKGLgQ/omChyIM9wE4GsC9UEYE0FrOc0ueuIZR1qyjzcqIsmaerS7VU2YajHzHwEvT4ug168bxB8Z9FJ+i+mnrY9yfle6UgZAb9yDpNg8/LhRhlourQ/8E42zpHAD27b132+w5b1zmr/sziM05yjsRCkFXLOphZNJWcJw00umZ6Oldib4ZR7luuidXrbycrkzsmBgZfqw4Vny66TjpbNrthpPKaN6H3yYRIECwiYc8woGAGh9/af6+PXd/cHjo8feVxl5Ynkp17cykZ5TkBiSJ0wFzXOzbe49/46OvQhkEHrlmANj5n72Avec9710zc9asAxhjqFYbuP32rbj11i0oFquo1WrIZjga9Rpq1Rrq9Rrq9TqazSY8rwmPc3LwkhKTmndHcn3vOdi8KYUbYC4FKGzqSkWfBeOY9NgYmTo+/+h6NPX6mPyTAlE2QYQsmfa6MmeyeYj5wci1mD2M9oOpkxeNx0gTxBK/qEs+/WPQpZMY9YyLWya9RhawSSoVwmMO07CTBeUToU4+NNskj5ngGW2eeOgyguIXVG0IPspdjrphBTKeruuWHnn44bMoCSMjw83TTj3tcdpftVueGKmC9wFhar5yQRgICbSCPtaMB3pX9EP1T9oCErecCbocIc0CTL7Oqg8P5Yc+3xXtRPEz5kcoNENXodKjeuSZBDkBkzM0m0386uabqTHQgP5KYRHKEKhBGQNnA3gQwBkAsgiDiApMIKwfWsl5WPJEV8zlYtuycrt/7dAQl99Kd9l0pegDi6hL71lEXlR7YlJ4MWWi/kxec0AtGdAO2O7bgXbCFjagdSkuKrW8Wm1wZ0/v4UsYc5QhwAH5Hre2g1cdvyvKCYxCOTE4cN1uFLqXo3/GMalc1wG5en20UJkYqBZHnxofGX6s6nnVnJvuDZYTHPIQE7VHlYgQEODYOfDf32s0SkdxXp/bbJYPLZe3ncic9IZsbu4wIRRSWXkNlMtbAGUA1ADUoZYPmgD4O975Tufc8z6xat68eQs5B0ZHq7juuk244YYXsW3bGH7/+7144IFduO++XXjxxWHs2zeGRqOCen0C9UbVNxAadTQaTXjNJrjnBW8/cEWS7ItKUH1Uip0Fmkrzcgxxpt0Rz08OrRDW4n8l7SAFOjjBYwhNQzirgTbpIZ4yebTEfAAR2CJH2hOisFSQOlfkgUJMpSpPk5DJaV1Khq7kmYY9mNpMTxNIRX90I4e2y9Qv4bcOTMOsNSGHjihn8qwJRccDxojRUt68YsCCBQtLt9zyqzOazaY85rdSqfSfedbZN4nhlvTLW6bIltjJrNOMV9MY0XvIZb44LEuMnnp2KY8ZSVHzkBxCJfZfmOwU+AhD1YZAVYCBG8aEPgYUh+SxIJaT8oFh3mw2cPddd+Hcj/0Z/X5LBWp5gEYFRGSgF8CPAFwMwHaWwn0A3gR/Y+F0AxUcMK5fi5BE15mKPQ7M/rcC0/hoB6z1xDq1mWmGcTjCywBmnpiutrAIM/DZ0s063CgvrBkGgFUru+uu2zPUlV+wEEhJz52+fy0dSCB4oJjCAPXQ+/JVWe5OKoeuroXo6z8She4V2Uaj1FWp7PTGSy+ODw0+VKzXhgpuuhf+CYopKWBtJ79xDuzY/l9faDbLh+ks9grV6u5j+mccfZMKOVIvOB21bFALftns2bOdr37t7xYsW37QQYwxDA5O4Morn8KDD+7SW/KASqWJXbsqeOaZEh55ZBhPPTWK7dvHMDJSBmNVwKuhVquhVq+j0Wyg2WzA4x48z4NaXfAZLPgF8SuFqc9UxsQvicgYfVTOMtOvBSamojtaPdKmbEPoGE2QKmEux5ngkP8Tj1VGHOTc0OuB0kfqUlyULlEfpE1lMBK+Sf5QPun4BOH6OnnwmAj+SENA8IRpfITgNcUBvT0t/G3UF7ylyhBk+Uv9gvSN4uKkXT/pgfvvX1EqlZaK57LZbBZ6enoeOeigFcNy7ASPCQ1q6UT1S7xaSg0wbXwBLVIk+6NGUPUhxHdCB6D2ozCm9UfjER1TKhmMPR7qlVjFx1BdJiIPav7QcZFtB7aJ12xi44YN+JP3vxe1mlhlRAX+BkLxJkEFfvSx6tfEn8J/O+AYhGEAwMcAfAV+VCGYfLFvm5nXJph5ph6w3cft6EdEGm0vjqa4umY+Q7Sua4XX5JmJLwpnq7f54vgUp3tlfiqi41EhC0SkcaOOmWbiM0MXNM9kjIlXlGelsWeq3T2H8nS6b6Z480Bbw5YYlBDjQpgFD57tgCHxcKZSWWSyc9A/4yj09h+ZZk46V63uTZfHXxobHny4OD72HEulutKu8dqi3wn//8F99580MTHwEQuPwblXqEwMuN29h64Xrfr0OHAcF4P77gfgicES0QEe8Kd54UWXzD7+hBNWOSyFzZtHcMW3fo/nnxvxhaPt+OXgl3OgXG5i1646ntlUxkMPjWLDxlHs2l1CuVxGs1EB576BUK830Gw04AXLC5yToQvQa56wGCEwmEsB6opLYSdHNJBqWjhVjiFTZSh+0Tei8KSgp3NADb+6JsLXNOS0uaMJWhaUV+pDfTEhqEgiAEpQM4RMRQal8Em3GFTkQAp9gkv1lctrBqaeENEeI+NB+yWiEoQfFLjkIC2siFIsJV61wU/ZlqFsxT/a7PZt25wtW7acTOnwPG/XSSefvEktj6jXVyF5Q6cHGXeqIOn0FwYtI/yV9DKZ5/OFyXGj7WmbhTXuMkUH03vIwFXkQNQx6Jdcos8RI3Qz8swEYQF16FF4vnqeh61btuDMM9+BsbExkSM+SCQ2EU5ARQbWALgFXKOgNAAAIABJREFUwCcRXh4oA/gygE8BeAKKpa30gu3aBDPPIWk2XRJ1zSxpppESRZ+Nnlb0xrWZBG9UXZNWMy9qacBsx7xmljpWHW97yyAKJruDMS6yQIkV0KoNjQnDQ2tH+vqPmpFy812A4yMjkoAY9VCijog1+TTR0wYDsuTrQg5ctxfdPYegf8ZRqUxmZq5a3VOoVnaPj46sK4+NPlUFkHPdHjgp8clmv1v79vz2bzlvRh3riWZzYtmMGcf8XE/12256FUyUtwL62wU1AI0/+cAHe85593tXZ7Nd2LBhEN/57jrs2TNBWIpAQRnWANRRzOKkPQ6gVOLYPlDFhg1lrFs3hueeLWJ4aBxeswLOq6g3guhBo4FGswGvqZYWOIfySAV/Nb4jUPZQipDwXwlXNfRUlYRmiMAXCFEpJ0UNQ8mptsgMEAWpYlZ6QUNGivpcNPsiDFGpP4WJQDw/ajSQ/tCmIWkzFbI+kf0kojSEMlHaSpvXsv+UlYzwUKNAtEtIoMqKaHPaO92rBshmEXJNR8OHeXPnDd955x3aeQSjoyMLzzr77JsYAOVNGxVlnyVDIMwNMUbaFyplF00vXO3W91P1Y6YlFxULwr2QBqziiOIVxa1+zXlKy9CPRZFJpywEaphpss2/GRkZwSc/cR6eV+cM1OBHBMQ5A3Sp4AoAPwQwz+wdgHsAHALgYajPG5sQF0FuF2xPepL24urF4Wulm+L6MRW8UXXb7UeS6H0rWjWwvWUwGQaYQDtmU/ZxBkDS1x5lmaHBB/f2zzh6ViqVz4L51X1Z4T88yor2BYQ6Ulily4+qEM9a/i+UluPATRWQLyxB/4xjkM8vzdXro12ViR21sbFnxgf3PThWrxcLmUw/nFQWu3f+6n81GsU/iu8GT9frI/sKheWbTUGbcrIYHloL+OMk9hBg6dKl6XPP+8Rhc+ctxD337MBVP3wa5XJDF5yCB0wJQHGv9VEqJOFxMNRqHMPDTby4uYJHHx3D+vWjGNheQnm8DM6r8Lw66rW6vzFR7D3gni+KGUA3AwJUVEEZABwGvVD0EgUk6sD8C9pSSxaaPjTqBv2mykFai2oyKUoFRyBVuTI+iOIknqRUQgKL8BQ1V5wpfitdIvNAaRPtccI/qWMpf8T4Cu1F2hD9D9J4QL8KMzOpYCgvqWJjjJEtAqJdpsrSsYXCqylBJvIUd0V7vX19tdtuvfX19Xpdvs7WbDYLJxx/4s29fX01pTn18ZeH80hDVPUlvJxFaSf0kVNNBd3qhE3VrKBf1pW0QPJSDKY6aUSNGZ1ftB/MMHYErwlGbfzEXKNjQ/M4gEqlgu9+51/wXz/9qUAhjiMeh9o7UAHwNgA3A3gLwiDOFPib4D6JXrDJ9HYNg1b1TC/ZrNcuiIcTlt928UYp4CRKmUZG2uFZq/Zsywa0zVAeI5lRxyea90nSgWRnRNOycbgdI9/8qIQDILNy1T+cmk73gQVGAXFmoN1wobREXCDwcqX04MqrEWeAWz5Qw7nnf4Z5YicG9z2A4ujGiudVKoy5Xnf3wd2NZvmWVKrLZaGDjozOOuk9i5edex6dnf67w6PYtPFicF4HgpBfKpUqf/Rj580+810fyN1//zDuvnsnmk1PEKS6SYWaRJnwKGbJH9LXgFO5HMMhB+fwpjf1YubMLuRyWWRzOeRyXchkMsik03DTabipFJjjgDEHDhHSlB7Jb4NOmQfAPLzW+oVB2V0ldlW2sXRCC0ibgOCmEtw4fIIKeNtRMCZu2j1FJ/3QEAvXI/1iGi6jnsxTHqNkI+GnNGasiK0k05JBfohhpF5AlfGhKDVqghE6UbTsV770xc/v2LnjdErTCSec+J0LPud/rpdiE/sQ1PMqJ6jBQ30c9XlPRtr4HoeNKwyBUSRlgEQMcCY/aWE/wVRNAm3+GOMmOhVa5jOxBbRS6c0CfI1GAw88cD/ec87Zorj5bYIigLkAvgTAuowJ4F/hHy4kvj9gylr//vzGSoCpDzpxzwUF3hwJ2vXBSQNgHhj5gBvn6tprNMCbQLNSw8hzHn5+IsWWRD+YdEbVb0fXtSob1VYSHWqjuRX+qO8SJKHNPo4GuCTTRpTtPipdEJUEl/lrw9OKBnOgaps2/sPdh62++FTX7QYTwQ9GvnIvHjjxLGvHwNKnmX6tToUDhSchBLy/1t+FfGE5uvKLUasN5kaGH8/t23NPbWzsmUUAXMbSyGbnIOV2wxEPBbg2EJ5Xnzu4976TZs855UEpZBmD42Qxa/ZJ9BVEZ/URR849aMWxmZ//fABPPjksvRepOJl4i0L/yInIE+jlK3TEZlQyiNSlNhKAiQkP69dPYOeuKt7+tjzmzcuBI4t6zcWiRb0oFHLIZDJIp9NwUy4cN4WU48BxUmAOg+M4ihYGcvZ+WPrxgO8+Yb7EpdEb6s2p414Q2EbG2QBaC2HjRDqakguGwBb8kO3obxIIRgvqFC9ZqHvMSKAKWShLLtsDmNzApmgTY0f1hs8TsZRA36Ig0QNJGzV6Cd8Ix9QbO4Rww9gQylj0Se3D4aQED07VoxZZ0D6AY4497rc7btp5OhkJbNu2dQ1j/I6wVa9o0YwdanAKHnLIV/ckhuBZl4+CjBrQwWB6k1oe1EDpVeR4K+2v+h4yloLohnwOZWn9cWBBR0TkgA6FfC7gy6bBwUF87rOfBYEG9LcIzoD/9sBihGEb/JMI77HkheUv58vBhbhnAUEOII9/T83UGCQeMK54oz0UTnBaeyoHzD0eOJ/uIadCSjrADXAvOFiJF1Er7sPVc+myRhK9ZSrYuO8FJNWLScra2nQS0hKlCydTN1TOYoNOGqIiBtONJ8pCAgDHTfdlDj70S6e6bgFAikxGHggKoSRJuFCGChH6jTTVLeCvWXpo1Mewfeu1nyqXt77T88QcdZDNzdlQKCxfV6+PfMQ0ztx0z8MHLv7QpTTN8+ooj7+EzS/8KwAgn+/DEUe+B319x2H3y/VENLUHcX0NuZ3o6QFOe3MGs2al8atbKqhWGQ4+pIBVh/di6dJu9PVlkcmk4aZduK6LtJuG67pw3TQcx4HjBBtBHSN0qhlnOjDyv6KMvOpIlZamC4hSgC6jzAym3Solp75MKLxS1V448MJib02PUbSnKSMtP+zri2QzzGxtLzI5igHCALMg0aYJtXToZdLnxi/zkQ9/8GZaL5PN7Lv6mh9/LB5LhBHAEH6u4/AQI1OWNASBKS9CdBDbyv+lr9+Gj3A2f016bOMcx85KZQLf++53cemll4gk+rEiB8BXEf39ge9AjwrEgVBcGWR682CpbjiZPJx0Dk7KgZPJYc7R3Zh9pIvCAqBrHpCbBWRnAOkC4HYBTgZwXP9PGhO0rxHCWPuFZieEgatfuREaQ+DeCLzaCJq1EipDZVx7SJSB8Gr9vqoQNcWSENdOhyZbJml4hIY/nO6elfnFS//0lFQqL9fZAEQ8zIDmG1uEu3XHPtRDr4X/gvrbtvz48kZjfGWzOYF6bQiNxtgQgDMdJwPHyd2RyczM+19aVIbBnPlnfKKQX7obUpRwNBpFPLPh75Fy8zhgwdswb/5JqNdTmq8VokX4EjQiILx+0sHQsc+qw5oQpPhNHnV1Aae8wUG9zvDQw01MTPh5PT0pLF2aw8qV3Th4RQG9vTlksxlks1lk0hmkMxnfUEi5SLkpZRyIP5vqb6lfLII0QZ1JJoVTk+nkV6GekdtWvei6yb0JZvvR4NyP/tmPa7Wa9CqZwxr/8Z/XnZO0fiIaou3M/YpDPi8kKBNGGzybgcGp9jRBPsv6CpZ6HhuNBp59dhPecNLrBUZx+FAZwOvhvyq4yELaevhRgXUx5NvkrfjLkT8X/vdXhECj1y5JA2auyqP/0Ay6DwRmHQH0LAbyC4DcTCDb7xsMUi4KAzy4Dnts0IWyLZ38howIDj/SERgOXm0nasVtqAwWMbHHw+5HPDzyVbPS/lqCaGdp3gZTLusmLWgBGp4w1/NpvhnKiGJK3LJAHF0hOkpjm8pbN//oviXLPnZKyi0AzIHY6GWa2iqcDpKmGw5amJU8mHSjEQTmwBvxvMZ8xlJw3W64bh6co5gvLJ65d89va41G8b8ajeJHGXORzc6Fm+4BYymURp/5o+7CshuUXPCXDeYf8MdIZ2air/8o1Gp61MMXHPphQP4VIw5z0ElOeh9ES8SBJeIZE7xhMi0wMEhZQF1PTDD89h4PbzmtCwcuqmLzSx4aDaBYbGL9+nGsXz+Ori4HKw/tweuOmoEVK3owcwaHm2Jw0g7SLkM2k/aXGAIDwXGcYP8B0/icCKYm8aeMeL81v9+Rt25ofzbf29uze2RkZCZJcvt6uyPLx8P0UTpZTJxz1OoNVOskkkeMAbU/x7cS5HmW8j8AoI6I7rT40sh/BqvVKr7/ve/R5hvwlfTfAPjjCBIvgh8VaAW2MLOQtWJ/gqn4HYQNAxVZGNroYGijSM8ZvxksflsOB54RGAtLfEMh3RMsK0AJbQlMF+RmWEiyjoQVpIXmAMEyJjgHnPQCpAsLkD/Az1/wRuB1X/SNBt7YiVpxAC/+Ygj3f86mm1qF7r0EZU09lzRa3m5k3VrWZhBEhePNhm0bA81NCo6ljo24lpsdLPViN3WMj79Y3r7t+vsWLf7gKa5bgDilWVvPI4pXgFwLpUsGTPmrNMxMTQvuI6fWKaHPQTrTOzB33lsxc9YfZfbtuffBocEHP+p5NVQqO4GKg0x2FhhLr/a8+g2MiVAa4DhpzJx9UnAIEkEpJric6L4RoOwYsc4cERURz4thzIiaspAhxNRytMJZqwK331nGmiM4MhmGRkO2DsDfd/DEE6N4Yt0oCgUHy5ZmsHJlHsuWFdDf34Wurhyy2SyyWbL/IO1CfK1RRg8sNAk69Q2B3OyQEfUxzx4wQuUEu9mOFciOMgsKckMytKTA6BLRaplNkegRHwD+Gr/4giaDVt9PsrvUYv+AzVu1ts2MDpF5LvqrHQxK68sfPabl78dRBHgc5UZDfbMrXyhsGR0bh5qN9KFrET+nzBUGpUWHyDIRvJCmtRlFi1qHsJBFHs9wHfIMm/sDqHGuuMdDurDRaGDz5hdx3XXXiqQagNMAfBaAzaL6FYDPA9iCaBmaFExl1ogoZ9MLLqiRQI2CbbfmsO1WEXHIoWdJHrNfl8PCNwJzjgX6lvtLEOIVb8b0B1zuJ2HQZTL0a1OQaOVEvkOWKLIL4BYW4IjzgdWfhr8Jst5AfWwTyruH8MTlZTx/fZT+MvVfFG9oWpwujKofV77leNsMAhNMQyBuY6BtWSBuI4MNR6tlhSi8obJjxY3lHdv/676FB77/FLGngDGxwQmQwgAgFjiJ7wEQxoFQccprhlaePvgMgONkBprNicMFMW4qP+CwFDKZmThg4bt2NxrFtdXq3uNr1UE0m+OoVfeiVt17/LYtP67NmXtaJpebj5Trn4TougWLVaybvxw8+LyysVPesF7sm+wQFvJQTXLSFj0cRRkiQL3O8NQGwHUDNF5QjOzd4JxjfNzDho0VbNhYQV/fCJYtzWLlyjyWL+9Gb18XcrkcslnfQNA2J8o9B4HwlH0RDyt9uA2jIbRRILgSR1pLTw1SaAuUVglPht+vr/hgeiPadwwCxUQDVdr6f6g9KsxInEpuCDVUd4DYfFNCvZoniDP4QxQo3ckPwN+UJzsGKXw13SeNNaEoOehx4SpuRdmoXmdkYCiOjq6k+d3d3QPU0pBdCHgko2gmVqbNVm1KUIXOwRRfrMYApOEhpocK4euKnSpyvb7xrAhj2mY5ROgtcuSw6hfZH1Gr1XDDL34hisyHf5rg6xGGCoALAFyN1ku97a5ntypvy6PGg6kgXSiDIYOxrTmMbXXx0i9zAPIAclh4aj+Wnw3MPxHoXQ5k+gAmoqdEjluXiEGMOlOuGmDIFB+CduACqayLdGE18nOB038MnPojoFGuYPTF9fj5CUMI608TbE6uzRBIqiOTLvXTa5mWxCBo1ZDNADCNB1teHI52QiFxtDrF0fXlWm3ovmXLP3WKm+4GR4rMEcNapL8kVEf3IQjlJm8sosSXM26JpnlerV8pXAc9vYfd2ByuHO+6BTSbVdTro6jXhlEcXb+oOPrUplzXQnfO3Df1dncfAjfdC8acQAiKvQJ+S+qQIdp+4E/YogPGq3Squ+F+hPlkV1yiXK3GIE9Jlc8P09sgbY6Oelj35ASeXD+B/v4RHHZYF1at6sbCBXl0d3chm+0KIgfB5kQ3re03kK8zcmWohFeFjAQ5BmH6VTdNRWsyRrcLOOmrbpew4BO6BJ+NlaZaIw2bCo/TVKuwY+EsppSyzQgwO6q9xBgyUix0h+hlsIlZqxHBgEfXrp3faDQ0b3bx4sXr6QZOZiAQkbwQCaSP5lSwtS1wmPgpwZzcy3qkgxp3mDFmWgWTEtoh/z5OP6npGZgV3MPQ0CC++93vAMCHAXwgouo98M8bSBLWNiGJLI7bHxZXP0pv2IyFDNQ+BRc77s5hx915MCeH3Jw8lr6zHyveB8xa429iFMsLUcCY/hsF1jlhJDIG8BTgpADmAqlcDnNnHI9P1wGvBjQmgPLu9Xjp5t14+G/MKIqNN1F8ilpuoJBUl1rnwHScVJg0TdTnBi6zA/RpMXGZdePok4Z7o1GsT0zs2NnTs3JJ8OqfdT+BrKgpUhZ6funXFDX9SoyFseLGEzyvuoSgrfX2rbnTV+Acua5FL5fGnl3hefWFjpOG6xaQTvchk5mZ4l5jfa22t14cXT8xMvx4bcniWdnjjj8Yg4MNiE+Zy8N6ZOSCvvLFVBnizSpa7bultU2EWr/0siGuyU2I1NbQXSgzUmcOUqXCsW1bDRs2jGPzS+OoTFSRyTTAed3/+FKzgabXDL6tYA4/eb0wYItUI8LbZUqLi0vxp9/ZtQMjyVKWaGpR7OUQKYTxNInKEb0LQdP0VUGmKyGtHkWoXqf1pwVXVgpTRoSm95mqp3quojlqbuuvUJJGQrzRTzEkJGhjxBSvGDCwfaD7n791xYX0YKJMNrPvny67/Jv0eZINBe2r/SUGtzmH+sBRxGkRDGAGjvCAQEZiWGBxa0typJK+GVbWJlca94PnCRDPYQi4aN86kyTUalVcc/XV8++7995/BHByGBF2wv8i4d9CyV7xB8TLdMcoi4iytjyKN0p+W2U1fF1A6aTLETX4310QJy2WAF5CY7yIfU+M4bn/HMPz1wO1Yg7ZPn3fgRaWQ1ipSzKk8NDT6DOpC1P9msxRMMdvP9UFdM2eh/knHoTXfflgrPpkH0rbhjC+20OzAtKaINLGG1NPJuG3uI/juTYH2jEIWsRWwshj6scRpqScHTftIG2P1jEZwOq1wfq+vb/dNmPmCcscx197UupUHX+jQChVkI11IkcXhupaee7j45uXNRul1TLPSY31z3jdraIcY0Cua9HvS8VN7wS46+NPgbH00uUrPv3zQvdB2Xq9mMt3VVJve/txzmmnr8Jxx/Zh1qwMiqMNjI83JS08EOTQ+qL6wcBJeDboMxP1aF+Y9FC0txSo8gkeDNpX0YrGCyr+6TNmPIO+klXCttkERkaa2PRsBU8+OYZdu8rwmjWkUnV4zToadfFlRnF0MlSPJbnCAxTKR/caRZnQQUZCaFBCGb0VhqTt4Vd9NRUEI3So8VeKVdBK19RVWb0dJtojdKpuk0iAJDqsElkwJ+RbJwGIeSEHK2iPHiolxlnWZ1wLvYty9OuBBpPl78DAju6LL/qHS8fHx5dR+g5aseKmN73pzU+p6ccUX6HOApFd5NB4S/upCNc1P4OY+lyXOIYRLXEzxVNG+CKLG0uOKooXLGNor3CaIyL4r/0nGK5NSRrpvvSSS8655uqr/35iotxvQfdz+IcPPQ7/hFNbxDapgo8Dm8y3ye922rQ5d1Se0w+9VaE+1jSG+tgodt0/jKevKmHLTQyprhy6ZgFuHnBcbb6HyYwjG6aw169bLj0E2yXcLJDpK+Cg9y3DkZ9bgVWfXIJ5Jxbx4s/F1ybFQ2NT7EA0v806cUaCDS8A3SAwG4pT7iaIsoKoKFyOhXiRBpIHozw37j1SRuAw12GYUZYBaI6OrBvo6ztikZPKORCfMKbeghToHLoAF12xWZYqTwh7zhvjE+Xtbxc5jLmj/f1H/YZWdd2uGkfj2Upl92kESapeH6nMnPX6TX39R2HW7COcgw6ajTmzu5FJMyxYkMWaNT1YvqwLlYqHsbEGvKYQllDKI+iyKcTAhNBUeyKowyevlatPeCL0BCNlhXKLYAlhfnSmbkyI8vU6x+6X63j66XE8u2kco6MVuKkGGPOPTW40SNRAOBbCNpBGABlD6J0V9GuKGcZcAGEOUdjKQKCTVue9bET8mLyXaCilKldbGmAiR/FcG0+Jg/RbHktMvVjZcYJbV3jKkFJdFu1xSa6YH8RgIDwQ7QgeMoJzx8BA95X/9n/e/pPrr/tatVKdS8e9r6/v6cu/+a1viX4x0i+FnhhUAb30qWSiPJmb5tiK0wUlb0DaImOv2idywPAOVX16nHL8qaDKiBDDIJ5fMr6Cbk32+Essl1x84VdffOGFt27a9IyJejf8w4f+Cf65AvJT6ZI1upye6jUseVNtAy3y6HCLnaiN4G8C4tsNE3tL2HLTGLbcUge8bnTNAdLd8PcaEOaqAdeeh9BfHITKg+CDRYUzP3qQ6UthxsqFeN0XVuDgP5kFYAR7H2/E8MGDnSdmOkvwF+Ivg76xAAQ5oCvaKEiyxhS3cSKuPC3bqs2ovQm0LbkedfChXz46m5vbz1haf3ANfa+fQcD1icGDE8S4cVJggGLLi1f9jMOT3xRfeOD7P5hJzyjpE4Rj+7brvt5olI4XKYw55TnzTv98Ib9sNxhHOs2wdImL1atzWLYsh2zO32jHmIOhoSYef3wMGzaWMDbW1HZvy+ugMeVV+Wl6V8k8MsNhVBFqr/eEq+pAEmlZWzFJEST9kv+SZqCn28GKg3M4ck03Fh9YQHdPDrlcLtiMmEUmk4UbHICUEq8vOlTY64JcdInJPtiO1NFdNL+setCpkhRcDSmOAI9UqlYWhA1PxXYeDIN52A6ZTJa+hWmgQAaOFGm5id+Gh4krS2UODOwY6P7pT65/43PPPXf6RLm8qNls5kwshe7Clr/7+wv/ZtGBB5aippQ2v7V8pZvU/DceV0KfcMSJ3au1pc1BUsDfe2osoZmVZQTN0ALkmZdfKxT0yuugL5wUF88vBy77p/99ztMbN36gVq/nR4aH8dhjj9IWHoBvDDwH/QNGHuwRgqT7uYBoGR8l21vVTSLbzbRWtFC8Qt6rsxIyfd048X8vx7KzgPw8gAVb6CLlOwzZRuVZi7L0IaXywywLqAeOe0CzBlSHgV0PPI3b3j+A8LhNZhziQMOT5LFPMmmmE0wFn2QSJKWNTpbMsoM+szxfWLLUcTIAmHqIDcEL6AeFAFAPMyNKIEAuxntg20++UK+Pvkk03tW16N/nHfCOX4hIAgLhUq+PdO/aceM/el51qSibSuU3HLjkI39DBU8qBcya6eCIIzI45JAu9PX6u/BTKReVCvD0M+N47PEiXn65ikYjLLTkVi+mn76HgHqzH1pd2XcVavYVoZLMmn1AdRRRmuEPS0XXMzcC0+crkwEOXJTBUUfmsWJFN/r6utDVFbylII0D/7sKqZR/fLLyOJUaJeSHR5FkMq6Ja6OuWUfvvL+kT3BpbWkTSo0EC88nJY6o9rZeagIrvI9UNyJ0k4XSG+flElUcDJzgz+2337b8yXVPHLFnz57l5XJ5bqlUWt5s/D/23jxOjqM8H3+qu+eePbQrrVandV+WZFu2ZfnANr4NBGMO23wJEHwAOYyBHIDBMcRJuAk2IRBDIBxOIECAQCA+ABsibEs+Zdk6rFsrabW69pidnZ2Z7vr90V1Vb1VXz8xKskM++dVHq+murnrrft/nfeuq5xMIAQzoaO944faP3HHXrFmzSjoI5JD79GN5iSQ0RK2JPsRluXhUAWo6JRmUyZY0TfwSJ+sHdYXNrcax1VHBzrQfig8E0gBo25DPTzz+eO+37/v2TYcGBtaAAb7vo29vH7Zs2QyEQv8fAHwX4YFE4lAiExD8X3KO8ZuO/vLoPq0H5358JnrPBdLthLEwvR207cuyEyjhbn1WQRVjiwkOCwghXJBzgPvA+CCw/5Fd+K837gLkHRAvaVtOSA9o4iYKElpdJflSfBe/Tnv78nxn11lzsrkZMz2vCNfNotllRK26gf4HLx8d3fEembCT7ps95x1/qIcKO8KRQ785f2Rk0wfpl1xu5td6p73qhyKUEKSOA7QVGRYuTOOMM3KY3J2BF63CD3yG3XvG8PjjQ9i6tYwgUH0RsIAEcVmMwSapchOOF2Vt0MARI+MgBprVIJJrDgQPp+HIGg06PsQcr9KgID8IIeS6DFOmeFi5Modly4ronpxHLpdDPpdDNpvTti+G5xqE2xcF6FOFlLWsXq2OxV+jypILO7msba0OCSQL613KZHNVflT4WCYYaEjFW8T5EDyqbiXMYgBAxJTkda2HRyZvyrNM1CGKLKiuX7+u9ze/fuTMrVu3XlYul2cGFu0/5qLImUzm8OIlS/7j99/6tgdnzphR0lCfqjgSTy+LzkrJFmINUNEQOq3EdrYjBvUxah+6jibRGYiOkub6f0TGqP5x992fv/yJJ5642fcVqPLrPrZs2Yy+vr51AP4OwADCKQJxWNAw1F0G/xcBAXWU5wuLQRFn37kES9/hoTAjXF/wu+Io8+U+UDkMvPjdHfjv9/ahscXnhJ2ty0/E3GDGa3Vr4onQQQu0WsmLNoVQKC4oTupaPdt1C72O4yGV6oDrFuC4GTjMA5hLtAN7xVGNljGgWj1a3Lf3e/9Kw/T0XnFLPj+3X9e4w+d9e//tT2u1wYtp+I7OMz7c1b16g+3oYA7Ac4HZszyceVYOs2dmkctfA2dBAAAgAElEQVSn4XkeHOZgaMjHY48PYdPmURw9VldWDUOwq/ybuwksxxVLXqjOc9A0fVkHREhqq6opOOaE/xuAwMiP1Vqg5Zdj6lQPF19YxMKFReTyOeRzBeTzOWRzeWSy4ZHJnueFR647jtJCKZAhioDIf4yFkzrS+oGoGwlmwrhK243icIQr2MVUUwROrJo8kc76Ca5czxuV6yIuyaTecwngSLAkxEAAbVxwPHD/A/MeeeRXlx7Yf2DN+Li+DkBzloHCwNDd3b1uxWmn/fKWW9651lLwGAH1Oaq3KO9qii4sk7LaARRMaqmLA52YgGi0/vRbCBCBZt1CSBl29CMv34K0UIgAWh44BShGecUUJMIxs2/fvuJnPvWpWwcOHdTPFeBAwHnloQcf+DyAtdCPKhb3F5ShVuabwuNk8eOXIuxE5MhEw9Ln8DyDSUu7cNm3F6D7VIRHJitwHDNvUi3eJgViFgOTlgxISDUIS5kerwMje4GnP70Vz3+5H3ZgcML1z5oFaDERm5k/iRYQL4Bt/gPkGyx+rQh8W1hbWk5H5xnZ6TPfeLHn5REKLh88qIPzOsBcuG4GiM4wkABOnAlAtVYQRgKOPbu/9Ul6QFEq1fnwzNnXfVbbUxTFGx3d2Xvo4ENf4FytO2DMKU/pufS2fHFuvxAaIhUqEBwH6O52cdrKDBYvzqKtTWnFlQrHpk1lPPHEMA70jyPQak5oJvGFfeZpcip8ourU9HND1yCu+UmBIl38nX9eGqvOyKPYlkM+n0ehUEA+n0cun0c2mw2nEVwPjuvq1zJr6RgNQ24ZVHooNVEnC1LTxQVQPEQLZJoCgFg8TkRdo3Rj8RUTfOD+++c98sjDlx44sH+NuRjQSorkMZPOHO7q7tq4ZOmyx2655Z1rTbM+MwlIEALYpwviaVheQ2oMoBYXOW0VgQvzamax3VBYrjQAYCavAdVIIEQ0mbQiWOJz/YWeZQEAd3/+7y5/8oknbq779byZfPfkyeted+21X7n+TW/sj7zERUbUQmCbLrDxQdvUbCPeaXOt8lkaFmguyJqtJ7Dl36RL36mfA3GmwaRlXbjkK8vRfVq4G8Gcr6QCWvQHXZPStRXTmd+SwkowIZ7Nzh0AtVGg/7fAg7+/DpXDFagrpkU7N6oXW11oYRniDdfKYj3qmnWkVhaaNMqoSdtM29bBktJp1LkdAM6ipbevTqe7OxnztPlxAA2YOCeigmgEnKO//+fXjpX33ihCMuaUp898403p1KSSdotepEkfPvTr80sjm7WpA9fNbZw9520fonmgGrjKRtgxczmGJUtSWLE8h2nTMkil0kh5HpjjYvfuCtatH8LWraMYH1edUl/QFNJJvgwqwTVYwCbARXxBlr4AjosykXIyIy/yWQg5MZAALFzg4OyzM+jtzSKXCwGB+Mvncshkw0WHruuGVzIzpsUHfaSYwCxP9B+dChDTGGJgKy0zsgIYR+TKUwyl9FOMgpZZt7bQPOmARQpwc87d2i4s9qNZHaICPXD/f0Ug4EBzEMAB5rCgva1989Te3g1Lly57bt68eQNnr17dL8NZxxAT/2JB9HqmQLAB7qTrB2TZVDxqKEnCR4lC3EAwcrwbOI8CdxqXhreNhfXr1vXe9+1v33To0MAaM3nHdaoXXXTx5/7gHTeu3bZtG15x/rniUwWhVSBp/QBgFw42/1aVtSSatvhm2EaKnu29mXxqJb5VEYSYRsj3FvGqH61C94oQFFCXJAO0xm7QgbVn2ith6dCcgFf6TGgFdWBkN/DAm7dhYP1hhO1NLUGNZGzDPtCM2yd1CptghhH2eKcejsc1Ai8T6ZgOAGfOvHfOKRTnL3KcLGGqsNaWWISo9jEBUhjwcMHgvr3/pk0bFArz7pky9bIHNbRJBN6+vh+8qzp++DU0TjrT/dPpM97wj0Bck9cyqHg5Uilg+nQPZ52Zw+zZWRTyGXhpD47jYmiojvXrh7DxuRKODdaJKdSms6lyUa1JzWhz8VnXVO0cVNPUFOfWhSJd4BkqXgmcG1wD6B0dDOedl8LihVlkcznk8wUUixEgyBciK0E0deC44Q4EGOlrpbfqnARAyYKHTw0kldE7VFyQciYBKo2s3m9UFsS0A+kLLCEeoaetgQTw1XvvPX/Lls2rjxw9srwVEFAoFHZNnjJl47z58zfefPM710KCNMHvbGViRnaiGpX9kOQwqeljFMW9DpzcT0LAOrH0ML1i7ABAfgtpyiNxZd7FdJ8GX1Q8UQIpCFgEeqNpCwD0aOaPffTOt2zdstl62mDnpEkbvvgPX/owEN5fMEFAcLw8uBnfPxnuRBVP02+iaYvfLNrnF/HqH5+FjgXRPQmwITzdxYYy0wcWEx+IkygXepeZkPIVAJUjwNo/G8CWb+6BanNzGmFCrtlKCpupyZaQ7XuSYD7ZjtJtlLekMsTAy64d9+7q6b1ysHvyK1Z7XgFMnJFtcVKjsjQ8Ywzp9KRSKtX5MF0bMDa277UAHtQ0UzKPO6Xnkvv69/9kHp1qqFWPXTJ4dP2jnV2rNyjzZJQ2mQ9Wc/4ctRrD7t117N49gu7uUZxxeg7LluVQbEujWPBw2aVduOjCSXj++XB3wp49FZFzlEo7e0eGNlxaqw0vT6XaN3ZPufDHqXRnSWVVcXzT8KutwI7oqfUSRDzRiXtGFFkxLyy+E+FCqiryVBCEMWB4GBg8FqBaDZBOBwh8H349QL0ewPcD+EGAIOAIOAd4AEfeQcXlQNUP+FFlMNtWZl0AfF0ZJGM9zCOT/UR91PsAdALEUwhN4cM503cD8OiOA8bU9A+j8Ey3pEhfztHXt6/4b98NtwQ2XBRIClUoFnbNn7/gl5deetmjZ599trIAEEQUM0wwptZPkDrgESBkpCE5JZcAsmxgXYE7UUC6W0BZg9ShXAajl/lTU0LSchzljVaIdU0BEQiyH4npA33OERwc3/3ud1b+509/+mHbTox0JnP4/PPP/+rN0TTLhCx2ya5VXtyM758M14h3N8tLo/y1Mq1MgUQFw9uB5774As76yDLkexEeJiQAoNYJLCR1oAhG4lDwzhQQBqCDego+bFMS4hlRHrLdwAV/1wM3m8UL9+6CWjuSVCdN6+ek9K4TdBNZKNLo+0SsGY06ivx13Xx2/sLbzktnJqfDKQSAVlnSAA3bVXGGY0cfXzl47Jm/oWF6pl5xS6E4tz8Mrwtyxhiq1WOxrYiO4x2ePeemd9iMFtSMHgpXbmWYqRSwdGkap6/MY/r0LDKZUFtmjoMDB6p49LEhbN1awsYN936D83qXSjuza9qMaz6UTnWWaGdtdKyxyhOZCoDRv0nZk5265lkwUVpfgPoGAAvmO1h9dgbTpql1BIViEfl8Hvl8Dp6XRhAwpFIeMmlXzzcTh8I4cBzxzCA08Ak5Q843DZjg1Vqq9lBJcdetW9f7q1/98pxdO3euGRwaXG4LbcYtFAq75s+f/8tLL7vs0dWrz+mH1bGTxlWY/t/JdVJYnwgJHv5F9OgCRzUBFy2+JbJCuL6+vcXPfOqTtx06dCg2PQAAvdOmPfy+97//H2fOnFVSVjAO3/fx4ovbcOEFL7mF4OV2x6s0tiL8m8UXv3m84bcXonslkCoQbZ4IZKrIhIwt/q3B9GlTZ85vaTQBTXviQbg98Te3DWPrt3ch7AdVxKcQWqrXieR4Io01kXUJL5Xl4ETyQ3/Tcxf88bx8/pQ54shjfTEh7GiOapucY/fOr32d8/pkESyd7vrZjFlv+lIcDHKZxuDR9SsHjz2tAYlstvc702Zcc19IXRpDdUurgKASfQpIymSePA+YNTOD885tx/z5eeTzGaRSKaRSHu7+/BffumHDtusGh2qo1QLJxFyv8MzsU95yh64/hZoWvWNOCQVlJk02hes7GeIqNylDwuI+FTeM39np4KIL81i2NFw3UCgWUCgUUSjk4XkZPProAH758F4sXdyNq66aiylTQoWYMSZvVfQ8LzzcyHXIWgMyvUDdyZRXLdNilqfG7r777lu56YXnV+zZu3fNaGl0TitxOjs7XpgzZ+5jV1xxxaNr1qyxgICTBwB+Zx2PPQAA6n6Aaq2GgHN5hwIRFXTnoB6fA/fc8/nLH3/ssffA4tKZ9OHzzrvgq7fccstaboxdAKjXfWzf/rJMGbTiTiZPb1V4vxTpOfJvxZ9MxuqPrkKmKzlmktOYOfSxId9Jx0iyFkwkLe4Do/uBf1nWh1ppEOHiUhMUtEYy+m11HqdVdyJ0TnTtwfFaGJLy4QBwuqdc1Dml55LVqVQ71DkFdlumYTUEYxz7+370jvHxgdeLMIx5R0+Ze9PbGdMjaSv7Oce+vu/dVq0eu4zS75p8/m0dHct3KG0E0DVmhD6JVid6OBBHW5uDM07P4tRTC+DBSPHrX/un+8JyM4yU6hgcrKFc9sE5C2bMeuNbUqmukmnBkto7V9YRulhS1IhptFArvklNysxy8sgkh+VQ27ukCdiwkJyz2sUZZ2TQVswhlwvPJmAsg7W/PYqHHxnA8HAVjDHMnl3ApZf04tRT25HJOHBdF+lUCulMBpl0GqlovYFYhOg4LKpbA/xEGWUWLSFuCSSNHr1ra43IIiX7Ijqdy8gV8wDobpH77w8PCNq/b9/yo8eOrYyZpG2GCcaC7u7uJxYsWPDY61//xkdnzpqlbu00F09RImRVvWhfLY+if1r8jAxoWFIn07he1JITmgq0dR3xsUmtTND6KhXgWgOGGJiWPrQ4sAicc8RoCLJ9e/cWP/PpT912OMEqsGjx4u/cdPPNP54xY2ZJphAVTIEMjqGhISxaME9Ea3VRoXCN5t4nalVt5E52vJOtPNrKHq4neHvfxchPhXb/ATX72ywA2pwmUWZMqwEV+pq1gSpSgKnIqU4AFUd8C+pA/6PADy/aAbXjRLS/OAq5aR8wAUFSJU2kcVrpbM0WHiZlXjiTRpKWnxS2WVpWa0Euf0p+xsw3rsxkezsdJ62Ye4x5ESEdDeCjRx49e3joub+koWbMvO7N6cykUhjDAIsAwDmq1WPF/gM/vYOuJ3Dd/MbZc976IQ1xRp1PesWlSOIUh3BHDz90eeDvfE9Hp4tsxoXjqpP9atUAxwbrYM4p93R0XvogLasmkKN8a9uoKCMn5dOyT+kRAKAYOgUI5HieiFnSMADD/HkMZ52VxrRp4bHGY2MeHn2shGefHcH4eCDbhTEgm3WxckUBa9a0Y8qU8LrlbDaHXC6LbDY8/TBlnGHg0PUN1i2bpBgyV3FBbmcspJKkI73DWBvAOfDE+vW9zz77zPz+/v6Zu3btvLg6Xp1sOx44TldsCezeuGTp0sfCcwHCSo/N7VMCBi7QtxFyWSeqXzeZGiJgiocEJcDTzhwg2jojYRu5WBVTgGADAEa5wgWJIg+kDqR1TIthTZNzjgcfuH/et7/97Y/b1gq0d3S88Lprr/3HK664aoegEwPJBFSNDA9hyeKFqIfXn1JAQLcd0i1p1JmLqRs5M2xS3FZBRStxbf42Wq3QbpS3JEDg4G27rkB+GuCkAZvVUrhYQ4MMVaowGO80sFXIN3BmlxVgtV4GHn4nsPVftgE4CtUH6NQBrZNYfTVJeULud8G60Cp9NEgjCYzIKYRpM17f0znpjOWeV4Q4mwBQba40Dah5c3Ds3vHV79EzBtraln5ics+Fa+OdgHQUAMeOrYtNHRSK8++Z0nPpg2H/UtMXamuaaYo3wSjZLgWg/8DPrh0b23sjopxksgztbS6KbU5oNmcOwBja2zr/+4JX3PjJRx8fxMBAFUFAAbDOtPW5VKiNGLokUcf6RgHjMwVcUbMMPk2AyLoFzl2TwqKFaQwOulj/xDi2bR+HX1fpm7dYTp/u4dw1BSxamA8PNsrnozMMcshlc+GJh+kUPLJlUeYZooA0aySvBAFRDEdd3EuBAJFUX9++4tq1v5m3e9fuuWNjY8WDB/uXVyqVnlZ2A1DimXTmcO+0aY9d/MpXPnjllaEQCrsNETyUdzGVlzhBVVqlROth9bowTOu0DgjvjQUwUbNFFFPwQcejChPVJ+wLAsVOBE0QSwBqLIZUBYICq4iAOekbnOMTn/j4tc9t2HAjDOe4buXUU0/9lw988PYfyrzxqCxyzUyUtlgEyYBSaRS3f+gD+M6//isQmobpoUQlNL/H4P93obODgrfuvASFaWm4GV3o27R8wPge+dlwqnU9AOKDQIS1pkPGFg0b1IHDzwLfO2s/QkAgAGLLUwe/Q+c1tuxO1pQADdvsl7rqgX3/vv/wwK+Ozp77jpXZ7LTIWsBk+wKAqYkzMDhOZgfV9Merh5YDWBtnsEz7mdS1esNoaae2U6E8uvNmxpjU1Om2PN0sHVdABYgQz4cP/fp8AQYQ5aRS4ahU6jhyFCgWXXR0uEinHZRKQ6vOPKsNZ53dgd17Kli3bhBbt45ibCyQZabpUeFnZAuCW8f8tXJASojkw2n0swo4gJER4OgxH1tfHMeG5wL09wfGVAkhHfnv31/HAw8MY2CgitNPr6Kzs4parYp6vQa/Vkcul0MQZMHTaXgewtMOmaPqnhREPnJSB0YbkKohra/aZf26db0bn9swd+/evfMOHjy4vFIZayz4LfTp++TJU9ZNnz5946pVq5694kqhiZrhSL+JykV9KMFYnkl0ZmlQW/sltKhVEUMEem0uBgYE31aSHWp7oAIGmoJHyxpX8SFAKUUlYtpNtyQzmf+9fX3Fz336U7cODAzopw0itAq848Yb/+7ss1f3K6BC88FIXaidL+Bh31u0aIkglUYo/B2Iw3bCZw+hMPjf5FrlySfr10w3dKl8GuYR9uZ0gQkOYtMJlvdYOMQ7u6Yg2UaIEVY+u8CkxUDbnCJGdlWg1hG03AeSAMHxLu44kbDHO3dlhmllesPMi+3d9NfC1GrHytu3fu6pqb1XdxaKCxa4br7dcdMIdyN4cJgH5ngI1xuEjealOjZQQFCvjSwXZn4gCia0VkDTiHt6r/jH/X3fXyMsDJwH+f4DP7tW3XWgn67GqGrECS3C6DjnGDj44NXl0Z1/ZFYYY06VsfQe368sGBryMTLiI5dz0N7u53/2s5+vvPLKyzfMmZ3B3DnTcPhwDRs3jmD9E0MYHKyp8QHF4GyWceqSvlNtL65V0oOM9AOhAIZNm8KthpUKVDitjFRQhXFGShyPPT6GwaE6zjnbx9Sp0XZF3w+3LPJoZTnn0QFHQmgKSRhZaqTwiLLEEB1VrJr6gQfun9e3t29qX9/eeQAwMjLSM16pdJZGS7PrtXp7EATp5BoznKZhAIyxoL29ffMps0957Iwzz3z2yiuv3CGnW6xCVfUZJViVFUW2hew7cWUlRtFofG1awbb+A/qxw5I25aOqgPKTwGLmyZoCRJBWUH1H5IWiMa7TDf8jzFlaARQAUM8GNGLAunWP937l3ns/XB6NL+BctHjxd+6486P3aZ4cZIrJOC2RAiIGOI6LpcuW0thpKJO3F/3VzXQjdzxK08sdNmmaoxHPttFs5T0ez80CzBGMQ2dQOoI3wEGSPwUJlu/CyY4FPS4ND/LdfHbSwKoPtOORPyxB9Yk0FChImi4BYAcErTaq2RA0flLCtrl+Uwjb0miUr1YAhg0wJIGARvTNONWD/T8Xl4p4UOg8K54z2d58W/uy3kxmChyWetT3yzcw5oLBgc/9OYODz8zr6FixA8xVmoBoZ3FoCedIpTpLmUzPjyqVfnlwSWVs/xs5xw+ZnB5QWoY45EUz33LSXznQv/8/3kLpUZcvzP0ywDFaCi9nCgJgdDTA6GiAf//+r++sVWe//Zw1s0tdXVlM6kzh4osm4dzzOrF5cwnPPDOCHTvKqNUENaFNkeOdY+sZTLuZ0rb0a5zJoIsGiBD2Klw4SEol2ymIsKYDqHFZrQLPP19DebSEc9f4mDXLRxAECHwenmEQcDIlBDhwwMVtilHaCgyFRPf19RUfuP/+FTt2bF8+MDCw0iYkJuQMAVwoFHZNnjxl47Te3h1Lli7dfsWVV+7Q7iuAqntaB6p/iCkkA6AyCmKEqEJURnN9AVk3oCnzolUImIj8FVCNaFrQiugrDELjV31bfA+FezR2lDQn/FYANQhJrgFWGp6kLH/EGgIVQWSYoI+IkXMOfPUr957/8K9++UEAWs/2Uqnhq1/1qk9ef/0NG/Sk1OJQCqglBIrSFtnwPBdz5841q2oi6wJadSczbDN+a1McGyl7jd4nGlalefUPi/JeA8mMqWBGHBQApLMRz5jZ3+wvxndpHTD8NC/ByAlYlWOIAZOWAKEMykNNG5lWAmtbMZun4ZIEvG1hYKNFC0nvLS12ML6jQZhW4rc6cCYSnq41MNG6Q/wfBTBdBHWc1K629mU3pVId+XRmMtLpLnheG1w3B8dJw3HT8Lw0MpkUyqNHi3t2/+ArnPtFkWihOP+enqmXPQjo/VMdkaojUOE/cPChy0dL263bnijN3Tu//qUgqM40w3he4ZnFS996x6JFGaxYHp5pkMuF9wRwztC3bxzPPDOMzVtGMTxcBw9g7W1h34/vNEh6tn1TwoxoWEQbtcWjnta1DQirbdZMF2vW5DB3bkGdaSDuR8jlkEmn5RXLjnbFMvD9739v+bPPPHPO0aNHFwwNir3+J+BYKPg91yv39vZumNTVNTB16tSD19/w5g20QDyaa46b6BUIsNVJzEojhbThr5FkRlvQlHRS1F8pP3EAEH4nQIFEFGBDtwIYqVNwwSD7hp5vlY7Zm2il6EeRC39pUpDAmwb45Cf+VlsvIGh0dXU9dfff//2dAgypspplEJUeK5KUT+AcIyMjuPjCC7Bv3z6g9fsMfpfcRHnxy5GGgz84sBrZ7i64qdCnmXmzJWflPk2iTDBdDgB+eKzxt+YPIuwPR6FfdtXQtbKGwAQCNrM6DdvMhJ+krQvXbFohiW5SGsfz3UxzoihZbPMw6XgAfgng90XQIBifMzT49KsBfBo6mEgDcBzHyb7hjW+e/tprrkN5bEbpm//86K8PDRx8VbUWoFbjqNf33pDJ4MHKOJe359H1ARq6jJjjgX0/emulcvA6W+bb2pd+YvKUC9cCYX/snnLxxw4dfOArZrh6ffT0PbsfOb9cvnDts89WMHt2CiuWZ7FwYQ7FYgYzZqQwe/YUXFaejGeeHcHTTw/h4MEqfN/gzNIkSo8rtggCbgwoRpk1ObJXHAITG0jKBGuuVpcrxRW3DTXIgGPPXh8BHwMAzJ3LQw3a+MuQVH7x0EPzHnrowWuOHjmyvOEtgM0cY+hob3+hc9KkHdOmTduxZMmSSOsPC69u6pOlgGx9YgHQBLamVUuFVqtTRQsJYEDQN9pDWlkiewM5jAe0T0IIQF0T1vIoMsNBjhtWipnNkqCAAjkPgAJCRtLhCjQBzKClMsVUiiFxMu8b64+R/4c/9IF37d69+zWqPcJQixYv+s5f3vnR+8QtizGAYpbGBKeiHomZOZVK4d3v/iPccceHAaV0ZKGuPQbi6wiSFDvqJsrzTmQh+ETjHU9aE5nGANLtXXDcGChr6pLWFlDTDnXNhL11DtXkj8Yg4kC09sEhf6ZL7AMTWVTY6ty/Oe9u0milAyZNK7wUrllareSrlTwKoPA0JCCQ7v0AfgHgv1037xSK87LZ7PSsl2rrdJxsV//BU/DCC2VUawyzZl/xrV277ls9Pl6f7Nc5/MDv6T+wbmXnpLOllqgWTMW1xP79/3ltEhjI52ffK8AAEPa7YnFuf2lk1tfoBU3ClUa2vLe9Y8Wz6fSk0u7dNezeXUOhUMLpp+WwdGkOPT05ZLIpnH9eJ847twt9fRWsXXsU27aPolz2ozRE/pj+rst+6+CgQkYIweQxptNX4VgsDBWmANDX5+Oxx8fgOsDsU0RYNbgP7N9f/PGPf3Tptm0vvrY6Xu2RWukEXTqTOTxt2rTH5s2fv/GWW9651vwuLIKkNGbplL8p7LmlpMSiAijNWwsnq8KUYlSrpukJYawEJrdIQCpObaBE5YlJYJJ0tiAFMLTmGfmmm+HJk1zLYOYqfJeWJ07jCMo6M/6zP33/n/YfOHAxLQwD8Nprrvnwm667YYOUBxarRlx/1Dh8lFVSMg64rofVa+RxBmLKskKe67ArYK1MlQrXCp9L4uuN4h/vc6Np50Z5bY1f33R4Fdw0wmOLYesSsJoTxeDkRs+mfMako8W15ibuYvwxzi+buIZ9YCJc60QF80QaDg3SaqXjtZqPVr6faHoAgK7J5zvpdLdz9PBvO2u1oUOeV4CXaofrhluSHSc10Dv9tbel090lsfdfMVdDqB/4mXaDYnil8vWfVXPokfZsaNoD/Q9dPjpqnybI5Wd9bWrv1T+0Hi/MOfr23HdXvT56uhkvne7+2YyZb/iSWPsg4mQyDLNmprB6dQGnzM4jl88glfLgMBeHj9SwceMwHl93DMeOkUWIRpr6AjQm/bU7EOSBReTGQTMOqAbafO2CLb7DgAULPFxwfg5Tp+aRz+UxOjpa/PGPf/TmgYMHrwJjaZdOGbQICgqFwq72jvZdq1ef8+D119+wQQg/iGJF4bQDnkxhHwZQhxsBel0I6wgpr1mvcXK0PbkhdUmdWdR7GwCgTl47TPIGpn9TeTXjRvlL8ud0GysVqiSsYfWwwhwtSkJ8YekAw10f++hbtm7doq3HcVy38upXv+au666/foMtHzKPcrpMHNEt0jHzT8dAmI+hoUFcdsnF6OvrA1qbNpiINfZ4+f3x0j1eXnu8edXl0OvXFtFz1oVwUpSRQNPwTROb+QxYWIoNQCTRiv5rlI425qJf8R74wNCLwL8sFdtPj0L1BxMgmnUAY19FQ9fQyEWIJ4Wz2OW0ZxHXPor1747xCyNOo3w05lbxb0n5sKVnS9cBwGbMfJPT3rH89Mk9Fy8ZK+99vZdq8xwnA8bCrWsAL1Srh7MdHcufDP0ixkCFn9DBHG9wtFpvc+YAACAASURBVLT9tTKDvNrT0bnq+4C5tj0sbq16tHhg/49vq1QOWC0DhcL8e3p6r/xP8wwBlTZDe8eKXw0NPnsFEGiHqvh+ZW46M/lX6VTnKB0Tvh9u+3tuYwVbtpYxWqoil+XwUhyFgot5cws466xJmD49A9/nKJXqqNd11iwWvNkvRArDSCFFHs1wSkMUhVMCg0HogdrGLxJTVcPIcADf5+jpYXA9hi9/6R8+ffTo0TUc3GURAJBgQFgibKCAAT1Tp/72zo997C9+/61v/fGVV1z96PIVyw+Gpm4WAaHwVyyWE2US6ZioQKSryk/KK3uroG3WEZM0ab5VfbKophRAjVkumW1Qq/RlDZP2kggmKlPYRmpYhfhCnQAIhIcXaZAkelHg1+SUeqbk6BD1oVeQlr7KA3RLChO0wnQ/cvsH37V9x7bX05iu61X+5NZbb73iiiu3SzqyvYiQkfVtghBSClMmiDqL/No7OvDA/feL4LXo10cIEMTSXh+Kf2rkE1wr/B6w87xGPLaVNE2a9NmWXiO+34pMCpXQC//+MrhpWOB26CjvMZ8T1sLEwiiTm51Wo+qhsoBaCrToPnB0I7Dlm+MI238MISCsIRT8DeUbBQRmxTWqSNOZQjKJlkOKQBtDcSZ9RDskLH0PSBhBw1xsmJROYLwzI6zT5JkuUuHGs41OAIAdPfIoHxvrO5jOTC6PVw6cHQTVOWbH8/3yonSm+1fp9CR1XCwJI+Zl0+lJpdLIlgVBUJ0RfUmNjw9U2ooLN4PRKmQ4NPDQ5ceOPP7nvl9eBovLZqf+W+/0V/2Q9lMNiHDhx8B5fWel0n+pQcIZK+89M1+Y84jr5qz7Xctljl27q3j+hTIOHRqH6/pIpQKkUhxTp2awYnkbFi4oIJViKJV8VKsB4ZkJg5M4U8u0OVEGsVpdvEvhLb4xGlYHI0EAlMc40mmOnikMv/nNr/9Y5FFZBtQcPqP5p70MQK1WK7zt7X/wb+pERiL0aL61Jz2PoOmGFQEwkK1rTOVN5kdVCCNlVgKGlJleFyzDqTw2NOFHQloCnKjSyaRGJJCTGo3L+gTMeox2FMSGrvqJyXfZv6Myk8uydPYTLxNjhAyNwoAPf+iD79q9e/drqKfrupVXv/r37hJgAALYiDQoh1OpqHwQ9EGHohiLXLRT1LadnZ346lfuBRQfFEBAWAR8hNphEo86kWdYvp1oGmjyrRlvbhTeRpfhnSPnwctmwVzFBM2/Ri4WXqRGOk9iXPKgxZPMWE+/UV6COrD934G+h5IAgTlotPpyoQtzGtAm2G2OCmMa1yyy8Dc7UUC+0TBmWMCeL7owwkaH0qLmEkGbrn9n5J3GodMYjhGGltfkMDQdVMcPsWNHHhupjB04GPiVt4RXK+vBxysDve0dy3/NxMhnkcATpsTIzDteOZip1Y6dI+L59dH5+eLcBxwnW2VgqNUGi/v7vnfX+PjAaziCAizO84rrZsx60xdUNoVEoeqM0mZyuRkHy6O72n1/bBGlw7nfXh7dvrKj8/QH9BRIE3KgVuU4eLCO554bw549FdRrdWRzATyXo73dw5IlbTjj9A5MmZLBaNnH6KgP34/OfLOpSJzwTrGgMgrXbGpAfWfxsDJonFalwuH7HJMmMWx8bt3/o1q7ErCOAhWmwIuq2fXcsddde+2PuBjsNvM9tRAw3ewvAJA4214BEUhazEhYlJfumddrBfobsSCoejO4m0lAdB1LsQkRLTqNp6aKmHUwKSuCQUuME/mZ9AdjNOrKXFiepAXdISmuLMdMTd38+Z+9/0/7+vquoPXhum7lLb//1g+89pprNofFIsBG1HvMmqH6mSgwE5WjdUvSrqLYjCGTyaJUKuHpp54SX3yEAqCGEAj40Z/4Tvk1Va5MnkwzafJm2zsjNKlAtqVn0uVGGJOnmvLAlhezHCJturCO8vAw3M2H5yBVnAW4eieIpUz5GW8clgOa2YwKeZBf2diUFtNrCCSt+IAlaXLAHwMeehtQGxkDMI5wqmAcOkC01TcAcNdSkXS4JIECx4gHy7OZZfpsi0tpm4KXciFzvsikZeYt6butE5lhbQOkUd5NWgkgh28PgvHLqtWjs4KgCtfNIZw2YAiC6oxUputX6fSkkmIARL9goWk1lZ40UBrZ9DrIzs4zpZGtF7pueiOYV+vf/x8fD4LKwoQ8Ip3p/unM2Td8TvUKdRKaJpiYmpvnHOA8ODY2tvfqWKF5vXt4aMMltfrI0ULhlL2CcbOo1IpGWAWDQwG2bR/HxufKOHJ0HJlMqHlnsw5mzMjhzFWTsHhRG1JpByMjPsarYZPzCCgxIQCkpkjLoOpJjjdQMzc5J5+EVTiDR/FEHD3s2BiH6wJHDm+40A+CdjAG5oRAwJEavNCOIX+pmzFz5q8uu/yKJ8Qnvc71uhPfw/SVkBP51SwRBi2VDx7/LvgMYQ1SvpK2Mru6Nl3ABC+SGUW8uyNGQ/ipsqv+Da77WxclkjxIfsqZanfRj3nUniZqEVnjov4Q7mjgalGkOv2CwhKGvr59xb/8yO0fGBg4eD4M9573vPcPL7zwor3qNhNyK6pqAUjAQqpG6wJRQ6gLkyh4CGlTkDJ9xgx88xv/DIRW3xrUFIEABRzxaQMbDzP9bDIhKbwtbFJc81sSferXLC9mnGb83cHNh2Yj3XmqtAzItorGjGBcWoeBYoiq8+mSShtXBjAQfqLxzUFoKxYjndVcVyCj+cDgVuDpT1cRgoBRhOsIxGmFtjrX3ltZQ9Bqo01kiqFReIr6gHghEmrspH0/0fBJzizTbgBvC4Jx1KpHwYManAgY8KB6uFBctFkkLjPClFBzvVx1bHRP3vdHyXFlQWGs3Hd1aWTTazmvd1sLw9xSsW3hPb3TXv0DjRlCziKHGeQ0jhKi2eyUY8NDz6/mvB67G5TzoFgdP3yBnPYwTM48GlyM9OdqDdh/oIZNmyvYs7cC36+jkGdIpxkmTUpj2bIOnHpqOyZ1plAq1TFW9uX9CUxmLq5dS6WMA9LMLYG3QuDSj/B8qtlTJVk8B0FoWzt79YJHho7t72QMQT6X31OrVntDYMDCy4+ExcBAA9OmT3/405/57D1aXrTMk4RlvriQeSSQUR4IIUqmEkT5pXleTR1ovMUUjqTLG+Jd9geRB8kTqZPpcUWEUjJAp9R8iXVAlZMbQMWoK0WGjFRmBOKqLFF10GoO+T9tc2YZ9Qz/9NV7z//WN79x+8jIsGYly6Qzh//k1vfcdvbq1f1hSGbkhak6icAZi5VDCQUKdIUL5U/Yr+haCNdxUCwWsXPnTmzZItlGAAUM6NSBJGeW7v+Yc3DTgR5kJ50Oh0wTKIStnhE9AyajsDybdMh3zToAEg8qLnU2k5X5jfKDoAps+hqw7+FxqHstKgjBgW0NSZysxa/ZKv8kd7JWrDajgxZotZKXVncTTPRbq2EdAD8G8BotgJPFpK6zvzZtxut+6DieXHVMzxcQjHu8eqx4cP9PtJsQG7lUuvOXU6Ze/pVMuqskNC/N6mUIVlua4MB4rXG6qVTnwzNmXfdZQIAYekwtBbdcgWdRTg5Mmexi2bIcli4tYOrUHLLZNFzPBTjD9h2jWPf4Mby4bRSjozp/k9o8zS8plyZUoDq/bUeCqSlTuuXyzt5qZcep7e1DS/K58umc807XdR3msLTnenA9cVWyI4GB6zj1mbNmPfAnt77nW+GVwvpqen1Vv6p7U7GIuUiQ2upVSnkwKd/0sKoP0L34ifkgfYBH1x3LcwKkwBfxSP1KGhEwM+ocnFwGJGqEKF96WBCAE2ZIKU6ktjinQYiCp/IgPxLlj+aenka5ft263m/889dvGxyKHzBVLLZtu/Hmmz959lln92sgyKgH6gcQQKCqgcTQa1Dkh5Gqpm3k1328+OJWXHLxRSIZevshPZhmogcVnSze3WrYl4LXmu8Objk8G5mO5fpSCEDvy6Kzw0CbZvtETu+0dEAawp0TUg3C2iwCln4BINxdUNoDfGsevehK7DCoIL7DwFp3rFmABv62MEnCloYDdKFo21cKEo6+wxJ+onlplJYZn/rb4ielnZSWma/TATwZJ+OeNnnKK0qTulYvy2SngLF0xNPj178ODT6z6OiRxz+bkB+VESe77ZQ5b39fXLIIBqyDg9DPtlgv7IRHDv82dp2zSiu955S57/jjZnmKOWOMZbMMc+dksGpVEaeckkehkEbK88Dh4OiRGp7fNIKnnx5Ef/84fJ9bAI0QgHaBL8YuKXA09tX8dbV6rDhW3tdTGdu7olo7ttyvj67kPNxpUSwwTJ7swku5cF0XAgx4rgfXdZFKp8q5XG5g8eIlD3zwgx/6SdIWv5Ydiz2cHNdshXSjqPp/xxe/iU8zAvYYE6DDtZ+Y6+vrK971sY/eNVIaWWB+6+joeOFLX773A8k0mucjCAIEgVrKFIl/jQIVQSb4E65SqeCzn/k0vvj3XwDUFkQKDGxbEG38rhHvtBYhIWwznm7yRtPZ/JP4exIvp++h37sHl8DLz4O4Z8ZsInJoVdw8T1EmlH/MdEWc+S0prAQT4tkGJ2FBhBzwK8ATfwM8+TfiKuxhxK9AjteFUYcMdqFlC5zkmnUkW+M3ejfTNmmbaScJ72adLqlzC9dosNiem+Un6fuNAG4DsBJAH4D3AfgRorsQ8oW5+Z6pV6wsFOamHTcDBpdoOsD4+EDngX0/+lajgjA4lSm9l91aKMztF37xNTFqJl58bLRPHQB27/ynrwdBfbLt29z57/o9+i7vlYchtGOaIoipO/zuOAzTetNYvryIFcuLmDI5i3Q6PC64XA6wZeswnnxqENu2j2Ks7McAtHmRTnl0Z+/4+KEextwAAHx/rM2vl3qCoFrkvJ4Pglqn748u44HfzsETLxjKZhm6u1zk8x5c14HrefA8D57rIpPJlL717fvenE6nw+uSXVeZxf8XuxMW4Cea/v+AofsjH779LZs2bdbOGHBdt7Jw0cIf/fVf/y25oGjimeOco1arozJeJf00zvPDsNQSolvywBmCwMf+fftwzuozxacy1B50m5UAaCxMGylrtrhJ8c2wjRQ923sz+dRK/PD5j0fXwEl3AY6yDgmnNR/5lqCU6+ZE1jiMfLaYhZgBAtRKaWj7XTVapHMEdeDYJuA7K6l1YBCq7U0AaDrp34w/JXUKm6CDEfZ4px6OxzUCL610zEbgo5mW36r1ZCJlMX/TqdSk7OSei2e3d6ycnkq1I7xVMWy+vj3f/VN6NTJ1jHlHOzpWfHZS9+rwJEMDdNL74e3mShEpDEUXmjEw7N71z3cHwfg8M918fva9U6dd9ZMYPfoo1HQe0pZrDqSJX30XlopCgWH+/AxmTi8Xa7WDPX5QzVfGxtrGx6v5gYFjvQcPjuPgwXJ+rDxerPvjPQCcIBifzcHTDKwutPuT4dIpoLPTQVu7V/dcN2DMSXueh1Q6Xbnq6qvvuv76GzZkMhl4nhdOHziheTK8IY9FRebRmI8PRWGpEIvsIGtdGd/VXDKLeE3c/K45m6VT6wMGb7LRkdIKUCuihVk7yqVmBm9gRhfgk9IV5Zdvtr4IS19iYX0Csj64FpC8JShfJlJev35d792f/zvt6O5isW3bjTdFUwQWE745juIghrQ/9B0OKqY+XZfkwrhcWryqtSr+/Qffx/vf914gtBJQAdHsoCLTNeP7J8OdqOJp+tndjTs9FKZdBSYO52XqtyVQkKT9kzhiPGhCm6ZF0+DmsNDRX6uOc6A6CPzXm4C+X1QQtvMw1FQBBQRN3cupsLzUHerloGFD0iaNRqazVtM1UZx4zzKW8tral/ZMnXbRou7uUxAEWRwa2DxzZOT5S6vjRy5jYPWA1ycz5pQ9r/hUT+9VX0ylOkua6Z9Yw+QCJ6G9EyYUm96KJATV8A8f+u9zRoaf/4hZAMbc4Tnzbn6LeFeCwmYCCxM5NPDI+YFfnlyrD88L/GqP+uwXAe5w7ndxztOMoQ4E+XSaob3dRVvRRSrlgEUnBfo+MDrqY3iohvKYH78/4QSd6+ZecL3CjrbilI2nnzF3+zWvXd6fy+Xw2GOPrcxkMnj9G96woVAoIpfNIh0BAnH5EZ3zN2dj5Kp6WAACJ3yHSmum2k3NQcddkrXH1gf0A3ug+gsgV7/HVFdZCJAV8TbhTdeuKPrSMhQTomR5I1GmSHIyC0lZ0jwJgGA6aoFYj0DF8l1/9TF1AiEPT5b88r1fuVUHI7pAVw+0/CyqQ64riQS0qPU2FAgYCUWdhloTKCLhnKM0MoLf+71XY+uWLYBuHbBNHQAvDV/+n3aKt75roB2ZzgsR7eSSTjYPU3UrPnAajjY0dBqSDu0ExjNgYaaEFl37woz4SfSE88eBLd8EHn6XAH8mIAhgv9TIKnsmcpfBibrjmXdvJXwzE1eS4G4lb2b4RuHMMCJeszjN8kO/VzivOcNDG/YPDz139Kz/99bZ193w9ukvbp3T99jjZ35j9+7SN2pVThhGTO0IfyNmHFuZH8ue2NZHz6nTO2T35PMfHy29uCcIqrO1mNxvVzfWRQInSm9ocOO80dKWS+v18jzO652c13o55y33Rc6RBoDxcY5Dh+o4drSOQsFFsc1FLufC8xx0tLvo6PAwPs4xOFjFyEgdtVowQZMzq7tudqvjZAYcN9ufy017blLX6g1CqHV3MyxaqE42u+SSSzcUiuTIB4sAZuYnphbZ6ZI3Kqt4FFviJF8QlgYhTvSCGexNLVokmVDCS1gGpDoktejocENIqw2Z9tBTpAyLy0ezCxoQSIXhopuQPqYwD/Hi8n4DrbCApW11QEPHhSZ8hTWKm7EZdu/adRn1O3v16u+EWVf7LFQXp4NMivnwfxKebjNXzwoEmYsbQz8BALheZ3Icq/i5fB533/0FXH3VFUA49ZiFEgxVqLsOqvjdAgPHq9wl8VAHt44sgpNdEApbQ/hKR7QfxSCVowOBgEq9gxKBz4xnSaeFZ+qsQAMqraAGHHoSePjdYhqIgj6xiLAVGSPdRADBRBrrRNYlNEujWbxGYCEpn41ARKtTA0n5aUS70YKYpHxHjcyDDRue2nPFlZdNv/rqs/HKV87Crl1DePqZw3jqqSPo7x+DH0B1cvKrTNGw24i4qaURxiXlVaTHMqC9fcWXBgef/LhJZnj4+XntHct3hPHCK5crYwcu8f3yiV8FTFzdB4aGfQyP+MhlHbS3uygUPaQ8B5k0w7TeXH3KZI5qze0bHPTLpVIdQeCWGHPKzEmVHOaVAMD18gOpVMfBdGbKgOd1lNLpLrl1UuwFF2zd84Bp0xzMPsUNzyCIpgRcR78Gmf4JBqEAgMBmFu2dq/pVQkzFk0EAZdkhskgKDyJQQh/AvG5P07ijKQzhr27QVCE51Z6oNNbkoeglQtBGAhjq2SyHVMyEUmUyaoYIDNB9+aTQKilyCVxUzwav5zJPsuTKAsJUuVzPK6E6LtfJXHnlVc+qGzkpDCOWGukT0onXtpjOoL6q0rkWx5x+UWNP9CBtTQFncBwXS5Yuxcf+6i7c+Zd3eADyCPlGFQocmJrj8QKDVhWxk+Vam2J4xwse2udeJRcOAoghPq1hRJtavkl0LPxN5GjRMrR1AZRO9GBLhwIWjfnSZxE/AEb3Az9/PQBOAUEZ6tyBlqcKhBOA4GQI6iRnE9A2P+FOdO3BRCwAreanFYtDUh02Aii2gdSsHMK/+vzGjfX169atO/XU5au7uyejvb0NS5dNxeuvHcfWF4/hmWcO45lnjmJgYAy+L7RLcgUw4nhAMMowqFRjI2ZOmb4QNAydXWdtHByMb5aoVQenDBz4+YpK5eAlPKhN5wiysUATdAyszpx0H2NO2XHSAwDAnFSJMa/kOKkyY+lSpdp+kJUZFi6aOXDpJaf1z5yVRyEfbV0Ew969Y3jqqUFs2lTCsUFxuZK+BU9q1BJHMQ0M9fY6WLzIRcpz5PoAxxXPrvKj4EBWsEiHHHwU1iaE4NMbxxCgUvCEEpQRRqad1gjKv3QOp7R3NU0UJqWfAhBmRwcVKq+Q/tJ6RPoMALm3X9ShJkB5fBsdU1HlA5cgSiRoVpACO/QKbEWXMHoixFU7h/mQPF+Q4ByXXnrZV37xi4du8ev14qLFi/9jxsxZJUGH1p5Wn1H8+KVSUH2Nli+yqqjDp6LSGwBPtDcnhROgLawWLiswlUrjuuvfjAfu/y+sXbs2jRAU2G4/NK9GbtWqSuMAjflcq65VBS4pvTDMrcO98LKrJALUEC+1EgA6EIgDUK2bUc3fNOsDoR8138TCCWZCI4lOLzqfhhBIBmjcAKgcAn7xB8DYALUMiHMHypY6symjML8xI5L5bHtvxT+WUELmkoR/UuaFswngJMHaSFgnpdXKNEQrv2bZkuiYrpXyAICTyWScT3/2c9OvftWrl2cymXALk+/Dr9dRq9UxUhrDvn3DWP/EITzzzBEcOjQe3hXQyAkthaDc5H3xYYCd2//xJ42JNneOk+5znPR+zyvuYCxVzmS7t3MAnlMoZfMzBgCOVGpSSVo4AAjNlGmDSQnETIph5qwUVq4oYN68PDo7wlsXmeOgNOpj27ZRPP30EHbvGsNYxQfTBiiTBaVTMJ2dwOzZDooFBz09KSxcUEAun0OhUECx2IZCoYB8Po9cLotUKg3XDbclSksBovqk2jdhLolrAWi7JPlJzdxOQzujIMlFUlEBiYT86IShMVFVMoOw+UrPCyBpRe2p1wXVm5NLEJ9y1UOLGtLkhOGvzl6gDBlQ+rlIyJ62siLoqapwXAdfRB5Q+vE6DAPzKLACrCovwi/wfezcuRNXXnk5xsploPHZBICdn9ssmEk8S7hmilOzuDZ/Gy39/eYXPRSnXQaW9lRfjNpO68uic0Sv5jSCFhaqD8i2NL4Z45GOAXNMKABA3rWu0ahnA+ABUDkM/OY24MXv0NstxW/SORMttWODlCfsTpaZ6KU0Nwn6aJDGyVgUONFwrVgebHEAwFm8eEn6U5/5zLwzzzxrjuM44DycWw6CAL7vo1aro1arYmxsHHv3DmPz5qN45tmj2LZtBLUq0fRARGlMy1Q9Xa1Gj1gnwwkBAuZ4hwuFhV+dPOXCtUq4ExlDzM+2OwcE42amUCVjjzGgo8PFggUZLF9ewMwZeeRy4dbFwGfo21fB008P4YVNIxgaqksatnVCbnS+54zpDl5xQQ7Tp+ckICgUiigWCsgX8shmc0inbYDAPug1DZzWAQ1tKgs80ooRX1So6iDSLEmSckeCuSbAFICcUkx2AmOYW+LM2NIcThYWEvsC1DG9RjlErhjxAPS1AFEjJV0bLHosaLuK/2QGTOGh55vWiVhboaxlQsjrbcmj45DlpVMSlJnyhIIwOhp5VAoiPCIAQHGHLCUBIfW6j/v/6+d41ztvBvRdBwIciENr6HqCl5L/vjTuvcOz4aRXhmyRCH6z83LyK/qMKegpMjO7EmCADBGVNqiRFhqFMwEBSIdntDFDN34MWPdR4Lkv0EWEdBdJADsgaMlN5PrjZs6stpeKjnOC32lzOZbfwPKe5FopbyugwUaHcrOk7wwAP3LkcOC5bnnpslNP6ezsBGMOHCecS3RdF6lwKxyy2QymTC5i4cIunHfuVLzy4l7MmVtANusg4DxcdAe9D1KBSjVcyHdgeHDjPNv9Bs0cY04lm536/Vmz33xXoXDKXtNkrN5Z9G7BrxFzpIJBMWuirYFhbCzAgQN1vPBCGbv3jKFeqyGT5kilgUmTUli6tA1nrurE9OlZ1Osc5XJ4JbO8MyGiF0TpzJrl4dRT0wi3GqaQTqeRTmeQSaeRTqeRSnkxMCAWgAEGADAbltaBiqL/JvQ+yV9kUzEJjhj51lSDj8KxpD+Sz0aO8jtxQLYEa9xGQF9sSOuCAj96b4Eh1ZXQjSlh5mp+kxszLQKPABcFA1HGyVgwQQjT6MiFuVSAc9q/aV/QGzqC3AoyGVltzCzD/jZn7lxUKhU8+cQTgt/TqQMePdPLj04WLz8eZ+PJyb9/fLCIV/z1FXBSU9VgIW1qdtDY+KEd2dAiaAXHuqkxALTGNfzFr2psPZy5B1YMeEFf5K1yFHj0g8DzXzaB3SBCQEcXEh6XSxrOrQixZnPnjcK2GmaiJv5meW2Ul4lOjUwk/RN1zaY1HAC482N/1fWWt7x1dVt7G9G5lOYnrAacB/D9APV6HfW6sB5UcehQGeVyFZXxKvxo2kGcosY5x9iYj3qNSwsER/i76YWn5v32tw/dHVPIwmQRBFwDGQ5zKvlCx2OLFp1/X1f3/H4NpEda0vh4gPHxAJWKjyNHfJTLNITgyWQPPzEJqEOQCCAn2RLj0XEiq8H80GowY0YOuWwo4IOAYd++cTzx5DFs2jyC4eG6vEOBg6NrkotzVuewckUOqXQauWwO+UJeWglyuRyymQy8VAqe5+lgijj9LAZReUIMRNqhTVMwyiJ0WLWvPRJCHOSCHErfjB9/ppook5UY35pHaakU9O1zyowO2NYAaCyRvMS3B2orHLTAqryQspMzZX9QSpntbADKp7nGo8UoEv2My/ZQ+RfCX50pw4lFQKQbtRFXNPUaE/lWAMIgr8oVVyshbXfcrH+OwcFBvO6a12D7tm2AmjIQ0wd0KyKgWwomwt9ORthWpnCBN/6nh9kXrYSTmq4AGHQYoz0zuz+tWBjtaoJVTn7NPqAJeZs/QbgiXfpdpmEZkDwAxg6HYGDz16sI20lYBcTUz0QXEVrr3wYIjkfAmesGxLON3kQFvul/ssz0rYZplA80iN/K+oiTASYc+vuFL36p55rXvW5VOpWKGpcwm8iFAl38BggCDj/w4ft1+H6AoF4PAUEQIAj8SKCHYdV0RPTLw618H7n9Q1+vVauTEUstyhxz6oViYfPSpct+ev4Fr3h2as/UkliBzhHmoTJWx8DAGPb2jWL3njL27avg0KE6qtUg0nKF9kfHTCQ8yPPP1wAAIABJREFUBRAgmry+pzvMU+hv3uEQHjI0a1YaK1fmsWBBAZ2dWYSnDHoojQbYtHkETz91DLt2j6JSCbBieQFXXdWFtqIHL+Uhk8mEoCCfD8FAzj5doAMTfccHk3MlhKEbwsMihhX4k7xGvCuApELTyGSdiOgqUOBNT990XIsWM31LSCaypgsv0DwzxOsFTBOuOhARTgl6qcxxiyYugaKtBHSxp5IBtEycfKfpUiCCaBtorJaiPLNY/iNwIZ7l9daG3UbWj5pq0YSXATLVeOCqC3Ag4AGe37hRbEWsQ4GBEvkTUwfACWqaCa5V5aqx4vj+odlw0uE9BLT/SkFNQnPqbyCrGJAgiE7SNBgFYMRh+jebycz2LYa+ocJo/SQARg+EawZ2/LsJBkS7tQIGWpI1IofHM2/eyuK5VjoAoNOxvVP6NsDRKEzSgsRmaU2UhpmXVr9NJH+NaAGAc9lll2fvuPPO0xcvXtKp+p+hqRmRwj3YRPMnf+K7tt+dCxOpCvfUU0/2/vQnP7lmaHBwHgDk8vmBtra2/s7OzoGzzjr7uTNWreoXDJBzjkqljuHhCvbsGca2bYPYsnUQ/f1lDA/XUKtRAcYjYWnDrir/5ncFAJLjqbBqbDoO0NnhYuHCHFasaMPMmXkU8qGmHwQMBwcq2LWzjM5JKSxf1g7GmLi3IJwuyIR/6XRaHkikTxc0d3HBJ+qCatHEOmKEsm4LNGg3y4tuBUjIj6w3XVulwjiWN+gKlK79hhGVlqvHBfG38t3oVwGLxNJZfZj5xM0QSiAzs1oayIFmTlhOLFVJpiKaUkmgrb77dR9f+9o/4a8+difQ2l0HQOMFzub3VvlqMx5n573vH2qHk74gPGAI0Csqeo8xN+hhSX0oYT8B6wKggIX8ZgAJZoSVlgOoAFbLgFGmoAYM7QAeeTew72ExTVBGeEeBWP9BD5hq5myKqNYeNOtJQuflXmByolrzyTbxn6hF4kTrcSLpOwDwZ3/+F/mbbr7lwq6uLtIR471VVw55IgPTNEH6TDXPRJO2mAKoY+fOY9i+4xg2vXAYO3cOYf+BEioVH1Qjplo+SSjKL9WegdhNfUy/Sc+0FFCQwAESVoxPdXgPZxzplIMZ09M444wili5tQ0dHNlobkIruLPDk/QWplAfPSyHlpeClPHjkxkNtdwEnWjlhEJRx0ydNQ9beZSsS4Wm0ARW2WnkjzTpiTPrJeDoBTZFR+qzKHJHOXPtPWQB0+a+3jc5MTduSyCfUVIBWNlXAsM3MKlC0eRRe58lqMSJnLDqDIL4eIN5vVL3E+5EdqchqklkmdRkLq6dvflfyhI4/QT9Omfb/UmkEr33Nq7Ft24uA/RRDIXiA35VFhu89mEaqeIU6djhyMaFNBC2H3kcBNBT85rkWGhCj6JZZ0tX7u0pK5AdaH5dhKWo2w/tV4NDTwC9vBI5tMo+gpm11Ui05raksjZ2J5ppZFlqh91ICgkZhTmQ9AhL8j7fMxwNcAMBJp9P45Kc/0/OmN123KpVKhb6ywykhKbUSCD7ONCZHIsJk68ZII44wdw5UKjU8+eQBrF27B9t3DGJoqIJSqYZq1UcgzJuSCUYUBCBQp8tA6MJxwcckIwQV+sT8ahMyEnyEb5DbzaS/Yv7MYejs9LBkSQ4rlrdh5swC2oo5ZLIZaRVIy4WEKTlNYJ5BwCOJwLi95qj2IvKi2cMlwzE3zRlkJFPicjtm2NxcKlJhHkyhEwcjqg4ZzJTDarfEpTwOqs00UKZ90yU95zKDsHwmkW19Uhf0gOLZSiCTeJoANWjEShZ3ep80ITNkXxJ9WeAlNRxpZ7C0B20/C2giECWWriIpxjUHDzieWL8eb3j9NUB86kDsYxcH2wAvzdSBzcUVp/cfTcPLXAzmRheMMaOuYBfuMpwaL/EwBg0rkKP9xGgTLT4j4eknAhJMRmR7F4CgXgb6fgncfx3gV8S5AgIIDKP5wUPHLUNdNFvFqX6THCffRTFtcZJomGFt4RzEq7BRflrJ80T8KT0rvrT4Hw8YSEqH+ie1i+x2vu8zz/NqK1eeNq2rq8sLBVLUaSPZovzCPyYEa/QWBYJYYS12FIR/JCwxh8swUXwGwPMczJhRxJo10/HKV87EhRfOwHnnTsWZZ3ZjyeJ2zDklj56eNNraPGQy4e6IwCcCEYqusAzQtEQeBJJRpwKqY2np6n4RX5UzyivR4hlTAlj4VSoB+vqqeG5jCdu2lzA2No502ofjhOc+BJyDR4svhdPp2RgODEjORQVHzJ+RE1NVWyV2U2Fyl8US6YoDgERiyXTkqYgye6J/RCBJy0eDvMj6h6xfVeA4DdOCqsqgfqU1w2DIKp+qj9Dq1apfO+VQ1UUoP9RWyKi7SMUupEGmCvSGgxRChiCQAFv8atVl1gdZGChoRqSkvIjyQfOu5UdcmiSBaDiGVQyGqVN7sGP7dmzdukVYFQPoK9QDhLsOBF8zG5ry42a8ljrKu8z4qjI+MMpwwYfPh5c+Fcxx9XKSuokPIPJZdLzoWYBA2T5GfEbjibBmP4Hyt31j9Ff0U8WbCAM16IswQbiTYOOXgF/dXAevVwAMRX/HAIwAGEPz3QSm/G4wUDXnJNTmS+pOhkn/RGhMVHs/URovh8XDDO8AwO0fuaPzllveuaZQKEAchBMfR5QLg6BcIcygrF7mAGQylHrn0PaKm2ci+L6Per0eHpwU7XKoi0WM9Trq0cLGUqmK4aEqRko1lMt1jFV8jJbqKJfrGB8PMDbmo1oLMF4JUKtx+D5Hrc4lmAgCjno9XPyY5BgDXJfJcwUqFY7R0QC+r5/kGJt6iNh2W5uDZUvzOP30DsyaVUCxmEMum0Mmm0U2k0E6k5HTC+aphSIDkppSAbU6tk4lGIoIJ8crA2rxGiP/K4HBLX1AT0NqsVKu0QjqnACNDK0fy6/Ok+gxv7omrtW3CGmaZWUxIs2YqfzSqQg6JaLPxYc0xdHI5kJEqdTJowtt2wrNZoloCSAg0iHgSrdoqPrSSm+iBtIYsakMWoechTsq6CVKZq1xle7evXtwwXlrRCp010HSgUUvPQ+7dbuHwtTVgNulCVLRICCNJCEEU/VKv4H600qg3ygNI47qBEY8GOlY8qHFpeON5tH4FesFfnMbsPd+ul6AThEkHTo0ERnRMOxEAcFEFh/+LriTZYq30QBaq4v/CUAAAM7cuXOdz37u83POPe+8RU4k9ZQA59oboAR+yOBNTcoAxVrXieKRMSGvoRUhuH3RotjWKLY2+r4fPgcB2eUQIPD1d98Pw8h4QYB6XfmH71x+F1MYGlBmCM9riMZ2dTzAtu1jWLd+CH19FdRqQayu9DIDjDGk0wzTp6exckURS5e0oXtytNMgm0U2k0U6E59OsC00VGJWT8NcMiD5IwlH11eYbSNkjFRYIoKhP6MdIBIqNB+KcYr4pFGjLBnTMwn6iJgK0D5HD5oQ1xIjADVmLif1QUComgDSaUgQwZTQlqEEoEHytkYls41zCcSjrEpO2qgBiyUISNsqqWVbLzGdSlPgmyk/VQ2WxFR+giDAPXd/Hp/77KcBtW7AFD4vz4FFt4964Gw1wLqUJ9MrQjPZm3VKhTF0QU2/i7qStEU4S1wZRvR/A6DIuEx/pgCAkNKuRaaOc6A+Cuz/73Dx4Mhu24FDx303wUTdRAHByXbHI7CbCd6kOf5m8/u2MI2+tUKnlbwdbzmSnEN/b33Pbfnb3vu+C9vbOyA4jtQlNTttXOjpZlymfjjVoI14sdVWMbIkKE/8nfhfQLZHhub7gHxXwsS+eJIClHK5im3bhrF27QA2Pn8MY2M+CajKozRxNdiLRQcLF+SwcmUR8+a1oa0th2w2BAdiB4KwGoh1Bo4TWvUYoSuFHalTaVCOBD81n+sL0YzmILQEPzPN6qo88XphzHwneTHCahqw0FyFALV0k3h90lxRiJqwQ4EWBgaIlfWmqoXRdSmxciEGgkV/oW2sbWEFGQMxoBZPSL3R7Z0qv/btmbQdaGUZKEJuy6X1x0gVie/h88DAQZx95hkisUbXJAOtCaOJaaq3bnNQ7L0YzI3uOKENIh5M4Q3CY0h/jz0b9RRrGIsfRbxaOrQNKSgw82YZVDIPiA867gPlAeD5e4H1H60jBGDCUiMAAbUKTNQqPWELdiuA4GRo2RNxNoELNBekrebtpdpl8FK540lfgoJCsYi//dtP9Fx/ww2rQpM1IJgCtXpJzSIGZAXTYeoIYamQ6KuzBUOLT5eHHnT+PtlR7SopSFy4c/UgtUP9myKq0SZapz69UUelUsX27YN45JE+PPnUIRw5UlF0xb5xYvalz64LTJ6cworlBZy2sh09UwvI5bIROMggk8nqVgMnvDXRcUJm1uoWxXhdNay5ZDJ6pRwHgaRYLdJq2Oat05jox5hvS0nZxf7EXBy4TSg2D7V83SQQB/RiPHNtwIfgIgg4PvuZT+EL99wN6Mcai2NwXxorwYdL7QA7D2Be3BJAnqVwNhEjFcRGPOuUAhQ9G9CwTQEYVqE4sDDzS+Ka2FyCCuLvV4DDTwO/vhU49JTtfAFR/8DLt7DzpFoITpagfakF/v82QHC8ToKCd737D/N/9ud/cWFHR0ekqQkBZtcURQdmBAzETowTflF4HRQLVKEzqkwqBc+b4GnZMYCiu8aMlDd7jBELFQO15qFer2NsbBx9fYN49LF9+M1v+rBr9wiCAIrHkLqSGl5UdY4DtLe5WLSogFWrOrBgfhsK+fDgomw2G1kO0tG5BSm5XXGiZxccl7NWRHPJdHyQ43hcA4jw8mUi2bWchxOCSlYXBAGGhkeiN2MbJ0CmZyzWFQm+OHbv2oULX3G+IHsyrATJ7rYXPRSnXSVZE4MS9jHNm/IOIuCFM5+FoDUPFopNBYhni3+jbzZ6puC3WiJM+gFQOQJs+Sbw2EcAv/KybSlsxdm4zfHumz8ZWw5boYMWaB3PosLjzf/JotMo7ETqxIzntLe346//5uM9199wwyrmOHELgJBhXC2CAkzAQEzExBQbAwHUpEwXOMnLdRSdZPOzWo8grrOlJnIJ/Dl0czhhiuYFORBvIk0y7SFGtlK2BFPl8H2xGLKOWq2G0dIYNm06jF/8sg/Pv3AMIyNVmQHtDAXCl0TJHAfo7vKwYkUey5YWMW1aAbl8Vk4pmAsR1VoDRwIDRsoSW0Rnub5ZLz+XZVTYTj+kKGaajtUl02kRX9WOwnJDz4kwQkd9TTRorJ8J8znVzgynph24pT5UWcyDmlRr08oUBImfyK9Zl/pcmlFv9vq1WmDELhItb+SYaYotqbCE2JXBtFi0foUVy0zSLEMQBLj5pnfgFw89CEzssCKbs/OpO0pzEGB57EAhkUfOSIcm5eTRN9NsbxXu3Cgjg5rTF4DCsATYBLigZ+2zNF6T/OidIPz1x4CBJ8OFg4efFpYXupjzeKYIWpUTjeJJ5xoBOPkz/Vsh3mhLnAjHjHczPCN/nMQR4yZA4zw1y4vEkgZtWqn0W7P6ML+Z4IAb3xptvaG/NGyzspppaGUdHx9nU3t7+XnnXXBKJpMJvUP7ffgTlYIKHdr3wwoiDFCGI3QgHum3KLjYCmXQ0cJGv2J7Gt0GqYVnVKCr/FBBLpzg7wJMMEon+hV5MsGAKDxjoRnfdV14nodMNo3eaW04c1UPTjutC/mci2OD4xgbq0MUWNapAXQ4B8rlADt3jeO5jSXs3DWKWnUcqVQNvl9DrVZFrVaTuy4CPzwWWp0UKQSUWQ6RV1EGmwAEKb9iZpoFggtxROMz7ZfSitEVoI/O4VriamWI/lNglFnKENGUXpyUG7Jvhd2Rk/h63Yutp1FtRUDVKCKH3LVh0lDF0etX86ZCzlAhFWCj6UV9moLI2GgPPwogQ8GAIqS3iT6IFRkhd1UgYMrkyfjBD74PhPKgBrXlsIZwyoBHfmazm3xa8Z7bD3u4+I6VuOgjZwGsB8yBYhJm1pmqC+HJib9RTq1AWidgelyIwnLynZLRasxwtrQFUCFEJPBi8fqW2QyA8n7guS8Cj/wRUNpTBTAK4AhCq8Bg9D4GVfeiLs06Nn9FLtAgjNlWiWFtNSHc74qpvJU1BDSMQ/ybISszzPEuckxK62ROT7Q6xWKrL2fuvHnO3ff8/bxzzz13AZ0nSFxTaB0nVACRcPTVHEeEVoxkhNataxmUroRIYuigRJAm3FOjb8m/OIxJjAslfIyCcAUiwqxwGd/cQlmr1XD4cAnrn+jHrx/Zhx07R1Ct+hLY0FzLc+YhxDTgOAwd7S6WLMlh+fIiZs8uIJ/LIZvLyrUGSQsRGWWGZoGptqs1hTqsiNaTroGCCEboQtOsWx6rPZW8xiMt2wtF7m154ArIKKtV/LwCUa82i4hChFQQ8KhsRvXwGJxM6Mzx0nJNwtvCEGASJaT6B6ymfBuIEt8UKDDSscS3vVJkwDnH6OgoTl26SHysIH7xkWnCTuZp73vRQ7H3qobHC4tnDTzRbxRQCX/RmbhOB4BuCTDawnapkfZrHSRQHdISX9DX6Ij+Qv05UCsB+38NrP0zYHAzXSsgdhKY2wlPRMM/YfnRaEI3Ce8kOVNznui76Z9ksUjAvlrzmHFs9G1hbHFs6SWlbftG02zmaLmTaDXzt9UXGzx2jE+ZMqVy3nnnneKJOWqTsVGztImOI2sC5U5SpgitnanKEuOc0gqfxcFBTFo0BYjX1t6IKQlhMTCEc9PKoYoBF3mEziBEXCm8hMDWpxWEBUTkPbxe2oXjuvBcD4VCBvPmdeKcc3qwaFEH/CDA8HAVlYovBZWoO1FPoozgQGWco29fFf9fe28eZtdx3Qf+6r6lXzcaK0Fwl0GQEUGJuyRqo2hZjmmKGTtOrMhfvihWJFm2lE9KnMw3UZT5YsdL7MzEGTmOJTtO4vEkdmRPnMiSJ5JlLRQpkSJBUiQBklgIkNiXBhrovV93v/dq/qhbVeecqrpLd4MAKdT3db/37q06dWq59fudU8vd9dws9u6dxuxsF83mIrS2XoNF9Hp9vyWTERRf4KDdyAE2zqOSGARNm5nK8q74vF4cLpr68Vv8BCsgj4rVReVqmKrP61fTCQf+SV88ZcdWNhVg+xglDyRvdqIi86DALYbVtm6Cty6ClZ1Zl4SMULjWEsxytex7Jsx5B6QtSD+nNIHWnfUA8CmevCziuUp5E+Bqw0+3+bUuXN12u4VTp07huV27AA9KffjtbnabTR9SWRt+cXozfvDT70Fn3Y3GG0AGi4DFER0k6SL9mXdo+klIhbssK0NxWXRRIHXHCA8Z8zgk9bd6kofE6mBDfwE4twd48leA734K6J7uwngBzsIQgUn4KQJbr6wGSkIdjCi6x67TkwpXGsrAtQr4Ar6zVQVAGaSbXsa3LV0G1tJdH4uXyitGaqoGKqOMjFQJblS79rrr1Lvede/1I8PDHmzzh8JaYdHT+8iBJ1YgfV5V/nBYUKUnFRIkZFMSFJsYeIhny7rDaTWw9QluYaPR3T3Gmp64lyYRiqwlsODl7pHr2klWTqcsn07IsgzNZgOdThtXXTWKN71pC+64/TIMD2eYmlrEzMwS6GmRtr5c+XLC0u8DU9MDHDjQxc6dMzh+bBaDwSKGhswrqntkOqGfTyd4bUmDKw/s9rcBBD/I2VXntH48AGsHiO6EQlsPwq3rD0UibeRAy8vx3IG2Pn9PAG1njwV8jQMPEtBJ+5MYvj0pceHlcH3bIXCIA+5eIMOKUK64NGfqjGEHQhAt/VoOeTYFIUiJWuBKhMBln0NXxQI7tQZUluFLX/wzwGDCAMBC/mmnDfrg0wZGwr+YfjPe/b/fBahrkZNnp62yCkjNSasw0mX1V5F0pA+xUweFWBWJD6qX5gONH8C4LgHgu4okccHjapgqmzsF7Pl/gG/8PeDko4uAnoUhABPwLyaahT9xME/oMEOR73Uxh34vw/YgTWkfuwDhfE9VxBZhxBcG/v3xDK3Ra5FltwGDMXxm6Ekhq6oL/5WeepHlygBko6Oj+NVf+/VNf+fvfODu2BwkEHl2kSDIGigarGNb8XxazeLQ6971K/oxZfZOhvKAKvSPykjqYAcBOzBQ4Ct4nnRqy6LZnWCmE2bx5JMn8cgjJ/Di/kn0etrpJ8dCKtcWpNEAtmxp4s7bR7F9+yguv9y/Xnm408FQp4N2u5XvUGgiUwqqaDrB1WN5SFWhJ0k6HLctSZDz5SxlWIdBXeR1IM82CJUgFemICI8YfeEQSHMrGpeP+z5eSg8pRLv+6PticRnoQkqfOSHAsTbI4xLa4Ygw0yUpg7SiBsbGxvDWt9xlb8ppA2vJmmmDTx/dgM76t3H4UFx0CloYeMrr5D5X0efB4tF+zR58LiOWX5GeND8nU/nPQJecHy1MAcceBr77aeDcbrpokE4P0EOGbKiGR9V/y1A5fjN2sUAoECpPvxdlXBanzhx5UR5AKIfmEZPB4/18NwOyGwG8HloDizPA8W+PARjJ0y2KdEX6p8pfVG6pb9UdE/YzGn9mZgbPPP109/3v/ym0h4b8ACKYOj0Ax7J8t9LcehLEqMlc48SlTQdtvoLdA6MJJA3Es0eieGuJrC8oGvhyAPSvrTUPtj/OFoxQ+AefHxyTOpbXyrcLIs0ixAyNRhOtVgtXXz2EBx5Yi3vuuRZ79pzBww8fx1PfO42FhYFXD2B1TrGu3weOn+jh5MkJfPs7U9i2rYM77liLG7atxeja4fxExGH3giV7roFZY0CPSvYAIoZMUU5Wcb5PWCKheTylSFw7FWCrVdPrpG8I7PDcRbjgNY1HQNPTESczDsC8E1ES63YgyOK65pd9Sx5xrLjutr+4+qB1GR6DTS+ovOzeK6Ej7QDW51z/tQSa1C1dVxMQmTyyn94z/zdv3kzSIAPHhgw3/FATf/2334B112yBaoCxkRjgRvm0FnEjQEvdKWxxheLpXdOIOLTJZN628ShrdOOVCqoqIFeK6Eo/e3PAmZ3AM78J7P9vgCFP9Djo1KuKY2vequCDDVUwsyp+ZgAGzdjFRObyeozhVI2TIUyTAsUimbE8MoShSD+vy8fPZmiteQOQbQUGhggc+NJRfPVDJwG0AayDP+O7K2Sm8k7pUMToqsSJ3U+Vz32fmprszc/PY6g9BO46AwIEds+oX+HsbjF3uubJhTvNjbVKpCcDF/3GphzsVfu2OPuQ2u2IYuwz86VeGZ1/Z4O/+0FXtGsywMC7vC0QiEGPW8VkFMqnBhoN7XYntFpNtNttvO1tI7j99itx9OgkHnnkGB797imMjXV9mYUqSlja0zMDPLtzDruem8Nll43jtltHcesta3HNNWvN+xM6HbMIsd1Gq93OFyFmfhEi/KoRe6gSbTjHjzRcG7iKZQMwb0tejza99vWsBCmwUsl4S9M7ApnDFaw+0KRdPPZqUBm+EPKQLAreEpS1aF/Xs7UyAA2vk5NBYuvgC5UDT7NtEUk5tEiXage3roCQAFdmLeVYCkUIUa6JArjXXZl+ev97H8BffOXLNnoGoI13fHID3v7xTVh7FZA1vfKkbCGSWp2Uq1/Htmwy2962E0QIEFsswQiGJQhi7GLTMbbPCqIhBxaqUGz6gpEL7b8rBfS6wLl9wHO/B+z6HMAPd6LbCOnrpKuO2UUYUIYlKeMwhu9Mhl1UaGtCo/qagrK591gc+1shnYfVQRZEykx9xspQNKei8ImFFt72z9+EZud2KLUBvVng2MOL+B8P7Mbu/7IIYJjEX4SZV1siOlKdadmKFlLWWV+QKqsNZfXhnoZGo6nf88M/vHHz5s3DwSl7DoiDA4ndwCG37Fkwi+5ntwMgOdUvFijG2webnlXg5hXZ/HMkkAFOCrfg4UtDR2D74Q9asl4ET5rk/vxIOdjdfEtn7jEwXgNDDjZuHMbNN1+Gt75lC66+esS9xKnf15xUCaJhByUNYHbWbF985tlp7N8/jaWlLlrNHgZ6yWxdXFpCr99zixDpYkReDxLccyJiiYmt09yStfPcSTc4CFm0zaZJNeb5a1ZbhJg4AkHIAsUSCoJRQPKLUW1zsTMCbFkUP4PCBvocWDkWRAHTR+U0lQ8e+DgYe2IBIkcH6chX2+zwvzU5aCh8DLwM6m1yFMZ59jTf2k/Ci/v2YceOx4FN1zfwV3+hg5/4d+tw848No7MByBqkEeAb12sZ1CVA4sm5GAf0sg/R30KeA3s3WJA0+fPCGpoQCmntU1m0/0mZ9rsisgc9YOolYOfvAA9+HDjxbbuNcALmrYTj8IsG7fSARhzTUphQdRF+7B418FM4EU2bHt3qh9WaK38l1hAAwAAfOdTEyJV3QTW2QMGsDD2zE3jwH7yEU09QXSzLi71xqoquded46LWV1Id0HWUA8KEPf2TkX//Gv7nXWhwAoqDugJEMkCwQrLLPmHWv+weRRIQHAgV4N7QFJgITzP5KEImYMs6dS4gAdb+GVilNbwdtRWSF2afXyOf1QQdvB37IgTlfa9Dvo9c3b3qcnp7H7t3jePDBo3h253g+naBd/TlwDYvrtMkyYP26Bl5/0zBuev0obrppLUZGhtEZGsJQZwjt9hDarTaa5AVL9O2Lrt2VKz0suNrWiE3HuDLnnUDGCembrDVyjVa4u0W+C1Jp29pPSVkuER7A5NPwwZ8tONW0/MrdZWXQIjLDLNvOeb9TXgotDgNvSaTzSnXPptWJZMdUdtMIrvAmHQFCRcsqG4T0z//05R34taeGoK+6Axhax+rJA6hGdCsfjWvjpObnYy8qcrs+SB6a6mtBn+YriFRMPyDUl5FZMbC5PAkhsH1m0AdmTwAv/nfgyf8DmB+z6wRmyN8UwnUCqbFdXovFrRpWBTfrrCG4WMJywJWHTyx2oNRdUGoDAED3gKkjwI5fHcML/3kG0G2YqYEe4ntxUZpHHX2K3UIrCTH3U9bv9wf9fh/NZhPUpUitf3LRf5XS3bNIVvRIJjf9AAAgAElEQVQHD6wI2ltugcXNFqKlSUAAxGRQ9FMR5reUEvUKUhIBbv1yNzQIYFi49IOxFa3zsvi8fabmXQX5dEKzgVar5aYT7rjjChw/NoVvPngETzx5GqdPd2M2lxeZf1HaWKATk33s2DGDJ56Ywfr1p3HbrWtwyy2juPqqNegMD/kpBfL2RXq2gd0JEdZ87Bpg31zoK4cDsHaEQQzAPEl+SYefyA9JCvpDThmZC53O78fIHNeBnhDhdweE6wDcdEIisOjOs6G9lq7r8F5r+6z3hOVGqOtgfveMq8dII9D1IZ48WqKi8/SC9MBfOzqb4ZETLXz5cAuPnPur0NsEkFugZdzN9ntx3WvFPsKH0F4nTCdZxyGl9FUpyIBcoCEZIeeCsS4VdmClciJwEnjpi8Djv5oiAvJURyC+bq1ojcBKxvxVMaJThKAKiNWxYJe7QKKObBvSiyw+0WtC6buBLH/NpgYWp4BDXwW++fGjWJjIAHQQegSK5oDKdFxpQ8XqrWjRSJkcKIWBXOnPpw/ywRGKrOvxDxd7hwEb8GB/uGvyeFVnMWk/KGueiImxJ9gFpj0z8zkJcLlTsk91hs7HSqJ/PqjwlySZwHiLBrH+c2CCGHRB1CCBzkBTy9xOJzSbLWy7YQjXXLsB733vDJ566iQeevgEDh6cRn+gc7AB7FHOILLoOD0YABMTPTz87Sl897FpXHtNC7fdtgY33zyKdWs7bIdCbDGiffsiBXltrU1hNFmPkOKls63HjTHNQY6nIPF9rTs5PgaxHAloO88UaUN/5LJpK02momyF2d5J4YhPh5C1DDk5ca9PtqSWejEiJIRvk/XA7/FL+3QR/LOi7PoYTQRRaqPtq6U1yZ6Vy1zs9hW+e6qJPz3QwqOnWphcyFgbsUxZfafahn7XHKipXBW5zpSjpDESSRJIGU8pIUfUgatbIdddl3nqnAj8f8D3PgOc20uNRLtrgOIEwDEiMMYQjtV18e28xo0RgjoAYz/pYjrp+iiqlKqLJ4r0KicYP3cuQ2vUHKGJ/CnuLwLndgPf+ScTOPy1Lkxd2Ma2W0ViJ0jV2QEQu79cME/9rlJHLExMTKDX66HdbrsHhg/ogLPWnQFCQMfGDdy3Lmk+hPMHzxJwv56A5Bl5/t3hMsIC55YX+U+AwXkfFAEbOrCDjxXBNAA7GdHmQgrorsrBi4Ao1SO/RX+b+xlUfrCTUmZ3QrPZQqczhCuuWIsf/MHrsGfPOB588Bh2PXcWc3N9UybbDsqSMe9ipjs+lpY0Xnp5ES8fXMRffm0Ct906jDvuGMU116zBcIe8ZGmo496jIKcULJA444u2D+0POWBSUPP1rf11iy+UZNG2IJ4eb+3CA6eS0GEFUCLidxGwJsivS2ziIM71oPeVXQ+TLzT0pyzGUI70OYdZvm2Utm1HsnWkRkITB1Q+LabJ88BQ05Gj2R7w7HgTXzzYwjeONXG2q8DbS/sH1JWFAi1Thnzn+fmKVpzcMK+jve4JXTwQ2UxPohtUsf6u8VQoMwh5Wp17BF7+CvDkbwCTB6RHQBKBFBaWLfaL4V8VA9eGOlhSSa7cZSCVLhKcAsaYm4SGorlyeT2VTlaEjGOufWy2iebQdkBtBQA3oi1MAC//T+ChT57FwoQ9HMJ6AlJbRFI7CFK6xOLJ77FyxzpVjGQVpZF5pHVjz6kFOu3sDjuY6fyBCx7d/Fmj7tlg3hYgIJoYWRjrJxqRMYMbPv6/GxrEFwU5eCAycIIANZHFNrQLqwHUha6DK0R7c9+N7mJgpQMd+HRCs5Gh1WxgqN3G3W8Zwa23bsGRw1P49iPHsGNHPp3g5ofJwC3rgmg/P6/x+I45fO/pOVxzTRtvf+sotm1bi7VrhzE8MozhznB+rkE7P9vAvHnRH5PM20Yz6bQCNWlPHthiQtEVrAXMp640K54hpdKNL4kb2By8tZwN0eNYJFKxMtKzHMw0QN5rKBF2/xTvjK48RE+jPJ/KYMp4tuM9MXxqwehFCEAAppZsa8wsKRyYyvDFQ2187WgLp+YVegPJ6pTXX/Z3zcR6YGXVHQNdU8446OZxnbVhZdM6IjoIlXz+Gmxqg16HlBvrK5Ew6AEzx4GXvww8/VvAuX3UIyBf+ES9xjbEsCw2/sbG/9SaglgeMmQF92IhRiQywBMCqViRopLRFFntdebOZcWl0lYjGB/vbkXWvIUxxUEfmDlk9os++9sTefwe/Ksn5Zu9ishR1amDuuWR16q6mcrihKRBjM32+aFTB3LUpnY0fW6tBeMOubMpmCVAMiHQoJWdmqBnIOTWIH2ArSsYnoCY9H5wsFv1eFo62EsiQSYuyFkLWvlpDRMI8AnzTQVxLEXQfucEGcCVH+2JNwWAcqWHajSgsswcj9xsotlq4/U3DWPr9RvxwHtn8cQTJ/Ht75zAgQPTFmeo+qR0uSZufYbG0pLCwYOLOHjwLDZvnsQb3zCCt969Dus35IcedfL3KLSH0Gq30Wo20SCvZTYAmZc4z1Pbuo+GXAtpWYq1Kkrby3zxp/2hSft7cEb+eNvykmkpgBiqllFycsenxeztiEWpfb4sMtPN/Ha7UwgJdrsKXB3Y9Qp5fQZVkp/JoIgehBRzHU1iDWBpADw93sCDx5v4+rEmDkyR3QExMhqTRaIwoA5k+LyD9JrXc2VQZu82SOilY98luxTEhZEWQSb6i8D0UWD/F4FnPgdMvVxEBKq8d6DOtHJqrE/JqOMlT4UY7g4APmVQd27DBsl2yl345y9k+Nj8ZjTad8sHH70ucGoH8MingFM7pnJd6MERqUWDVVz+Meu8rD5SMuW181ZnGvzh037oJHHss6T9YGkRyA7CZCDVJIqTkV80cpT77r/ZRH4AdZm7gZOPRHTKwQEAXdNAHn4b0+O2Jx1sYTMd5OGj67wQzLbK68NZ6FqD0iVaf35wz0kOIRTKlk3RBXR5zeRrDLTK0Mp0fkRyE0NDbTzwwCjuvfda7N07jm996zie3XkW3W7fywc8WvsC+rbMSdDp0z1866EpPPb4DG56/RDuvHMttm5dgxH7WuahTr5LoY1Wq+0XISpzIqINzD1v20w+g3n5aFsp+LpwlactiWEN7sTE8MKuazFrX8C29QUrFVw6RVz+FntJqgjY0OkTRu4Ucs8FSN9gantZOu/3eQTvESGkgxQixGDt6lEDmF1S2DvZwF8cbeLBE00cms7QH/ioAcj66vAPr/Q0MA8ZTcDV4NdJPPcg2LwlgUF4TZTPfKVxSF+2zwrdnUA9cazMNj+hR78LTLwM7PkTYNfvAXOn6dTAHNJEAKg3LteJW3dqvI6M0tBECF5FqyBjIWUVVyUYVRcFFsv48FgTQxvvM6do5cGakUvTwOG/AB76ZA/zp+kbp2LbRMrKk2RX4vpyyEAqnxQJWQWyIJk12HNj5znZXDgZhCnYxGXTnQNyW59DbwalEePRS3PXPRmxp9vRAZySCEZ5lN0jbsc8lU9HkPxtGjKweyF2APcK+nzJxAGtR4S6IM/feHdjg6Ly4AJAKYVmswGtMzQahhi02228JZ9OOHxoEo88egIPPXQCM7O9QA6di/cg6C39hQWNnbu6eO75Lq67dgK33jqCN75xFGtH89MQh806g6GhIbSHPDFoNBqsPqLdwJY8b0CVoz6fWtK+HVNAQdaSOHZDxWtbX/KMAR8x8GQzohlumzSkkZxDQPTzVeq9Ee5RkGSGer+Ury2//i5gDpSbCNIKzPeB585m+MrRFh451cSBqQyDWD9ynZfWBWME+VfykDnm6AQIeUBggdubVGfajnIdAstfNCTg2yWQrQn7FGlpI1BSYomenS/qzQNn9wDP/QHwwh8Bi5NlawSAODZUNYZTITbdnDI26+RRNKVfqE8TIQBVmRIoUqQsTRkBqLPuAPjgkSaGr3gbssYGNh9mTY3uOPDi54FHP7WI3jwlAqkpgqJyyfyruILqEKoq5Go57cJktJotkCEpv+pdrR556S4BYkZFFunI584Cp1tABbgHWLPBwpIAC3zwgwEBfQYemuYKv4CMjhU2HUAWCCpHFPxiODAZfiFETiCcqnyRmyg1+UXSa3j3Nxu4LPj5OvAufVtWXx9GZV8JdsFfI59OaLfbuGn7MLbdcBl+/Me3YceOk/j6N47hyJEZDEgvsWMo3XJn69fG6PcVDh5axMFDS/jWQ1O47dZh3PLGUVx9jZlOMH9++2Kz2UKjYU5EDF/OYwkYvPXsSwy6uJSO3joSh8rkuELJqAr6AOuzzpWv3TChAKeD/yS6K+7O17RMed4xffybQ3NCQebfWf9Uvu9LMZQEDDQwsaDwzNkm/vJoA98+1cSJOeqYlGTAsj7F79uCuwqy13UiHlOEAHtQcKJDzjr5HFYuV+pJiQLJj4xBXr/oIMCL7PQUZYUGuhPAySeApz8LvPRlwJAAuqOsaPugDWXG4UqJgQxl+JBKX8XDHeRV9xwCKWw5hS+LX40BffBIhs6ma9Ho3GY6oH3o4T/nTgN7/xB47J8tor9gycAEeMOXAWzR2oCV1sX5DlF2uHHjxqzZbITPkwMd7Z5nh93swfSfDBjJs+0HWjLW0JP3tB/aHeVQAHsjn70eGaxpIJSFGSjubAKxTc8XRbuxy+lJ3bRkHHTlJYO3BQV6hXIdZYE/OJuefs13UsBvk2Q6Kr8OgbrhrcfGHE2skWWWHLRw330jePvbr8L+F8/iK189gj17JtHtDnxlabh6jC/OM58z0xqPPjqHJ56cw7ZtbbzprlFs/YFRrFs37F6w1G4PkUWITbYIkR5P7dvStrFvf7+Kg2xCpVNUDoh9nXk9CVGw0zquHi0w+QbWtIJJv2Bc1+apeQt7IKdlIiH3JnBstmttfNko72ReLYA9I/2BwlgX+O5YE9880cTT4w2Mzat8OsACd9DrOah65UIwZuArxHj1+e9YHHZT5gEw9z09YYmNK2G9MRJAPQySvFglqefARhn0gbkx4Mi3gGd/Dzj2XUD37RHD9s/uKrOeYmD58/XLwYqVThGsWty6hGC56wxSoWjuPJ3mw6dGMLTp3Wx6ACBMVAPzuWeAkwH76snYnFCR675o3YCc6481dsyjUEY0YttTqpCO0rgja9ag0WiAzl96Rg5408neAIkDZ7HZ4ZI+yf634onsCGAfWAvWjoD4rWKS4fsxSIcuX/jfzrWbk41wHptaOr64dDW4dxBQ0KKgk9+z71aIlNSRCneDWGFi+b+bR7fRCFBbgiQpiL1AT6izFjqdTli3bgS33LIFx45P4+vfOIrdu8/hzOmuIQfUOpT1SbPSwNISsHfvIvbuPYvNl03izjvW4NZbR7Fp04iZSnDvURjKDzuyOxTCkxDp9I5/UQ/Pl6pGr/u2oH3WV6YSxaGvxvbTU14PNg2WCzP9j3olNCMLnArQrX9wBaHeHK6DLJNrSBdhcaDx8nSGR8ca+NbJBnada2BiMRPgyFQgwjmhY9Y8TafpPSB0vVMyQTKTY4W02ln5FE9DrxMShLy+aTsGMqQXwT3A8OVjxoYCBovAxEHgxT8Ddv0+MPES4N81QN83MAezgLDsDYSo8Dt1T96Pjc/luLeKGJDKNzYUFCYouLZaIbaGAbBegeEtdyBrXs07PXliFcxhQ/v/FHj4Ez30u3SKILalsFaFXYCw0vxZPb7pzW/OPvc7v3vjDTfeeKMSI0vqXQNyqsAdMAbiDqUrrU0inzz/5xdi+fzoQsBIxkwFMwZoPyA5SmJHasomcv20j+qTcX2dXgB0RIYf+JlK4cIy+HlwVgYNcp4C19J7SWL1RwGJEKZYTVHPhTbWsn0Vc7/Xx+LSEubnFzA728XY2CyOHJnG8ROzOH58HmNjC5ib62Nuro/BQOAsqX/6qHU6CjfeOIS737wW11wzgpE1HQwTYtAeGkLLvpK50UCWmXMW6CI8V492HLd1an+IeqARvMdAOSHcyo9WEiFa5KwD0iixhaG8LRTR0ZMB2p78PQVSB192rc1UwNSSwr6pDA+dbOChUw0cmMpgTq+mgEgYmlUgurqS5iWvUUIpgZzXL78Xk22vE2ai6WdEp+SRx/aeFt8FIaCeATnVZO8vzgBjzwI7fx/Y/+fA4pSdFrBGIV0bIInAxebhfcVDFQ9BVXdGXeCqOrduPj9yeh3aG++FyghTJb3KDtj9BeDog8Dj/xzod23j21OlYp6Biz2sVE/GQu+4485sy5YrbvSn9HEA90YDGYjp/Lm9Z4E8H2T5oJN/o+DpfpN1BQG6afds2zGaDsIM4OHHRjpo+flfmm++v11YxNwrQC1xQWooEDOXp19tLovBa8LWWQ7WJnMvDp4YwOorrtIXE8mxlFu6vmxmOqGBZmOAVquFTqeDdetGcfnl6/H615sXIC0uLWFhYRFTUws4Mz6PM6e7OHmqi1MnF3BqbAHj40vo9y1OeKt5fh547rku9uzp4uqrW7jtthHc8sa1WDvawVDHnoQ4hKGhDlqtlngts+Jt4VQXayvoHIq7npM4BwraR2VkwAOKJ35kcaCtf+pVJNgiatjpYAmlW0jpiKpvnCQZyEUNNHBmAXjsdBMPnWxgx5kGjs8pvihQ00/fD9k9zi7AqaZ4ttiq+xgwE6YaoUSUl/m4gqzJgrL0ESbLphJsHC2yp+li37XRY/YUcOhB4Jn/AJx4HBj0UtMC9m21wCUiEITUSYXA6lZSnV0HYdqPzb8NWXuT6Yjk6affAUAPgLHvAU//BjB3wm4ppEdMUjJQ1WVT5nqp4/qpQ5qqTC/YeyiIy36vW7e+3ekM51YkqTp4oDf4YoGbg6hmA5Wtfk3uEavfveUw/07c326uloizFpaDbmqBaX9QknzBDbekwb8rmEOGrGw24NEcaT3YsckuLCPkhKsNZqVpG9cvWgP8Aj66IM0RKZep9wBQbwA5VoF5mNm2SrLYw85hu6OhlXJnGjSgoXUTWrcxGAy8B6E/wObNPbzudX30+330ekvo9cxnt7uE8fF5HDs2j7GxLk6dWsCZM4uYmuphZraPXg84dGgJhw9P4uGHp3HLG0dw++1rcdVVa8zLlTrdfAHikFtn0Gw0oTIylUCmqthLqUgLeQDWnkXZOrFlt9s28rj+jZv0ZEzkmMMJMA2uD+Rt6HSxfctNd/H82UNCWOsACjNLwN4phcdON/DwWAO7zmVY6GeEyQgFAC+Pa+Z/Uk8BA2jKjEgnYjKpvjIrQsgI6QlfOCRDqhz5DzZNAUQ9IKzlaZlIentpYQY4+yKw+/PAc38EzJ8B+LRAauwHisfs8zXeLwcbqk4lVIlbKrcZibCc6YGyrYpUYfk7Bc7ARydH0FzzbiibzIIT6fB0pJw9ARz+CnDyEesJoJ1BnjxIpyNSOtnrVReEVJlfKtpOkvpcboej6xxw8803470PPLCp2czXXtBBwI947idALS6xMC//7j33fkufu04GH83cm162Is96ANbOPSxT+hHJLQyEHeQV/EuSrE52QKTpPJHhY6F2/Yuur4jEdFDvXPn2bHzHoTzocy+EByf2MhtF6tXGc4SI1IFnGz4oItWRMa8pXLsYgpZlDWit0WoZ/fVggAH5HAwMUej3e7jiij5uuqnvXqm8sNDD9PQCpqYWMT7exbFjXZw+s4ATJxbwzLPz2LlrHtdf38Gb7tqAG25Yi7Vre+j1FrG0NJR4qZKdSiCDf14vnDLS8stga0x4ATS/C1qPIRL6DGwfIMBE13iAtAkR6FRb6gOnusCT4w08dKqJ753NMDavsDAghQo7Nr8m+QDxVHBQpv3bXieJo656Ac4yHrtB0rG1AyqRjiSXrCrQQ+hDiYIWkTWAQR/ongVOPAk8+5+Al78G9LrW9d+F9wTY6eHY+gAb5Jy+DVWwoMwQQ4Xf8l5MB6lHDEOkjLI4ybhFBxOVgVEqk5isVB6x+EbBn53ZjubwNgcMAOmIeaAegkEPOP0U8NzvAnEyIPOMeUJiW0rKVoSmiIMMRXVUpV5SHS62AFLqkwHIfvJvvb+9ffv226C8peTBi38G7J5950yCWtD0JS48BMfDeM8C8hXYCt6aZi5QCqGhXCUzVP4LnRbRdLQNjK8cfJ13w4q0OfMzGum+cedOdxa7Bd78N83fYU1eLkXr3DMjLa1GB/TSqvN1RPgES8Ja17nPwaZsdJahAauXWYOAfHpDDzT6gwG0HqDfH2Aw6OPyywfo93rGo9Dvo9frod/vodvt4fTpLsbHFzA2toCZ2Wn8lRuBK64wwG+LaT1UjQaQZSDHI/t6dKWj3hQLfhSryHoAV05Xn766YmSA0lSLRfJdG84hESUiJp8BgHOLwAsTGR4/k+HR0w3sm84w21NBm7hAwY/dowBqO2PsHhXEhIIX3MqndSjT2esKzD1C843lF70v7gXTGeQ+XTQi+zy9tzgLnN0P7P2C8QZMHwG4N0CeHSDPlYmN53WxgIYqYF8mt0ymvBYDc5lfCmcq4UfRGoKqroeYMsv5bcJPH2pj5Mr7kLXMb2oe0fk+G+ylmWPA8e8A3TOyY9h3FVAmmALvumUuS1PXlZNq6KJ8yjpmBgDbtt2Au99y92in0yGroIXFpMVIo/0j7J5dTRzgufVKpwKIMD52E+A0rnUO5NT1b4J3mwcUhIJwYEzwUVsD7GhaJ49c43vicz3EOQE2vl1M6bHUD9gEwjiZyAGLvdMevgnYuMtIrwdwnYO/kuWzetGqZ19Epbl8Natuyy382RHKJUMGZGyaRjOvgpl+6LtpiCuu6OfEYWDiDMz7GbIsQ9bICPiDybS6cfCmhIycM0A9OCQEazpIffrpKE1alvRDRSrEVqJ/RBjxGEBhdgk4OKuw40wD3zndwPOTGSYW8/cFSBCUAC4Zs5b3YmkVeP8g6VwScoFa2qyzCVIpCU+MLASgTuQHcUR5mK4kjqJplLivzJHCMyeBQw8Bu/4zcHwH0OvWWSQIlI+Pda7VDXXl1nH515VdCT/oSYUrDXXdJWGeHz6zGZ0Nb3PESsxfM2LARkANTO4D9v8x4DuL/Yu5i6rMu6S2jFSRU9XlHwtFrHW5IfvZn/u59p133XV3lpl5S2mBA3bAs999NXv3um8PSwy0JBHRoPPnnZwb74ZjGSyAepvQN79f1GYGdrkzwg785r+iJXT5klXl0C6WgwgCRN7y92kBsJPr4ACIECw21UBGWZK/hq9vOi1jxlkz2JppCD+gKrZ8Pa+D/KyDKP47tFceEBw7s59GAVNH3Iqj2zENGVKkvAAa1uLX7tpgoKH1AFrDEAJyzwZLCDKyjoAtJZDAYomYIttUmdeQtA3Dc09a/Rkb8LIB1xbMa8Mq0cftaYWjs8CO8QYeO9PAs+cyHJtTWHTTABQgBejaaxIUWYZSP1Vwj6ZzBQjTafpbEhN5X94geTLwpkESACmbfOGdXZSHEIHuJDC2C3jhT4A9XwDmz9h3C9AX0FkykFokWBXX6mBBnTG5zpqA2NRFFS9AVfypomOG3EOwGoCz0pDho5Nb0Rp9Q26m8I7j+koEfBTMVpOpl4GZI3SKgHoGAF7OsoqLXa/qzom58Ffb81AWWAf+4N/7EH70/vdu73Q64nnkdUlBnxpf8qwBa/3GDDH2eOeDiPMkIIdpN/D62DoXItaYOWFaeevVkgYaiaZ3V106qidjkrT0nkgwIkRxwd4Iao6UR4PCM/WC+qkEkicDCMdGIF8U5EtJjrfRYbu48tNxm7jO7U8qld/0jRjAm11zIbDYvsLZTgEAjfw+J5usPBQkQetZ9jafgF3XnExqV3WecLlXF+ffmTjZf5kgQxDn+wrH5hSem1R49EwDT41nODqnsDQgtSPrUhC2ONgmyADr03nnDeLlPxgBEYSE9gvZAaF4R6EqURKhpEwaSYFPP4h+VFTeKNkBsNQFJg8B+/4ceOYP8nMDNJ0SoB4B6yWQxlaRZ0CGlMFXhgVyTj4Vv6pxmAJyRK4DcVmpae3U/ZguA6DewURFSpZVZjrOnf9bhrf+8nuQtTsBGXD9WnZk8XtxEpg5CviTpixrXAQPdJFdFfaWarw6bCwVryhdVUaakuXSjoyMZD9y34+OXnnlVVcDYF4AE/wg5BfJ2fGCLAZkg3ueQll5dm+2ByxnleVZeNtLud/OLs8zpavrKRhzGYrdc1azIvLsGMUWJZJy5sBjvtD0uXrME2HTUNDmLmy3gC8gEP5wJFc32n/68toV8XIMJnnEAuMRvP5EdZN/vFwg7WQXYHIy5KdtAsCydQOAntFPgdtP+QiST8HLgj3rBzStZ2C8Kkh/csdTi6K6PBCtR1v/Aw30BhqnugrPTmR47EyGp89lODyXYXYJhMhy4mY+BbgysM6/M0+GAMPUOgJ3z+ZnKyUF0jQ/eU+MmQHY2+dAifRUJ9kIEbIT1EmkvPay7gNzZ4BjjwM7/wg4+E1gcTq2QND+2XtAPaOrylibSmNDasyOeb6L7hfpUhUf6uhedereeQjKlKTKpn4XVU4sjs/vrb/6ALIWG9gA+JHVmniusyJ8SHQfGCwBngzI4yfrNp6ssKJyynKlQlEeZXHL4qV+Z7/wi7/Uede73nVPM3fvem+2HUD9YESHME0GBG5Q8IN4uAvfXRbWm5xzt03qgdQBsdOEH/KjaXu77kCR3B8BzKwiB8W+z9D3ycdPPowdlay8oa1czTDwdSRIUQLB1Ib/r+A9GhE5kXqUijqwZG1D71tmROvBJiTtxtozzMrXgf+g0yKuDDQpIUciIW9vu64BfjGmEa+dLO6JytPQ8cBub6WKO1ZDy8DldPsKx+cVdk2ahYCWAMz3rboSyO3XSCUFQYI8ScMAVfO6gbxHyySBNW/D4CAfGjdGDohMyp5kcYIpApJ/bGeBJDPB91zm/Dng1C5g758Bu/+7OWI+XCBoXzpHF4WX4UyZUVaEWVWwYLnjchGG1CUUdWUUkYFAhvQQVGFbRcLl9TQ7+YkHm7jqnvuhGmCjIRu1wMaig3MAACAASURBVJ4jh0x2VHYegmlg+nCskDLfKmUrs/7LLP0sISslu05dp8oRzf9f/tqvZ3/zJ3/y3cPDw24AhnPf+/pjA74DYwJ+7Jn22/j8nvpwQCo6Vc8TCD+guyNlodlA5F9rS1PaPBTpOr6jSGPESdYEQBUie/xj7MBlFlqs9M2NVDuBPnyc9GcZMNc7QT5JxizYOh9Crru9H0ynk5J7D4bKHy++il96FBiRI2UydefPZPBrK0h/YXoQMqLz2AJz2LZO1890pBxevjtOGLb6FasdWg9ODW12Acz2FI7PAc9OZHjibIadExmOzSt0+8ZDEICtBEQJeFLPAOgVv8lANAXUEN9JQZK6yHsyniZ5RfSlfVnqlCqfDGHH8SIGAzOtO3kY2Psl4LnPA+deRv5OAbojLLZNPAbIRS7wqhZx7J4MdS1tq2MR8Mr0KUwoyy+lZ0p2Sjf2u0kiphRPhVQBi2SZ3z/2lSauuse/qtiZa+4f+Q1CBCIjn9ZAex2w7voqulLArGqpF83PVGWUZXVTNm1QxbvArn3qn366+eN//Sfu3rBhg7mgFalOYa3Bj1/CzhL2tV+ox1/Yo2BfFMNmfAIXq0Eyj398FKE755XWbmu12fqlgvUATm/221qQ2hXC5uepAnEuExCkJMiAIFlkacGMgqpL62hCsIPDFFmTcsB5ZZn+csC25M0pxNcm2LbSGsyTYhtSu6kQSqx8Idi0j8tf9Auno7XA822lrKW8TpRYeiKjXO1oTXMg9eurKyLVFZZcV77rWjBj6U1esz2FF6cVnjrXwFNnFV6YynCyq7DYjwErzdyTSx4nNv6AVKJkeCQSO4THJRT3wO+xBbukI8bixmRLD4MLJB7THyId7QTgnzTEyItWQG8OmDoGHPg68NS/N4cI6YFdICi9AXaKNzYlIEMR2JYBcRFAVvHaroYOsTyld7lMhry3LJyQv+u+3GilIcPferyDzXe9h3sGaLCjKLmUNjVNaAwZUrAcfcqt/TqdpCiPolCl4aqEDAA+8cl/0PzA3/3p27Zs2bLBjJ1KAA+CH0pctk2g6J3IanYz+PqFeABtLj6weryIH5sspTsxdOyUFxywUADX3uKma06sN0TLXCzp0YywuOypGKap8vfhrVcXMV9bwE5nBRAdVGWw5aBBjvOWpjkyB1f57gVMjBj59QG0bGFdaNBnjq+niJzWGCrOHlnbh0gvcGQwIHTwdU9ajmUnFwRCa8z3FE52gX3TCjsnG3jqbIZ90xmmloC+BgIXt+t/tFJFTkUgGYCgAFWZHlYHmV6CuQz8+UvfJ+lLCU3sNxtweRaBrrF7eb5L84YEHH4Y2PE5YHwvMOjJXQJlZwbYUGVsXumnDec7nyp6LGfMp3W14pAiBHVc61XjAm/+hQyb73wPf0sht2T4NYh7dqBVZKBTwNAGYN1WhENHsjyxhkgxrDpupVhYaUOVuXnYVMHP/6N/3PzIz/zMLVu2bLlSqSyvSm7FhesIwLa68X35chAQgKlJcyiweeHYy3qczUiaGEropYlQYZVpkqeNSxe/BeXSodbO4s3zYOlJBh54VABAHDCtTJKcUBdfVRzAXXeGPAXSqmoZEInsDjsS9U+AzT4y9hEJjjkmtUFP9uPtqn22zhskDgiyirqpJ9727rCg6GOpwSxgOn1AC5ZfoJ6nvga6fXMGwM4JhSfPZdg9meHovDkieMAAnmfpK1eTzChIC2Ck9139CzmybJJkBeSB5kPvR8iGS6PE75hM7fWLDYMRz2Aol5a1Qjk0AN0HJg4BRx4Ddn0eOPIIPT3Qrg2Qh8XVXSBYZcyu4qovIh2p36slp4p+MlSdwl+VuDHKWUcoTQMQYCIyrLwmPrZwv19AqHzuYoAVqAUy6nHLj47S4zuBJ36ph5e+cBjmNce288WY50rLGitnLF7sfp05rDo64TO/+Vudv/a//Nh71q9f71aMA6Gl5e6QOXg71xxaD5qND0p7WNCgc/i+zWJEgupif1PvQ3ouXJNxLs9V++7Dz773oMhLbYtB2QvJQdzTIi3vd/ZD8fqS2CMHV1IcjsA6Hk3UYXAQj8MOHYiDsukRkeFJgKk6AiKKE42Y0p6He3LBTjzMIzA+I0Q5zQSBZM0HP/3U7QPH54H9MxmePafwzESG3VMZJhZNWTiQicpkYBohWEmrOXUfREnRiWJWdhJkRT7aVgh4YAuoYwRHyo2RCqKvGzulDFpe0idi5dcAegvAzCng0MPAE79jFgmGngB7XoAlBmVbBesYmasdVpLnaq1LqKvHcvNNBrnLAChvkJjLAwjT87gfm/dkgD04ggzI2yx+3qkpGbBp110PbPubTbz8pTZ0vwPT+doItx5S/WiZUnFi8WVa2ihF8eT3mGx5LUWyXNi0aVP225/9nZG3vf0d965Zsya/qoNqNGMTBVABvnRFOp3fpfKUXwzIB31K0Gh78fzp/HswJkasGtfMTnd4wIHvCpxuWL38WxI5cYnkE1iIJJLVMy+Em5ZwBeM7IsKEpK/S8wVIVtGyE9LE99FrNg1Bs3D4Q4kAAGUtdncBbiU/0ylgBHmFi8cNVjP2LPqkkeL4MlHviiUaeYr5HjC5BBycUfjeRIadEwr7pjOMdRXm+8jfCJgAPfsZkAAdxgssfcTlRYG1iHRI2VSn2O9EpZVu25P5y+sx/VN5p/QnbathTg6cOg4cfsRsEzz8KDBYkiQg9Q6ZmIcWCHEEJddteiA9TlaJK68hcS01Rsu4qTG9atwYMZAyYvrRa0X4I+NHPcxKRALCAqyUqWX46MTb0Fq7SSCMZ6vUNFCRTxbfRo/EO7cXeObfAC/8h/3gb7qiHbIuE6waPxVvpfVYKPfmm9+Q/bvPfm7z9u3b39xqtUEtJbolUC7ykoG5zAng0ZMIqR2O/AqR4A1einsE+4MZBGrVkVV79pbzGCvrFfBvQdQOiHKdLMghXFPgu5n2JEEHtjXXH1y2nNEiH+yyElfMTggfM/SE8FQ6Bwa/AJDG0ExbaR27RX8Sj8j0miaEyLWJLIEoMFv8KerB9w6pJblkH1MnwvZJjdMLCgdmFHZPKbwwqfDCZIZDcwpzPSpHRToQycOXxn+PeImC+MHUFGWpNB4K5NDfKRmkHLJiAjJBfke8POkFiCIfWh1SdqrcMdKyNG92Bxx+FHjy3wOnngNZGCjBv2w64LUUzocrv4ohfl5D0cuN6hTWxg/nuv/285vRWruJP1ggA47m122QZqMSD5mcNtAaWL8NuPlDwNnnN+Hko7Zjxs4lKALZsnpIsqtInJV0BHstSQZ++7Of6/zo/fe/Y+3atR2lMtADcvwgTQd0RapPy6HVu861H7KsK928YCakEtTBDsBZ0Xzs83PxfB7TMwcHhPklTUqgSJt7kKBlywlQcJ1+ejLqdLE5u3wNwrktfe7thUT/oA7I+QQg5+Q5IkT6txznc62JJi4HS0romM28x5Ay7C4CSxQIWos6tUL5FEteg8rqaXcUWC5h4klPhmsaSSQYqTCn/p1dAI7OKeyeyvD8pMLzUxmOzCrM9mG2/bEKigF/BLRcfAqeFOBkL1ckPgHFIG5FIsDixYAVQjZtSBW5j5J8RfqYpwMg46KsR97m/GHNry9MGRJw4EHgid8Fpo4Ag37RwsDUdAAiv1NhtQzQuqEOFtBQR8/VMEDPhxEbBIUQvFKfdRQxjbt2a4YP7LsfquksFPYgBnvIgOANMDaZvU9/s7S5vN48cOLbwLc+dhRTL4/BvwZzgDTAVi3X+UhTZR6I1ev111+f/cff/7833XTT9rtbrZarRwdK0YFQB99CQkAXhcm0gsBFDDLpzAnz5+ZlZNhnelSVES2LZ0Vcd2bFMWQmQnLADPlPst/aLZdSWzaQ57r4rIT2kemMcD2G9lELF+J6kbLexAZPWUCio89LBp8VXcBprva1xviiwp4pZYB/MsNLMwon5hWmlqzbvyQEbUdyjbULS0OvxcsXj0+tZhs9Rk5EJVeWVaJfMq9I+oAY6bCstA6jeZN8F6aBM3uAvV8Gdv2JIQT81NfYK+WrvEyIhtg0c2zKdSVrrKqu8VqNUGQMV01fVvbl5rGcesgqPJnLDk38zNl3o72eH0ksXVX0N9NGMHgat+yzPw+cehL47j85ilOPnwSfOgBWvnClDllaqauHeR/+8L9+fvQd73jnvSMjI8hU5scCF8OCmQ4Amk0JuE9NUvHV7vSakuONJW/az9NzFzYMVDj3vokfwjHd0QChnNVdbiv02OkWK9oV7UEOiheeGFjhFIly4E7T+6ry8/AeDGmdGKEeQG36vJ5s8cg9WxDffQX5Ejl5PWhd8UfIkwCw8vNT/ni9loUIhQK0xtlFhZPzwKE5hd2TGV6YMp+nukC/CPiZwALCJt46aaKpiDLgaSuTBjHGpABcIxy7gnwkCUiRDxXKLtLT1VFMntRB6BXoDfN9sATMjgMndgLP/iHwwv+wAigJkGcEpLYInu8xsE4oG5tXcyHfcu7H4p5vnSrHrUsIwimBVKXf/o+aeMf/6Q8fkouP2OZs2qOjT3o8ODlaXAOge8DkAeC53z2Lnf92P3wHrzunlWosKWO5rqeyvLF161b8i1/+lZF3vvOeu0ZHR9dlWYZkPWk/fjCbUOcWpdZBlUVEMDxxXIzFYCYoi2wwjkK+v23fWmcPMmKZEHbj3NdaxAhAM6p9zj+U/55aOKeA2BsbPUB73ZzGITJGtXApiLouqZY/SCXRUrhCk9uaHwAV1YPuHMjJE9sF4tqCV0cgUZtT/hb6xrp/cVrh5Rnv9jdWv8IC7eHJvpXqsxRAZfwieTSZlB0jBZRk0MSx61IlomNgiSf0Z2RH6hkpmyyHjB8lH6lySdka6HWBiSPAsSeBnX8MHPoO0F+0L4GTUwH0JXHLIQGXgg8p3HwliVKlUJcQVA1NfGT8fgxtMFmIbUVB8CMWjxSdk/QgEd1tYONCARgAC+eAE98BvvvPvodzLxRNHxS57lPrBuLrJtJsr+r0gAv/12d+s3Pfj95/x8aNGzc1m03ICnRrARItyberydXwcmDSoWENHsVaqLKt3Dcxd23HKZkrR8U8HqgFKwGct3PcqDXyLJhGu1rwhevh1zJ48OSeeQ3vBaADsqzrXFouWvmk8Tqg5Q9k+cpM8gihX/CbNZl2t8LkGqe7CodmFV6aVXhxSmHPVIbj8wpH2Jv+Yg+zuJayvGNx6WUWJMjJdDGwjKSX/a0oP83bNZoH81LIckv5AtQDdxsQnxqQz2cVsqC8TnoAzJ0DxvcDBx8Gnv2vwPiLgF9bldoZsNxFgSu1VMvc21UN0rK4ZXIuhrgyLMcrXduDXYUQ1HVnZAAyf+ZAxJSROwvsNYlASQaBSDqaHlz2oAfMjwFHvz6Bp//1Ppx93u6NrdLZX2l3F+66603Zp/7pp0fuvOuuN69Zs2bEEwFfZ65mHF/y2wItYPOqF+AFPg1gAQsqPybYoGLowLGyrPWtLIDCcTVFxi0rQPsfVGmiL8EtqjO1aon+TBs5laDEPUISaHrperc7AqJdixJRp53K/3NSRBdIUkIUmxbxNaNYG3rgoOmDortq8sWibI6TGtoXZnoKU4vA6a7CvmmFfVMKB2czPD+hMLmksNAHehRkWGa0DPJ7LE3kdjKkAJneL0gL1CcNEmxreQwQl6vrxJH6xfKmZaO/qTxtdgXMnAKOPQ08/6fAwe8A82cB/uK3mCfAGkoAH+8uKgv2Uji/oQohqBo8K/mpp1+Hy267xZtG4MSAI1l+TQA7RBr72yQCG/Sk3NTIOVgE5k8Dxx4cw9d/eg/S7rBYuc5ncF6BL3/lq+tu2r79nuHhYTQa9r3yiFqZQA7sBEw88AISdACHMcxodHLsqn8NP+/vMsrBOxerBFjZODq5stATGQCgx+GGXUAujKQDJqmMXAG3oM8p59NqmqYwxPtM0JWEKG0jkWu0TiWA8BMRSeW5tRx+l4KNz/Mn7ymwkhUnE0YdU9caGqfmMxycMaD/8ow53//4fIbxBWByURVXTazq6oA7jcy6Qwr4SZrCtQJhdJZRlbSxUDV+Mn0RiUjEKZKdWodh42gNdCeBMy8aL8ALXwKOP2Vj0bcF2t0AM0ivB7gE/t/nIdbblrs6M3OfHzl9P4Y2GfExgCj0ENCHnQI/UTc6lSDlOyEhig76wOIUcO4FYP//+yR2/tZZFD8Yy3VNFcV1JOAzv/lbnR96zw9v3bhx47Z2u41MqUhR/eDJF9lJCxpuMDRVqP13VyNkexzJSJ7QR/cBMDk0GZEk5zTtugVGNkiIH3NMZBBcsIO86QYWPAFmiQuKI4GDWeMgpxCwLhTqQQ9T0oru9efA7LVS7BfVya2toG0kiJHUn72wKScRbjslgG5fYXwBONNVODqXg34O/vunM8z3SJ0Ez5lkmCW/5fWI16N2SIEwGyOUSCDyiwF04Nan8nUCbCkRFv0pCvYRvVK6uO+JOtPkWnBmASnHwgwwdQI4/gzwzH8BXnrQSo55AYrOB3glpgHqxj0fY+2rMW6VNPL+iutflUWomAmds2jio5P3oTXqxXPfK0eUVAiMBz8Y+t8IrQC5FSuMQHQZmNO3FqeAmcMnsecP9mHXZ+fyiKtNDtjagH/4D3+++b73/9SVV1119W3WGxAbd01R5ToBuSVOgFdQvfRwHXJaXQRAPcBrd5vLo0AV1VbITIQAwKWulpTkGgsM8HgkOwqT5IA8JCMCz4T+wbn8IJ4IIiMss8g7UUapSyzYsvW0mbuf7wEn5hUOzSgcmTVgf3TWkICpJXOOfz9V5cvA6VqhoKnLQwEI0zil+RSQh+A6jRJrn0Qal78kr6m4JB77HSMO9hplmRroLwFzZ4HTe4AX/xI48C1zVDBfC2BJAPUCUIIgpwFia6FS92xgY1hCHo0bG/tkXjIuDVXWY0n9pVz6W14r0lHmVSSnqAx1QlkZitqMykjVS2ncomFiOQU0hOBj3fuQtfmdKlZGynMg48u0URKA9Egb00cPzFqD/jwwf3oCx771HB786AzK3WlFHhXaGNk733kPfvGXfmXL9ddff1en00Gr1UpUC7UrFSmOsD5pddhiORm0iB7kJEHiO9LlS3NiQIdgIGPvJYiALymYsJiJQFEQezqhj54iIn5w1ZDNKoFXzqXHu78/j9+SEj+gq+gOCU9uBI1hr0Omji45FdAfmNf1jnUVTsyZrXxHZ42r/+iswvF5hfGuwsIg9cgS4an7Me9JMk7R9RTo0iwEm4x5gMJe67+XAT+LkyhbTIZTI0HWUvkmLfaIbvS6jBMjAQDv1P0e0J0Azh0CDj4CvPAF4OiT9q7cFijXAcQWBMrvNlxsq9zrWMP0GpAG+CoGXRGwriScL7kpOSv2QKym3WALzwkBW+HsB8fQ3JOXxXUrCwAf/QOTUXzyrGxyPh2RR2BHwfWBwZI56Gjh7EGc230UL/z+DF7+s6KHjLGxO+68M/vkJ39+5Lbbb7t206bLtg0NDeWeAMV5jlMxBxU7Xx+zfjXcCXqxotqBN749z8OWhywq18EYqxetI20GC7DCAkroI0tLF/vR9Qi8tJLIiBojrCd17gI/5IjWtHI8RE7BMI8MKVos+LKaAjASlndTDfOCntklYLZnXPtHZhQOzWQ4Pmes/aOzGSYWFRYHwMIA+cl9FYIjS1Rh+VjHwLhqiD1AKbkx2fJZr5F1NH5EnyKZgUuf6Jhs1IgepfElsRD1xdK6h8P8HPSAhVnzxsCjTwK7/9ycDzA7BoTTAHQK4NK2wNdWuOAETa2yEtxDwOby8+yY6RoO7OZyHj+w4iPXpReAEgqZVsmBJJEvzcM+uHpgSEJ/AejNnsXEi/vwhXsn8tiMlf7xn/y3Dbfedvtda9asabdarWA6wLv1hXWgQvDT5D8dCxngKyoDCetHs+r2RbQ58DUF8QNyJHiGVSjzCJgYnX8PwAQsXogFnigpWncBvlkw5v3PkqEgrvC6OP0i9WhUoPVh4vY0MLWoMDavcHxO4fissexPzCucnlc43TUW/kzPrOB3weUFUQ5Z9+K5ieHzckJMRmzdgAbE4pEVZkoJQgWiUuTypzJT22ptnaXykenKFvPFnq2oXKGjBoABsDgHTB4zwH/g68D+bwLTJwAP7nQxoP0upwFyYeyz6paz5c49n8+w2lhUd41EmRVdZ33dcqZB7HebR5W4Rd9r94HVGFJkBk18ZPw+DG3IBxVqpQsAq7qYiY0FKWsRNQZIO6BGrIfYy2GoPmzxXt+w+8EC3nL1DD52j8abXtfE5esayLIMdB+5Kihr4ALXiljr7DI7TMaduR9Vl1vvsfGclT4xwBPoC64jWBQIQAIZ9ZO7gsQ4W+rI5RCEbVwr1pQtvrVRvmbZy8xjq/CalbE0AOaWDIjPLAGTCwpnugon54xb/9S8+RybN9ftC3n4ExjtTOZ6ampFBiXrVsgpteLztEpeW2FIAmyZvom4VdUK+klEbpGsFHgXpZNpEoQ5JAAaZhHztF8IuPcr5q+/AGhdhQAUbQms62a/WMA/Fl7pLd5F8+mp62X1WVVuLP5K80iFyvHrEIKiRRR8UeEH9t+HdVthTikko38A8hQ0qNUgBrFgvYBIZ62M6G4DmQdI/uAyZF5ORkQHSm6g0ciANW2NjcMDXLW2j22X9fFXLu/j+o19bN04wBVrB+i0gGYGNDMVGmCR7KgB7dbFK/D6iZYnLBa9Hz+yB+HiOVnNTia1iMKBMeVFYEViBVRBWu8NMGQg1l1iXgy6KJJWlYbCQJtFdwOt0R8AM0vA2LzC2HyG8XyOfmzezOOfnlc4u6AwuwTM9QzYLw5o1ccAyTVWeQjiCBk2QlXSUJRPaqqO5S2VKiMbnDy5zyrvKSgK0X6F8Hepx4CoGOhp7yVkRKs8Qlhi8TQA3TcegInD5u2AL38bOPho7FAgCvwz5HrROoA6ALUcsFoOKBUt9CuzdOsCcd2586rlrJLfcizvuuVZzbqL6VKYn4pdLChoWTCE4Ka/uwk/9B/fjKzl7ygVGXc0fybZ2CNAV8ZLUXkJ+mVmR2qxY9H9MAHYwMLeeW8GyXZT48q1fVy5doAtowNcOTrAD2zs4/JRjc0jA2wY1tg4rLGhozHckifeOWEiSwkiEGMefU9AhIEkyu5is3aKvzY5KL6scwZIvGqdhnlZrIeATmV4tcLcF/sK3R4wvZQDd77SfmpR4dyCwsSCwrkFYLyrcG4hw9QCzPVFcyjPYpGDjN2qAfipe9Sdk4xDs9Tkd0kfTN5eIZlYbrCgzp5bW/4UyBdUTIwAp/IMLyIK5jTLWNogfoLsaJi1Rt1JMwVwchew58vA/m8AS3NAeidA2ULAlY7DdUHzYgirgT8XMn2RXNSQvVoLGmv3AUkI6iiTyjADMIIPnbwXw5vNz5hlHvutxYBriQHI/aJphaSXoCBtYELbtCo9/pRNdwDCsiu+n2Ua7QbQbmgMNY2nYdPIAJc7ojDAho4hDOs7A4y2gQ3DGmtaGiNtjXZDI1NAqwFkCmhkQDOX32pUM1irgkdqaiEmqzdQbhtcfwD0cgvbWtp9be4v9Q2Id3v0E5hZUphdUphaVJjvAee6CpOLBvzPdRXmeiZ9b6CwpE0eSzqio+J6Uc9OEFhc2WZhGUvBmC66jEau4VWQVnklwlBmSVcE5dK4NdJWse5jyV2Ie6Y8aBeRi4gMHYuQIBGDgdmq3J0Azh40iwAPfNMQgemTAJ/jpx6AOjsB6riE67ioV0Pu+YxbNn9eVUZdz8ZqxU3pXsXKr5tfTFaR7LK4AGo/lYUhI59tvPVfXok7/9c38N0GwvKOLQiMuvAiAFwUpMuf+bxRgH2EBMjFj8FAImRTvSgIyOJI8iFdwsF9+9sGDer+VUpjpKXRbABr2gM0M6DT1BhqmLRr2hrNvGVGWhpr2hp0AB1ta4wQR04SKIWOkwsKi30ec65nrHQ73s8tmf3zWmssDsxiuoE2QN/XxsJf6ANaHlqUco7EFhAGAK7DdpHlSQJ7JH70CRFkk13Py1KIeSWEM6pb3ZBQQNaXJdKAeFYQqQ5BSAqJRF3QTwCwFFkluK5Q5HEQukdJigL0wLj/Z8eA8QPA4ceBAw8CJ54BegtAfBcABf6qBEDeqxNeDdb/xRrqAO35zPOi6AOrTQj8OgKgg/ftuBeX3wGoZmTwTIWc5RcaGwUjQ4xoyPtWRnSbYuJzpSE2F6wK7ieJxDLv14pTJS8Sr/B+Ik40L1VeT+xaKi4hB5QklMYv0q1IpzJvApFTEyOLgywnyaeWnFUK0aoqsdgryagan1r9KQ9GzCtgo2hj/S9MA1PHgRO7gBe/Bhz4htkWOFiibwaU6wDm4IE/RQDs7yrzxN+voe7c/mvt84KG1FNaRbmighkvATCKD+y/G2t/AFCNBNBaaypijbvnVw52xNoHlQVhpSMcK9kYEdEF8IQkWIxF0wBsDt/qGVimESCiYKPkDS3uRywvJZLQe8E1+1sMiDFATVnbATmQ91N5x+oCcdBHpK5TccWOgySRiJaJpiF6R9PItCXpgvzkPVqXCYKS1KFqoOTK/o4BY+x33bhS0YjXoS4hkMVgeSQIUOzQoKgccV0PzDz/7Bng7EvG/X/wEeDEs8DcOBBuAaQr/+2r1Mt2AdiwHHdwHZB4rcS9GKcDLoR+VXRZ9bixp3Q5TEXOn9hrHQAj+ODhuzFylScF0gtQdW2AGw8IkLuSRH7H5FmZNG+XHmBv/6GhyFPAyE0MKAVRcGWA/01DADiC5MTANwrEKcAncdi4rvk9mk/UrZ8C+RhAEwLnypCKV5VEyPg2+wQRo9mX6hYJMSIS1aGo3hP5MxIUux+5IftJItoFCzH8Dqz3GFnQ5IMKEH1MRI8HO44MzJsA58+Z/f4nnwf2/SXw8sNmPYCx6mPWv10EWHQGgP1eNnYWAULq2nJlLVfu+QxV9bwQ+q4kz+W2xUXXB+xT/MH8OwAAD9NJREFUtRyGRD8RSW8/O9h0yzr8tS/dhdFr4aYP3DiQGhAio1qRJ0DGSRollIxoEk8lBrAKlk6w116UIUkmdCguBga1gD+mC0JAjakjAUbmVcmzgGLiEugu9Y7FiwhJWemp92Sk4rM08r4KyxbILAmsjxciV00gT9RLlXSV01SNW9MDkKyG1PNVJlCQA9035/9b1//YbuDwY8CRx806gKU5C/4W3Ol+f/k64CL3vwx0PKTxs5K4clCPyYjJkXHLdKN5pPKjclNpUnGl3suJm/qeKktRfkVx5bUynctkpuK/qvoAffpiikll6oZm/jkCoIP3PX43Nt8Od4ph8lwB8WkDXRRYZ/4/5lmou34guUhRfCKvVppfzEtghLrowVgYfJegLwAmSgwSebk0CUstAHhS9zS/6CI/AX5Uh1g57A2WLv8drZMCAhmQnijDi+uZTCMIYWyKiaW3SVPmOiVWNG6krWKyWZQY0YzJiv0uqJsgRIhSYfrENS3LnRDP8hHpY+XpLQILU8DMKWD8JeDoE2bb39huYLAEhFv/Uqv+B+QTkU8bzocbt46b+lK48OE12QfqmhexINlcylMwgmyog3v/7V244X1NDG0wl+W4mloUGN2VEIsbCERyUK+aR+VBM2bd6HD8pKoxvSJiY8AVgLDQI3qfyEmBGUtryUEFy7hw/p4CoKzbSP7R66m4lASIdi460CdKhBL1H+Qfk1shfamsGCEQBOk1G/Jy6lS/zOtm0M/fTjoDzIwBY3vMq38PPwZMHjXrAfSAAjt1/ctFgCnwR+L3+Q6rYYBZOa9G8rBa5V9Oviudu19NXbAK+S5bdwXuMij6rKNIjBj4NQWvu38L3v6vtmLjdrB3HlBrKTZWpowuoII1TuNSmVrkX1C6VLqi+FLfqvnV3ZUQA45CYBWWahSsRSPE4saAugqgB9Z+LJ3UsSQPZjHLyq8K+LH8K4Bx8pXeMc8L1a+OTlWIaSpexLJWsUwSJCWw6It0SRGdmD4ROZaU9xeB+Qlg+jhw5kWz2O/IDnP638I0wK36FPjbONZLMEA497+cUGQIVU2f8sbGpmOXOw5TuWVplhN3pXpVqYc6YTllX254zfWB1fAQVA2WFLTzv3W4+5e3Y/sH21hzNczaAhqdAHvMXVvlEyBjDh3cytIIa1OeX6AA/pIekgeLq+JjXrB7IUZiCsBIEgMpP+YRCFz+BQO6JBWx3RaxeFXc64UESIJ5pKwxy75QLv0hCUikXgrTEzllUwdM3yKApmUtIrI1CESAx7R/AekXTEldY/dpHoLsyOImmjQI/SVgcRaYOwtMHgZOPgfs+4px/fvT/uScv7T47e+6lv9qun5Xw3habZ2WG3c1wyuZb5khe77r+1XdB+oSgjqLD1PpLWMx3oK1Wzfh7l+6Ea+7D+hcZohB1WAHNwkgbvxKEIMqx+1FiQTq1xgQ6hCTn4pT5I4uXdkPMvAXyHK/CwAfEOkKvARKxikoA9OREImyPOx9WkcSfSqRBJq3vV/UP2g5JPoV5VEQWBsVRvI6LCefVyTEiE/+ofvmMJ+FaXOq3/iLwLGnzFz/2AtmDYDuS/Cnc/x2xf9ywf9ChNSY+Wp17V8K9cOrpg9cqOEkI38dAKPobN6At//6Nlz3I8DI1UCjxa0leW4BELHq4eM66zxlcZG4Vc4wkHGtHkw/+ATS2+DICLzlyDwTMas6pr8Au/xdCaElTeOrsKVt3UgiEbOoY4AVJSgkTWXCkIpLyIQkNVEAjREJUW8pUuGiJsAsRlBioUg+Izu0zaqQ05jpDXEtlm/sfl1Wm0pf5PWA2eK3MGm2+Z07CJw9YCz+A98w17zVD3DQly7/sgV/8jtQbLiUGTUXQ1wZ6gDIcuKuVlippVrm3q5Tbxdju170faDKyLBSd0aRXPvppxGGNq3DLT+3Fdt+EtjweqC1BlBZmDq56t9GoL8pyNrB2BKLxHfp0pfehdRUg3WlxqYgpOUvZbHvwlpmhCNlAUfIQ1XgLjy3oIIFHQP5ZN4xvWPXqa7kQgwgC8E+BqJF+ti0kkglgLjSgj9BGMtkuqhVZK9yYAduFQwRgyXztzgHzJ0xwD/+otnbP/6i2fK3NAdAx+b6paWfmu8HwrHmorKqLoVL4bUSVtNDsJzpA7rowXoLzFQCMIob3nctbv5wG5vvAIY3w789MWZhIwRaGtx4u8Iilxlkse+rNahHyyDB0NYJ1bMAMKOHAEV0LiQWqXjSqhfxY94AB8QRuam6r7ITI6lj7F5Be1XxAshIZYQhqLMqHomIIlECJ58VkTSIGslTA+jNmzf6zZ4Gpo4Bp3M3/6ldwOk9yLf32f361J0fW+xngf/V4PK/FC6F75sQG96WuzqzjvsmFcd+tmHfh+DIwfuvxRt/tonL3ggMbTLkoOisAHMB3DsAHy/mkk8epxyJF3PDB54KGz//V+RBiHozpMzYNZtPymtgr1Ww8qMehgg4pUBZnmYYzTsh0xUjQVKouz2Qn9BHgmLypUO0PSW5UPx+pUWIRagbKReTHSljWQiqU/S1oGyRYOf3e11g/qz5mzhoQH/3l4DxfYAeAHylPj3al4K9dPVXdfcv1wX8WotbJY28fzEsRFyNuBdD/V8McaukkfdXXP+qLELFTOScRZEsICyALBT9tF4D826EkSvXYdvfuBJbfxzY9EbjOWgM+aIE8+1ygI0QBBc9Ar72uksuPBABdlBwXg0HjI7iB5vWcPcrWMnyWsoiTgFI4cJFAZ5JuSm96uqRAM/AUo6RjIreBJsmeh6FkFW3uWN6FrpCYumrkgdtAH0wAPpds6K/exaYOGT+jj8FTBw2wM+P8qXATi3/uci1MoufhrJBrGiqMvYZkyt1oNdiY05MrzI5RWWoE8rKkCpzDHBi9VI1btE4Hpm7DdJI+bGyVa2/S33gFe4DRaPOahRwpYGSAzmlYP5ed/+V2PY3gMvfBKz9AWBovZ9aKNpNkNrapVP3I14Deg/UIovES+mS8lS4++4fcekK70IUSAhLKQVx8r3W2wZpPol4qbgAySvmEUAFXWQd2AgpnRKWeQzoK1vqCXIZ6J3yTsT0S7WnJb2ptPlHrwsszQKLU8bSnzoOnDtgFvbt/yowddQmKrL26bn9dJ7fpqNz/Cj4XjXUsYToNZtfbHBPgUlKRlVdqoTzJTcl53xYn690uNQH6sle9T6wGiZsKsO6v+X1Iq+BnFIwRyOPvm4U1/7QOlx3H3DZrcCaq4HWWiBrmqRsbCXAKhcbFk4zRNKlBu/Ybge53gHiXmyxIonKAI96CWKeEK+8vx+0uPB+FMbN4wcAjDh4SzXYtYqWPQPBsjT0QgVQD/IjclQ0YuJ+SahMAkrSaG1c+4NefmLftLHm584YK//sfuDk0wbwZ08D8+6NfYAHcblqXy7sS1n7QPx5vZgA5dUcLjZwvhRe+XDB+4C6GJQQoQpLpN8zcIJgSUIHQ5tGcN19G3D1PcBltxkPQucyoDkMqKx8agAosOoqunVj6w2iax0gMC3iLaCBbX+MeDMcnkY8BklQK7BCU9Z6UA2U1Ii40XLQvCP6pKaAitYhsLgV9JX3i+Qk31FAdU7ckvEAcA9RfnmwZBbxLUwD3XPmb/q4mdM/t9+49cees4f2APzlOzGwlwf60Ll9Oy1QBPyvxPiwmuNQVVlV5l+L3LN18y+z6lLWbpm+se91rO2LBQMu9YEL3AdW00OwWqFOp5DzI8UEQTU76Fw2gut+pINr3wNs3A6MXAm015vtjVkLzJNAQ0AekHA3J+LH7gVOhQKSEbulyY3YvYQnPn4xAWRJL0HsWlTBCmSAxGVu/KI0McCv4g2I5Oc+SqYICuswQiZlXoOeAft+vnhvIXfpz48D00eNW//wd4DxvXncHqD7FOwpeEtwlyv7Uwv6gOLn60IBwysJSilvZdn15XpBq4DDSvNIhbrxL2S41AcucB+oQwgkO6pbkPNd4VRH+p0ShDYsOfALFdsYvW4El9/VxmW3ARtvBtZvy4nCBqDZIVMO0p1PpgPc/HvC9R8cdRuZGnAWqrCCg6OTi2SDpKF5wesa84oUHX4kQwzIK8ctmo4AomcMlKWJ5i+9CXWmDoQbPzktAwCD3JU/MGC/NA8szfj5+/nTwMwJcyTv1BFg5iQw8TIwexII99pb8Kb78SXA0/l7OR1Qx72fmpqr+wymnt+igbDqM19HVipUKWeV/JZjddUtz2rWXUyXKmB1qQ98H/cBFbtYUNDVCkX5rFSXWIHlZxOeIFhPAv1u77Wx4fUjuObdZsph9HXAyBYz7dBeBzSGCWEoQCvn9pcgE4sLMJDVBNRSxzBHT3BEJF3VKY5I3EoL/FQirvRixCxrFaarRAASUw1AuryOGLEL/P6gbwC+v2gs+v5CDvTT+Ql8Z8xRu9NHjBv/9C4D+Cb08s8B+ZML+CjYS6u/DOxR8Hs5A+bFEFaq44VOXyQXNWSvhh6X+sCFSV8kFzVkX7A+IAlBHWVS8aqwk7oMqw6zK8tX5mNDO/+dwZAC+xkSBZVlaK/vYOQq82Km9TcAG24CRq8Dhi/PCcNaoLnGEAbVBFQDUFn+Zy1/EFys6O6m6wKCo5YTXoIi70BZWpcpVSQxZRAF/SJvgIxL8qpMBhLERWtzX+cYrAfeiu93jcu+N28s+YXJHOTPArPHgYkDxqq34L8wYebzB4spi54CvgV6IG3ZU3JAf9MQez6qkugqg0EVUv5KxqWD5kpk1LVqVytuSvcqFl7d/GKyimSXxa0j93zGvdQHLnAfWM01BKvFrs43k02xtSzxnRIF+72T+KRxjReitTbDxu1NrL/R7HroXG68DEMbgaENZlqiNQxkQ4Y8NDpA1jJeh6xlCIR0V1PvAMT3mBci9j4EHYkbXVRZ4hlIrTFgZIASiZjbPeYZIGkGSzmYL8LMrS8ay32waEC9v2is96Vps91u/ozZY2+/z40ZF/3kS2aBngkxF7sEawviQHxOPvZdyrK/aYj9rsroXw2W3qsl1Blkz2eedS3IKjIvhWrhUh8g4dVICFbjPhC3qFKehFh6C/oZOAmQ5CFGKJoibhOq0USjDWRDbWQN41VoDJm1DOtvMFMUI1cBrRGgs9kQh/Y6Qxhao3DTFu11uXrK7KbIGl5z1TDpVj0MjNVNgb2/CAwW/LXenHnNLTTQmzUueMAA92DR3F+YNCA+d8LMxU/sMwvudM9b94O++T3o9TDoIXcB5Eq4T2nJy8NyYvvvJQGIybHfq1r0de5fCsXP4/fD56Vw4dvgQn9e0JAiBFWUq1Og5cap7fIokV2kS0pO0fWya/Z3EXFIEYlU+nYiL3q9iNBcLEECdup+DMxj6VOAL4Ed5Doi92T+VcpwoR/mOvlfzHGLnsmy5/V8xb0Q+lXR5bUa91IfKM6vKKw47v8PduHZ4c6hiB0AAAAASUVORK5CYII=',0,1),(61,NULL,NULL,NULL,'2018-04-08 16:46:15',NULL,'2018-04-08 16:46:56','data:image/png;base64,iVBORw0KGgoAAAANSUhEUgAAAgQAAADGCAYAAACtvZgAAAAQ7ElEQVR4Xu3dTcw15xgH8KuEhKSqabAgKUHYKFYkREkQIZTYaHyUndi0wspCvbEQIaHxsRIlwbaqYoGEJiKNCG1jKUHErgmWIlr5jxmZTs/znK95zpmP3yRv3rd55szM/Zurz1znvq/7nuvKRoAAAQIECKxe4LrVCwAgQIAAAQIESkIgCAgQIECAAAEJgRggQIAAAQIESkIgCAgQIECAAAEJgRggQIAAAQIESkIgCAgQIECAAAEJgRggQIAAAQIEImCWgTggQIAAAQIEJARigAABAgQIENBDIAYIECBAgAABQwZigAABAgQIEFBDIAYIECBAgACBRkBRoUAgQIAAAQIEJARigAABAgQIENBDIAYIECBAgAABQwZigAABAgQIEFBDIAYIECBAgACBRkBRoUAgQIAAAQIEJARigAABAgQIENBDIAYIECBAgAABQwZigAABAgQIEFBDIAYIECBAgACBRkBRoUAgQIAAAQIEJARigAABAgQIENBDIAYIECBAgAABQwZigAABAgQIEFBDIAYIECBAgACBRkBRoUAgQIAAAQIEJARigAABAgQIENBDIAYIECBAgAABQwZigAABAgQIEFBDIAYIECBAgACBRkBRoUAgQIAAAQIEJARigAABAgQIENBDIAYIECBAgAABQwZigAABAgQIEFBDIAYIECBAgACBRkBRoUAgQIAAAQIEJARigAABAgQIENBDIAYIECBAgAABQwZigAABAgQIEFBDIAYIECBAgACBRkBRoUAgQIAAAQIEJARigAABAgQIENBDIAYIECBAgAABQwZigAABAgQIEFBDIAYIECBAgACBRkBRoUAgQIAAAQIEJARigAABAgQIENBDIAYIECBAgAABQwZigAABAgQIEFBDIAYIECBAgACBRkBRoUAgQIAAAQIEJARigAABAgQIENBDIAYIECBAgAABQwZigAABAgQIEFBDIAYIECBAgACBRkBRoUAgQIAAAQIEJARigAABAgQIENBDIAYIECBAgAABQwZigAABAgQIEFBDIAYIECBAgACBRkBRoUAgQIAAAQIEJARigAABAgQIENBDIAYIECBAgAABQwZigAABAgQIEFBDIAYIECBAgACBRkBRoUAgQIAAAQIEJARigMCJBF5TVddX1dOqKv9+Y1X9o6q+VlWPnuganIYAAQIXCughEBwExhd4blXdWlXvqar3V9UNW07xw6r6ZFX9efxLcUQCBAjsJiAh2M3JXgR2Ecg3/zur6qO77DzYJ8nAWyQFB8j5CAECowhICEZhdJCVC9xSVZ9vewSOofhZVb39mAP4LAECBA4VkBAcKudzBP5XC3B3Vb13RIzPVNUXRjyeQxEgQGAnAQnBTkx2IvAkgV0SgQerKrUBv6yqh9tPp7Ygn82WgsL8/OaB7T+r6s29z6AnQIDASQQkBCdhdpIFCXy1rRPY1KQnqupHVXXXjrUAefD/vKqePjhYEojXLshMUwgQmIGAhGAGN8klTkLgxVV1b/vtfdMFpUfgc22PwD4XnOThKxs+cK093j7Hsi8BAgQOFpAQHEzngysSSFf/L3rd/f2mP9L2CGRo4NDtO1V1x+DDGVJIL4GpiIeq+hwBAnsJSAj24rLzCgXSM5BhgFcN2p6x/vQIZAhhjC0JwHC9Ar0EY8g6BgECOwlICHZistNKBdIz8IeqeuGg/X9pZxZ0xYJj8GSmwn0bDnRjW4A4xjkcgwABAhcKSAgEB4HNAkkG8oBO4V9/yxBBHt5X0ZWfWQe3Dc6XFQzH6oVwrwkQICAhEAME9hTIaoMpIuxvj1XVy6/wG3uSkCQa/aGDDE1k2CJDCjYCxwokxro4O/ZYPr8wAT0EC7uhmjOaQB7M/TUC8mDOGgJX0TPQv+j0SKSAsb/pJRjttq76QP0ps6a2rjoUNjdeQiAoCDxVIA/+35/xofyDqrp9cP6XnCAZEQvLFfhgVX1v0Lz3tYtjLbfVWraXgIRgLy47r0RgOJZ/6m77dOlmGuOre97577z8yEZgX4HMhskS28PtY1WVKa82Ao2AhEAgEHiywKbegXvatQZOabVp1oGhg1PegfmfK7UneWHWyy5oihks87/Ho7ZAQjAqp4MtQOChqnrdoB3n6q4f9lRYrGgBAXaiJqQW5SdV9awLzpfepmMW0zpRM5zmlAISglNqO9fUBTb1Dny3qjLj4BzbplkHhg7OcSfmdc70LmWGTOJnuGXa7Eeq6tF5NcnVnkJAQnAKZeeYi0AetrcOLjbLB4+5ANG+FpvedaAYbF/Fdex/S1V9saresaG5mR2TuDlnLK/jLsy4lRKCGd88lz6qwKbegfvbRYhGPdEBB8sv8X6BoSljByAu+CMZHrjzklg9Zy/XgtmX1zQJwfLuqRYdJrBplcBz9w50LUmykt6L/oJFCgwPu89L+VQKBrOqZYazEh8XbeJkKXf8BO2QEJwA2SkmL7BpMaC8zni4bPE5G9JfVCbXkQLDVInb1iOQmoAuCbgsNh+vqgfamTFXvZDWevRX0FIJwQpusiZuFfhjVb10sNfUxuk3FRj69rf11i5ihywq9PH2jZvDN2IOG5jhgSSPagUWcetP2wgJwWm9nW16ApuK9qbWO9CpDd+vkHcrPG96pK5oBIEMCdzRDgnk35dteftmFhjKHz0CI+Cv9RASgrXeee2OQL51/2nD9Kwpz9FOEnBT7/ZZbW5ZsZyhgC4RuKxlWT0zdS96A5Z1/8/aGgnBWfmd/MwC+UaVX779bSozCy6i+WxVXev9MN8Is3CSbb4CXYFgeqsu6w34T1X9uO0JSDJgIzCqgIRgVE4Hm5HApqWBc/lTmVlwEWV6NTI+3H8T49TqHWYUBme71MwMyJoX22YJ5AIzJJD3ESQJ8Brss92y5Z9YQrD8e6yFTxXIL+PfVNUzBj+ay3ztYd2D1QunH+UZCnh9VX24ql5UVc/Z4ZITj+nFssTwDlh2OV5AQnC8oSPMSyBdsnm18XBZ179W1ZtmUpSVa//7gP1c71uY192/2qtNbOVPZgIk6cy/8/dl6wQMr0iB4NXeI0e/REBCIDzWJjBc9a9r/4eq6vszwhjWP5iCeJqbl4d8hmu6dQDyd5cIHHoFSQIyHJB7arrgoYo+d7SAhOBoQgeYkcCmIsJcft4K964ZtSOXOlxq2XLG49/APOyzZPQrquptVfWCqrp+hNP8u425DAXkjyRgBFSHOF5AQnC8oSPMRyAFWcOFXTJ9Kw/XOc7fzjX3iwsNGxwei3n4p8jvkG7+bWfNGwbz0O8e/hKAbWJ+fhYBCcFZ2J30TAJPbDjvnLvah8sZz7ktpwqJ1F/kW383tt91+R97/nT7J0FL0pkHfvd39+9jj+/zBK5cQEJw5cROMCGB4ZDBPe167xO6xL0uZfgOhqmvobBX40bauev27x78+xT4DS/hX1X1UPvAz8O//+Af6XIdhsD5BCQE57N35vMIZP2BboggCcLctwx59KewrfX/6X6xX/ftf9uSv5fd+3zjzwO/6+pPAjDHYaW5x7frP6HAWn95nJDYqQhcqcCvquoNvTMsfZGiPOy7aX1jFftljD8P+26M37z/Kw1ZB5+qgIRgqnfGdRHYTeATVfWN3q5zWVzpotZ1Y/zp4s+/kwDk7/w55ht/d758888Dv58AWP1vt1iz18IFJAQLv8Gat3iB4SJFebjdOKNWd0v4JgHoFvMZ6/K76v7u4e+b/1iyjrNIAQnBIm+rRq1MIA+6TJnrtim/jyHf8j9QVRnaeOWOS/huu52biv08/Lep+TmBgYCEQEgQmL9AXnxzd68ZU5t+2L3Nb5cX+Vx2N7qpfd3Dvuv6V+w3/xjWggkISAgmcBNcAoEjBaY6/TDXdWdVZWbHrtuD7fh+182fIZBufv+ux7AfAQIHCEgIDkDzEQITFOgvunTuOoL0BNzRW+//Iq4s4fvrdh1/S/hOMKhc0roEJATrut9au1yBYR1BCgtPWT2f4sbbqirDF5fNBvAin+XGoJbNXEBCMPMb6PIJtALDVRhPsR5BkoDbqyo9AtsKBDMdMteo2E/IEpiogIRgojfGZRHYUyAP5Xt7n7nWflvf8zBbd+8KBFMfsK02IKso5rW+6TVQ+LeV1g4EzisgITivv7MTGEtg+DrkFOfloT3Gtu8sgQwL5MVL6RE45bDFGG11DAKrFZAQrPbWa/gCBYavdz72/+/0AKQ4cFtPQCgfr6oH2iQgvQI2AgRmJnDsL4yZNdflEli0QB7EKezrtkPqCNLT8Ol24aBn76CV3oD0BOSPYYEdwOxCYKoCEoKp3hnXRWB/gWEdwa7vNUhxYHoC7trxfQFdbYAiwf3vkU8QmKyAhGCyt8aFEdhbYPheg8zzf+aWo6RHIMWI+Xvbdn9bJLiE10Zva6ufE1idgIRgdbdcgxcu8LuqyrsMuu2iYYMkD99uhwYuI/lbVX3LkMDCo0bzCFSVhEAYEFiWQMb/v9Rr0sODBKH70bDeYKiQ2oCvV9WXl8WjNQQIXCQgIRAbBJYlkG/+Ke67odesPPzz8qP0HORnn6qqd1/Q7CQCWTfAsMCy4kJrCGwVkBBsJbIDgdkJZA2AvFRo3+2eNhmwdsC+cvYnsAABCcECbqImEBgIZCGhLBF88x4ySQYyy8BGgMBKBSQEK73xmr14gSQFv62qm3Zo6SM7zjLY4VB2IUBgrgISgrneOddNYLtA6gnu27KEcZKBrERoUaHtnvYgsGgBCcGib6/GEfi/wDur6vntwkNvrarHquqnVfVNRgQIEIiAhEAcECBAgAABAhICMUCAAAECBAjoIRADBAgQIECAgCEDMUCAAAECBAioIRADBAgQIECAQCOgqFAgECBAgAABAhICMUCAAAECBAjoIRADBAgQIECAgCEDMUCAAAECBAioIRADBAgQIECAQCOgqFAgECBAgAABAhICMUCAAAECBAjoIRADBAgQIECAgCEDMUCAAAECBAioIRADBAgQIECAQCOgqFAgECBAgAABAhICMUCAAAECBAjoIRADBAgQIECAgCEDMUCAAAECBAioIRADBAgQIECAQCOgqFAgECBAgAABAhICMUCAAAECBAjoIRADBAgQIECAgCEDMUCAAAECBAioIRADBAgQIECAQCOgqFAgECBAgAABAhICMUCAAAECBAjoIRADBAgQIECAgCEDMUCAAAECBAioIRADBAgQIECAQCOgqFAgECBAgAABAhICMUCAAAECBAjoIRADBAgQIECAgCEDMUCAAAECBAioIRADBAgQIECAQCOgqFAgECBAgAABAhICMUCAAAECBAjoIRADBAgQIECAgCEDMUCAAAECBAioIRADBAgQIECAQCOgqFAgECBAgAABAhICMUCAAAECBAjoIRADBAgQIECAgCEDMUCAAAECBAioIRADBAgQIECAQCOgqFAgECBAgAABAhICMUCAAAECBAjoIRADBAgQIECAgCEDMUCAAAECBAioIRADBAgQIECAQCOgqFAgECBAgAABAhICMUCAAAECBAjoIRADBAgQIECAgCEDMUCAAAECBAioIRADBAgQIECAQCOgqFAgECBAgAABAhICMUCAAAECBAjoIRADBAgQIECAgCEDMUCAAAECBAioIRADBAgQIECAQCOgqFAgECBAgAABAhICMUCAAAECBAjoIRADBAgQIECAgCEDMUCAAAECBAioIRADBAgQIECAQCOgqFAgECBAgAABAhICMUCAAAECBAjoIRADBAgQIECAgCEDMUCAAAECBAioIRADBAgQIECAQCPwX/Sactb34i8KAAAAAElFTkSuQmCC',1,'Initials','data:image/png;base64,iVBORw0KGgoAAAANSUhEUgAAAgQAAADGCAYAAACtvZgAAAAACXBIWXMAAA7EAAAOxAGVKw4bAAAgAElEQVR4nOy9eZwdR3Uv/q2+69xZNNJIsrFka7G8afOCbUzwhgFDAiSQ5L1A4JeE8AOSR0ICYXm/AFkg+RF2CC/8AiQQ8n5AyMYWNtuYxcY2tgnewDLGlhdJ1jIjjUYzd+7cpev90V1V55yu7tt35o4kyD36jG4vVeecOlV9tqquBgYwgAEMYAADGMAABjCAAQxgAAMYwAAGMIABDGAAAxjAAAYwgAEMYAADGMAABjCAAQxgAAMYwAAGMIABDGAAAxjAAAYwgAEMYAADGMAABjCAAQxgAAMYwAAGMIABDGAAAxjAAAYwgAEMYAADGMAA8kLQRxwSV5Dj2IcrD0/dcPQKvdTpVjZvWxcLvdBfSpk80E+59VJ2OeTaT/qLHQPHs1/6KUMfrhP9HC4V+sFLr3pqufvkeNMbjIGTbAwociMkv70iDcUvCB6JMxD3AD9tHx6Ia1k80bKLPU+jncWrj08peJ+8sup3g24y95WV9LJoZ/UtBR8+n5zS6PnGRp6yEn/a+OqGL60d3XBLHrrhl23IOwZ8/ZDVB5IOxeMrv5Qx0CsdwN/fvfZFP8ouBpfvfCkgZZGX/zTdOxgDgzGwqDEQiJvyNy90Ky/v94p/ufg4UZAmj+WU08nS9n5CWptOZFvz0s47BvpFbzG4jxcsB18nW1uDlOPjDSebXAwMxsDxg2Wl3U8jFqTU72Ywl9vByEM369py8JL1u9xy8fE1gBMDPwvy/1low1Lgv3r7gYEMfqba380pyOs0LHeEf7yFnubgIOf1kzEC/q8GecdkVrmljAFzPhgLJw5OZhlnjY0B9A9OZhkv2xgI0DvyPGV7UXyLpZFWbqkZi36V64W3PFH+UuS+nLBU49cr/uNhLPP002Lx9Ip7OacUThT0g8cTOQaWC3e/YDAG+gP/JcbAYiKbvOWWmgnoR/q73w5Br/LqNr3ga+NyeXz9xin5PBEPXl6nsl+Qp4+z+tVXJ2sM9FI3DyzHGFjs9V4dpKXS7hcsF495nqV+tHkwBpYOP5NjIEth9QLdlPJyOBZ5DdFSDEZeZbsYByYP7qUY2+VyKhYDSx1Xx0uBpZXtpZ965aPfinw5HLTlhsWMbfN7PAKFpdJZDL9LffYXW/dEwWAM+Ov5jpe77pKgn0p7qUa034q7l45bLtwD4HCyy+1ERmoDGMAABtBXWIxC65cz0C1D0I1eViahl/RqrxG/r0wWvSycee7lBZ+XuFinaalZnqXUXQzPWZmhXsdAHrpZsl7uMZDVtuM9Bnqt26/xcjKNgeVsU1r5wRgYjIEljQGFkw8CZG/y0I/7QPqmDr7fpcBScZzo+j8tkLcv6a8PxwAGMIABZIHUp73qnW4bCp0wkA6Bz3gs1QD3Wr4Xg94L/cXQzYObljkRxjcP/V55XCzOXnEvhX4vOBOGfuXKlcHlV1wZPOvaZ49t3brtjNGxsdMKQYAwDBHqEFqH0BqABjR0dCxApZ74wV/eXzFxtQux7uRV+llq5Yw6qfUyOEm5pfpZp+tlT4FcqPLVW3qdfIVyRXK56nRvfDatPtzN3yX+EosKa1XiRykFpaIzrTU6nQ5mZmZw6y3fve+PXvfaw4h0TAigSRCF5LffevZ46W0LPlGeaAPn4+NE4fV5bWkZBqQcn4wZhqV6oxLnYp28Xq/3gj+RHnv3e99fu+DCC88YHR3bWKlUUCgUUAgCqMCYF6mgzIF2P4qW1AAUtAKrrzWglAa/GpXXxpRRGhoJ/WYvqRifJU/vakBHSsxg1tBQSgmU8ZGOrlLeNGdQ1IhoKNN8Kh4VKU2llOVPSs00zZ6qFM2t43uR4ASiqI1cKNFNpbW4pWJ6VsoWj2lPxDOstMzNSH5gfRxToWw6JhSVoOtDIyuDQ8e1lKsQIzKdGvef5jKKRxYVHheLEQ25pYkEZD1FywPJMUv5ZEQAxDJLt7yxJJUmV+iRjsdI8vli4o77X1Ix4qIitL1O+LKSI4+HuUFHhBkr8cADAHTabczPz+Po0aM4sH8/fvKTB3HddV/f/8UvfGESzglox78h+aUOQR7Ia6jTcPZq9Ok1H052Pcu36tVw+jwkwM981rGP6W785XVi8mQBeqmft01Z3qMPJzLu5+Ez7f5iPNI8/PRCK83JWoxs6DVG+zV/8NrgkkufMn7Ghg1nDw8Pj5fLJQRBIYoCAGHYYQ1vZDBBNXRcgKtbbr+sRo4tgtNGyqkpiipG4Koq6iwACYXGLWJSvSVRSgvK62goW97qVXAkSQxEYVPeiDHLNCyOXRgjqpQxxYQ/leIEaEODknaWWAkPxMpBmVIEoWxEos28A3QsJGUGijC0AKCVawfrOoFcUZJxxzGHjvWDwySHpQYXkCKyMDW0dQKTJRP8kWNKno15zk2iMYamjbRtP3nGpRVxXE9xR87DFUDvKkDFXqo2zaZ8e4egQqg7aDVbODo9jccffxz33nsPvvOd7+Duu+5q7tu3t97pdIzxb5Bf6hCYXyDdIehFp/Vir8x1H81uOLoey8e118gvLyO94O7HlEIW3l69qrRrvToXvUxJHK/syGKcvpMJWBbgw//fR8e379ixdXh4eKxULiMIgjgN6ImuYmWkhUGLQBg1c1VEVa4sNWjE2GrqOBingUfBRiFrpZwdZGGftgWdMtesTQy/wasBTQ0DGFmu5blIOG+Gf1bAKHNtUbC41BpOjkixcyI7eR4fumiZmgbKhrYGwfkfcR9oRZpGO4IxQG4lMycKJgNBxgWhZ9qolavBREqMHR8yKu4b4i6K8aHiY60odWX/d96F9Jqkk+LkQn0x2X7mG1Gnyhp25yiYTBMdBop2bsKRlYy5J4U6CHL8sSfQCsF0GC1HeRPti5lszM9jamoKux9+GLff/j3ccP11uOeee9BsNqmBb3iOjTMQxudtJJ2AXnV4mh7OGwz66vU6ZeHlQToE/YSlOARIuTeAkxOOl7PAHICP/f0/jJx11llbRkZHTy2VSigUSAYAEBaQgyIpbwc8jrFOA5IG1ykxF6GzeubMouQxDrOrlKq2d4mRo+6Gq8esPLOtOv5fTk9wBEkFTBvB2IaxFNJpcmh9s/qxfHyaWnoHHkVO3Ktku01VYbw0uZGIOmlgGjscNiKnyFjqhNQ1pRJWCq6d2eEpHV2CeUOOOiS0lHAGLA0yBaLB5YRE3skJUBPnRRDTrLhhLK4cO1WsdxJdKXIkNnTXTuaa9w13RGnL+bHrJfE8KV6y2Wzi8NQUHtm9G7fc8l18/WtfwwMP7EKj0YDW2hh8avTpMZ0SML8G0o5/JqAXh6Cfc9m9poXz8JGXv0V5Tkugt1RYynRI2vXF4OkG/cwm0esWrrjyquD3/+APV2/YsPHiarUaz/8HwkixxHAEQplxQ42kUrGBC7MeloYvHc7sPlGCNBJS8rbAkYSkcwJ6rBKl/PiEE+Auk2g00ZAYnVZM2QrWEhel7yFsvJ8GaVBqncQlv+Bk9kTW4VSIAyAYU6I2NawaZE7dM478zAvnQjhd3KCxiabEGFTxsVxykRAwO/Wn45MtljQBM5UBmkVhPo90ONwhc7pJuxP9LAan5c20FeCzcULYGsDc7CweffRR3H7793DjN27AHbffjsOHDwM8zV8HzwTU0X8HoN9rqpZyr6e6eRyCXtMWafUWi6ffkOVwLJfT02vdXur3OrhOZOq/lzEAAMG73/v+2iWXPmXL6MjIaaVy2WYBKPiMVRTgxUZQ5ECV0Mg6jrQVzfGTyMi7DsBH2WotQ0rxy1Ix2rlWh4tPYUgayTicGkC2uI/NZyenM2x54WhY5c9a6ebQoUnWgcrNskrWM5j28ZCTzJubS07ecrEfGGpqtEgkyuZnXFVnaGkmwLBNzuw4oeUdb05mIvJPBM4m6hUFWLDsHCyThDBOme0nZW84uXmMIL3AMhQJ3qMpFHudjCvn3Dg6ibUuhrjPW7MrTgVLiUl9n8PDG0fHoiVlHkdAPCsazWYTk5OTeGDXLnztq1/Bl7/yZRw8cABwqf0G0jMBPgdA6qZuerJf09CLLb+Ycpl1luIQZEX2WYvI0u7RaFDOp/hwZJVLq0fpd8Phw5eHdhbdPPXS6GTNMeWVfRof8FzzDcwsnnuRq493AMDPPe3y4Ndf8tLa+RdcuHN0dGS8UCgiCKIi3CiAXKNKgxgHADK1CFLeKcb01KTylReWNJEslwbXeR0yEOLl7aFUvjI6JQ4AVZJk/jkR0foI6yQ/TBKedLs5ps6Ok6KIBmkT4yka6XRYY01XvbFgOplAZhE6v+FopciMCa0LHdswIpyET2eLiQWB0M6gEoOmicAUF2hSyBYvHaVO7v7hmxWRU47BaLKhoT0NzRSGRtpUh5+Cc+KMwyizUL4MgtYazeYC9u7di//8/p247utfx003fQdTU1MAn/uXf3QxoHECDMgMQK/6PU/mu1ug2It960Uv+44z6ypyYzHRaRYsZQ1BvyLbfqSxfV7gYjt+KXz0C5YjQ7CUaQYACP7uE5+sbdu2/bKhoaFysVhMLAYEpKqEUKrmhguTrfKkRkZEq6ZiYkGgvS0MSSIQI6/e0aKWCek0yIVqomU20iR3vG47Nby8zXTdPhRo0sIZZI9xducxOma8ICJGc0Mgt0fJFeaJkgIVNeixpGC6TL7OZ4PvhCwBulgtkQmAw0PWEHJexRDRogF8sSMxtKSzFOKonCAV7hnYYDKEXKO8srQdQZw5DSTeBjA0HY9I8sIyO/FBRjJASIXwphleDR/PRETuNOE7JQlqzM/P47FHH8Udd96Bf/nsP+GOO+5Au90GnJFvwE0F+JyALAcgD/TTVvlsRB79uRz2MjVD0C2q7Iasn0ammyHuxltW9JqFf6md6+Nf8po3Zf7TBL6sTDd5AkDwyf/9qdpZZ59zaa1Wq1onwJQiKW8LVGOTiDuChAlPlhfZAxrTsOUClj5FKzIHwk9gZcliBGcsFE8sUE1pF1sZlkni3Bc2xRG6NEiR4fTIy0gxsYqeCktCMtNgmaALMqXVpzKibWFOheHLyTq17SLkTEb0zqNwdbSQL20nnUShAiVCE0NFi1qMESaxJGnDl7uURM4dUImRy91E1ZET4BxHzhIRnPJgc/5Ed3rxMVvnIRbjct6VEIbhOSFQeUqwaNTrdezdswff/va38LnP/TvuveceNBoNgGcB6DFdC+B7LRAp50B+W+CDXoPpvDR6tVN9gVR1sAjoNSOwWM/meBvNn0YjTeFk4d86ArfcdsfO2vDwaVmZgNiOxZFPdKA0VXSalOdGTruKRDkn1w5w8D8KzE4II+ZA+/QvNGS7hIJlzgyYYUzwYZW/My9STtTQcieAR492zYQlT40/bbg0lvaG95yRt3dkFEzuij5k0WzSxPjJ+woQkj7+PLacZQs4956+kvIjtxJ9SPdUINd9CwJdTyXHqtJ0ZQe38nbMQzsnCk6mzEHRineBdHDIQhRFeHIvTkjvJTGJwUEOCtEEWqPdamHfE0/gtltvxWc/+xnccfvt1AloA5hF0gmgrwT6nICTQfflhROuq4sZjByPlHc/Uia94lxMymYp5XrNMPQK3TIi/aSVxUNmNuDGb9+0fnx85fZyuewyAYpHkwC4vjGKNzH/HkcqppyJ+IVRZo6GInGOjgys1F8s5iGL3oyKZgvY4jtuasDh0zEvtE3iRSx+wAyGUe88jo1wiEyDRSEW4kE7GVlnwRkw+ktfTbSGmE4DaNooWPklUxcxLnHZTackd1GM0DiLoUiKnUaUybS3ArFQFiLe5Fp63q92xNkdHvkwsLzF6yeoo6WIoLTFTgyviviiHFBjbOuIaN6IM8GniaQB0CkO35SDsg6wW9jI+sn4JTTzxqZ7HMOmPW7qhe5/GC1SZBadDmyRDUhmAUglpRC225icnMQdd9yOj370I7jj9tvNdIBcE5A2JWD0jvyVsJw6fjH08sBy0Uot73HpeiYmU+QQ5bMMVlqDe10o4TvupVxWefnbKy9pWZG0qZC0+nnoUby+673yLo8pZMkaAPD3n/jkyI6d519WrVbLhUKBG29TyFkGF52I/LIIpJIn3s1+ssqD6bMEeBFQXhwCtj4htXwa7uRFb47AY7ic+U4m9b000qLatDpMRim1kmE1Q5jaVH8TCVl+RsdCgt20kJ8V8p56ryTqELLu0IOYzAe5/QCcAyo7SFnkph3OMZOQGEkq9Y5kNNkoK8uMfk1AkrbooRSeU+rraErggQd24Ytf+AI+/7l/x759++JdFdmrgdQJoDsHpk0HmGv91m95j4HegrE0u9ePtizqWHlu9jIfQqHfUwYnekphOSL75YjS82Yj+kW/azbgG9+6afPExMTZpXhKQBprExlqsuTaxiA+I8S0j1RF/DWv5Gt1JiKEn4/4JPGWQnQSv4oYFZKr6F2E6/jhBkQ7nKA2QwkjIu0k2S6H3nBsMePEttWFKG+zMHzVPc/OkFCU4kmSjuRNV1VSvmB24HOgaBkrbI8RUaKBhKJJkdDpDmoMtURhxhDh0UXmci8Ce8OmdqJFl4xdNsackwLeh1SMNoGhEs13JHU8juSYheCQMBMPPDlO6RBnbgLbJInUhRmfPjdJLAhMDILkGEhOgbh7BmcYhtj/xBP45jdvxN997KO4//770el0gO5TAjQb0Mt0QC+6MS+e5SjfDzq9ttVbJq+L2Av00+ilRcjLRS+LhzT6aTzkTff0wkPacVpWI43ffoH1aN/5rvdUr7z66ZcP12rlYrFoDQszD1RRJww7L5YaexItZf5nU9RUdxJMZDY0uSZR2AaPtUqSB0DfteaJbYfc1qSCYG2wKj/7YbTGxc0lc+ciyRdzAGwdlVTw1Cvy9ovYjMk0T3Py0nWwRpT1O8g2wZ6oW8y5W1vNDKWkwQVFk03WGfDxZDNSkTDJ5n+MViJjkWyqu+TpDsYocYa0z5GQrWJImLeZYMW1TbsycPKzY44u7KNy8/Fqy/iWcXqcJY+j0mjM44EHHsC//9u/4otf+AKeeGIfwjAEktMBctOgk31dQL9tz3Lbsq6gUpjoNi+dlkoHkgYc4l7adVknryOQVqfbVIS85qPRjVaWcU7Dl2d6Q9bPMvi+st1SYnmnQbrdD173+jeWX/KSl15TqVQQFAJuOCxI7UkNbByvkUgC8BtIeof5FLIkDfgkeWIAkm8cCAQe6vY+VaBA5qrtZM208kjgdXFcyi5+JOLj8X5ayOanwjiUTgNDz6NyywbrdmfUmUMkmWdGWTlbpmh3ifHgYdtngLWUmCikDFKKpAuthG2GryCXO8tSEGeAH0jvlBtZO9q0rOeGMqUnt/Gla3CkXJPk5bhJeH2efjQ8cwdqZmYGt912Kz79qU/hW9+8EXNzc4A/AyDXBpj9AqT+zNJrWTYE5F5WsJRXd2fRzIPXF+jKenl0dhof3XR5Kt50jXH8oNdpil6mGnqZz+mVXr/q9dLexfDS74wNAARf+vJXT1u/fv3OcqUCpaLLztZK5QVzJ0NJp5nH5EnyY0G8pFWGVNkl6Pg37snaDpan0j2b8CTwu0Zape4TTXzRoaO7wfs3mjGL4hwIrNQixOc+1ydxSTgA/khZ1uO0E22jJTx7NnN3hp8JRlipxMZMae0iASuVh5ceHZPUUHrpSQ8DFldWNM2MsnUC3B0VZ3j8uQkhE/ExJHotub+QGB865pUMJN/ulV76otmmXhiGOHjwIK77+tfwob/+IB599FG5NoBmA3xTAgDXV0vVocsVdS/HFMRytSN3XdOfebIA8hqFNI8EKdeX6sn4eOlGF+BCyeKhV37z8CNp+ur4eOzF+1uszHMdb9++I3jvBz64/pRTTtleKsVvCzBjEmsSNlfvV5pErYOqSzbDKx0AoaSUwJYwNcIx8boc1AkQ+d6EnfTYZYHA62TYSpYJU0fKgN1y5VlkLt4JBzUIUj7EOAgjpZJ5auYA+CA9q5Ewj5Y35xyKu4Z83Ld8ZwCSpTDjgovZdoYv8cDaomM0xCFykiPjNzVb5Bursj1m3QHhlbPi8NKO1e6VQCeHNAfJ3HARO3UC/HP4yd6iY4it3U2txturjECp/LVGqDWeeGIfPv+5z+FjH/2Ib5GgdAa6LRBcqt49Ucf94Ot407PHWQ6BD46HJ9aNRhZkGcheshA+mt3K53EIFgMnOkMQAAi+dt0N65902rrtpVIRkTZSZJF00iACEJpNWeUhtbuvjk5EwByociV2I1ZwTtMxAy0WXzFLQaLI1K1+GXX/juwgdFxRZXHz8p4tX7Wro9iFlLo5InpWljpsxgjFc77KMklDakCGmk72ysM4EsYfqWfEGRQLO9iSOuMQItFctpDQ5+PQI+lMRYfGiPNPJtMonjqDkm/fAkwmfwXRTOaOODrWzostkEkUH30l0DGT2BzK4zyYVzktPU/XUmeJgXL0Eg5OTDsMQ+x5/HH80z99Bn/3sY/iyJEjprbMBPheGQR4VmC5s7H9qNsvWsuVuVgSvQyV2xcmFlNHGvRAlJP1kEIv77V+QxpPPrkcj0GxGLBTA1/5+vXr161bv71UKkVXjOKNj6li9JsuIFnRXcsT1URXybY5RPkzZZjYCtBjGkTYxqNTUZ6ywraKNQZURMEZTRexXsaaAxoXOqRscyZhTyNjIttNSAunh7eNLVOMKFFnieGBlS81iQaLLSkdlKRFjYuK8F3wRw0srwfetTQ6tk5B8u0KV5f0n5QlPK5eXMc6W8KPMdVZHxMnyb3FoaFT1mDYI9GmxDMVV0yOH8XlGXtuNOsSOeSKidwrTIA4I/JajE2H2LdvH/7pM5/GJz7xcRw6eBBaa2PoZ8EdgSbSFwku1RifrDrUB3l4PaFtVOieWpdM9TJtgIw6eVLtwTlb/2SsXBq/3AxprTsIwwU0m5PTR6fv2Xfk8O2znfYsxUkXpNBzSVeCr/3dUvayrA/nYvCkyTKN16zMSS9lDQQf+/gnahdffOmVlUoFQFKfWzPgbLRUf/CoSat30tL0HBeY1rOmUjPtLfQonxP1cMwZAax34YssJSZq25LBsZvLpYo/4a8wriiyNCsHLh/bBGHy0ryxLhG2RyIeCQjTlLBSMl+ixN0U/hLNTH9Nz7U/quSbQoiKJsdAmmgSd9mqPA2IrAHFw9zghGi0Vyqk2WAZBOpYik8M8zHmaY1wThiNVC9dSbazgfBy6NAk/vVfPov3vfc9mJ6eNiVoRmAG3BFowOljH/gyu2k2o9fp0ix6ec7z6O2l2gZ5vhidnadsV7y5x0MO6OeUgT2uVE8N1p/+ovXV6qlbg0IFsg1ad6DDJjphA+32LJoLk2g0npiem334cL3+aF2HTToY6busvTgKS23PUlP2x6N+ACD46N9/onbxxZdcWalUEBgNY+dWhdU2kDK5nF6k+7Cj87++eW2umEU0ZS84i5F4655aHfurRPM82jRRT9n0qU8Afn2cvsY/1Wha7S0MjYLM+xI0CSml00iQ91niJK6uZjfXJdE3AGT+30M6iYn1jegTUY85rXSspOy0522Bj7yI7PmvuELopb7HL2mmk+eg4X/m8tRNgZmZGXzpi1/AX73jHdi//wlzWWYEzF4CaY5AL1Ov/xV/TyikjYteUht5GtRTme3nv/fnAIy3mocffvyxz+ypzz0cACivXnvN2pUrL95YrqxBEJSjBsgFU1oDCONMQgthp4F2+xgajQOYPfbA/vrc7pl2e7YZhgtmsFInIa+jQK8d77kged6NflZZ61097fIrgne/9/2XrRgbGw+CAHahWgwsMjZRUxzZUKPLglcLfsXsK+KiGgU34Ul/xIJDc51FiTqhCLt9zIW31aVIZdDOHQD6SiDZFyFBhxIxpUhkLieuaVvZ/Iy2jktCdjYLION97egKK8UNFTXJljH4Xuhnvpav7XKDAnMo6jDKggatY2lKCVs6znlQ8TXuJPK+EswkjHIyE2DYI/K1Wx/rmF3fgkDWOYyWOaaL82ivgdYVPEczA8nnLel8mkFPpsSIYBwbnrUsBEe73cJtt96Ct73tz3H3XXcjDO1mQnUkFwxmrRGgkKa3etF1x6vsieAvDy99L6tSGJPgYzxt6kDWy5pGoLgtnrPPe8v6SmX1TkAhDBdQrz+G/fv+48fz9UfaAMrlypraqU96/mnDI5tRLA4Dirz/7nmcXdCgoXUbYaeJTmcOrdYMms1JzB57cP/MzA8Ph515+vpLlqPQiwPQTVa++76yedJRaSmqLB6CL/7HV9Zv2rx5e7HgNhRiwUyGQdfxRatQEasfuapctjqu7KJ1RRE6wyIMeqlUQrVSQaEQMFTdoUupjNu9RVO9I1pMtNYrssXRyKid71JfqMvqPff3EsjLqu12BwutJjH2aTRjZ4U4f1kLVX0vKiYn37IWu3LHw08mdpbo9xYSGRfipIQhHnnkEbz1LW/GN264nn5jQDoCWW8NZOkpet1nKLMCSd80AdDdJslyi9W7abz7yknoNpWRJ4PQDUcaZLZ7iU9qV+g1ejYMBtt2vvM5QVCBYbHTmUd9bjcOHfzG9NzsQ3VAo1SeqK5ec8WqFSt2olgah1IF5ukCZoizJCvZMjcqqbXJKETTDguNg6jP7a7Pz+89vLBwcKbdOmoGu3QUumUT+pEK6ncGIgCAarUavO0v/rL8jGc885qh2jDsK4Qs5CDhmYiEbBFzTKN6FqknhxgL5mOsHD85pjpKA5VKBcO1IRQLBVd1uSGVRkY2oK+kl8XKd6WaRWfZxa7YT/eCy0M+Ac1WC/MLTVuGZQI8uxDJ7ERybwCCiU4hgFwC8S8YbyKWtzsUuoJsmw5vGsLQpu1RmJ2dxWc+/Sm8651/Jd8coNMD1BFoxGV8+vCkSIcPoDv082nq5xqCYGL1FbUnrXvBlUoVmZEIw3nU5x7BwQPfwNzsg9OIDfTqtU8/deWqS1GprIFSJRuxuujVGBnyH92n3qQbjcHTYZRNCFvodObRbk1jfn4fZqbv3jc7++7bVZYAACAASURBVODhuK102gHgu2wZ6Db9YNrcjymAbnUCANh5/vnBe973/i2nnbZ+S7FYAM8AyMlMso6cZgZsijoq4zNdNhKxKRqqNC0mqzSNVmJvJlJngUz888+6yjlYxVKiFGiGmbPulHF02fHpxg99b522nwdaie0YaFaF0KOOT0Q+uQmRkbWZwmE6XbnUMW+kv2+Si+24o5x+NekYAkq8beLa5N8Ax7WHzko4vBJItMu9e+JQerYWZusGtFdutH1J51TE6ixNb9pALbPTK8kNs3xv3vCxDnI/4SwQ+55wAqgPQVpk6RHC3g2cYoZ9a1/uvusuvO51f4h77r7bt5fALJK7DJoAycBi7cByOg5pejPP8XLiXIw+7wc/3syM70n0pUx6YSitbt75lMDgOevcN+6sVp90mkJgV20DkeIMwwU0Gk/gyNStmD7yg3oYLjSBoDk6es7YmlOeWa0OrUOhUI0HPFGI5Clh7/3GmkFrmpbTbsMQm1UIEYbN2EmYwULjAOr1x6bnZn9yuNF4wiyooZmEbk6CD3yDJq1cngEVAEBteDh40//84/Lzf/GXrhkaGrJWxTcImDlRNFlADTysnNIVrEHkLGLiFcVEeZ+JIipPznd6iXI6zBEQvyoxPtzYSLDhuc7eG/cBW6zI08BscSNtPakjnYBEpKd9shTvs1NLyu2RdfloLcVwpTh8lh2KiXkxlidppLgkTCMSZo87D0QA1gQK+ckgXcrEcssbSF0A0UrWsgSvdCMtWpMPsSQ+6Zdl732hfD/cYXG97aOWWp+26dixWXzkI3+L97/3PVhYWDA3jBMgXyXs9RXCrLQ8rdur/UmbOshbPwtXnuM0enkdirS6WdAPh8t7nKLBuiJbFmbIufkNtu54x7WFwhDM9rj24YmfqDBsorkwiSOH78DU5HebYdioA2hWh9ZV155y7djwyBYUizWL1hchSfBFavQ4uYixgzBsI+w00GpNo15/HEeP/Oe++fm9s5Gjon0LGOlWnUBStr16rZnOwNZt24J3vuu9qzdt3nxx2qeIabAsI2dp7JhdTehln0Enb0Qn9J5z0lxERxePESyMSXPbqV9rP+iiSNYW0xSfFZbloxtpr24lIm5jaLXbQZDfiNoo2wWTCVH8sz2enRHYkWbtdDV1zIPsWGOnaRbEmx8gYz+ZaOiiMigdyk98U5P/3aAhjphdrOekIPHLU/aICmeHC9mNM7fRDx+MfAyn8EkXAyYfDc5kPNZYO8hrqZSmN5sQDYs0nzelImm9gpW5hluQaJ+z2GvavXs3Xv6y38K9995jqsqsAP0SofzyYFbUK2GxOixv1rQXONnw9ltuPddVSBocZJxTBL5fpBxnpSuyPMdgdGxbbcOml11ppgHo4OeKoINWcxrHZn6Eqalb0JjfOwOgHQRVrD31matWjF+EUrzOAJ6HUR7bx4jM6SnvEyjVauypa5dJaLWm0Zjfj/rcw9MzR++d7HTq5qGSn/VM28+7G2TK8eX/9yuKr3zV714+OjZWCwLDq2cHNnqBhDyKnyaLC0RZ+tF3wWdzvMqRHHl7wthZYbxcOR5K+ndDNHsJMESCUWl1TPpcW7rcn3Kb2vDonBOPxOiPUrmMPFZATjILOjqurSgOHy3uDzh5gPcPGx8UjcdxSPUlSDbOm9am7VK85R42hB/H77K3JyQNGJOd8CagdPw8Kw/7DIvy/fgKusDCtplWosEG7QsxNaKVWFPgOkLFWPgUmHEKXB2tgWaziS9+4fP43d95FeW416xAXh1PIW+9XKnuHLSX+1i2aynHvZZFxjHINXS5nuvjRkv1ZvJ6L77fAAA2n/WaLcO1jVtAFg0C4iGx7w2HaLdnMTf7EKYmb0Z9bndd63YzKAyFqyaeumrlyoujdQZBmb1qRFDEx8n5NfZ6jphvphkDWcZ44Vp3oHUb7fYsWs0jmJv9CeZmH9o/39g322nPpn37O+vzn1kPCVavXhP8+dvfXnva0664slqtxkrNabaEQmKKyylgkCLezIHVow6B8RESUX1S5zoZSutMHA2HNTpL4Ld8GkVIylFj4F1YAO9casI6JpjmhkqwnPA2naypnDxb3NpWuiPuAFHHhhOS3whgNGSbZB9zTPBlaSj4lYfERi5bfynqONqHgJAikRX9H+AZG+e0xFg82Q2d4njQtjo5kmtRZcmkp61kUJN9DOzmVN65etHR1qF0dNl6BDNe2LNj+oY4S0z/0GdEu88tx/eOHZvB2/78z/APn/i4QdhLVsBAVio9b9TaLSUvjV8aHt/1PHYqbTp7MXXz8tXtGPDrdh8+ej/NQUrNHtPyaQ7BUqcH8kBegQUAgvO2/fm1xdIYbOofiAa43EeUGOEwbGC+vgeHp27D0ekfNLRuNwCEYyt2jE2subJYGzodQWHIZR5gnAqH028olgBUmZnXIMMF+3bD9JE7p49O33UQ/LOgIZLeeeYA2bhxY/COd717fMf2HZeVymVumJk1dXxRvUeNtguIuYVPLJkih9YguXcRiZKPi3tFS5SWvcINYOqOf/4bTDmz8l7yJtL24GKNFEZZFpfOFoM03I63xMeILCpuDS031jY442blJxjj6WtYXpILAoksoKQfIUNy90OeJWN8ACTqO3chmalxHBmJ0KrewhahogPd7uVvKfE6SPYQXWBMHRfu1cDipp8Xdlz7F106WWrXabaMcPuoX8TaS8a6XENApt2itvBz0759e/fg1a/+Xdx8003mstlgaAb+bYeBxWUvlwL9tENpRn+56OWFPMHzUvjK024LKkfBPN6TjFQNdPNKuqWVbJ1yZU31rHNef3UQuM/tJoAomuj5ih5NrVtoLkxievouHJ68pdluz9QBFVarpxbXnnLt2PDoFhSLI9F0AjyKUSjhrK++8dJpnzBNlkfsHMzXH8NDD37QPJTy4yAyewB4ZPfzv/Dc4A9f9/r1p5++fnsQFEi6mhui1DYwX0HJWxllAb6gILERbQrR5MWoVkr0bB0an8MmjG3C6Unp1zT/gHCTaUUo32kfZuoyHeBFnNI8t2dTymDMsJm+fvXWSyYTuhSKztNfxhTIjLfADJuHnK1LDa972BVPi6QgsJ6KLePxrzwfSFIJFDLzJfdu8vcncWWEeOjbUH4locizRJmWG2NlaaXYMQpD/PCH9+EFv/h8uu1wA5EjIKcIum05LKEXnb6YlHzW+U9bWQm9TEukwWJlbqFAjrW8mXJde65rOKdAk780fLI8va4EHgVAdTr1dqk4dniotn4dELB0P0vJsec3UsxKFVEojmJ4eBPGV15YKFfWVBvzTww1m4fmjx69uz59+M4FhaBaLI0iCMoIFBVLAmnmY8dKC/1vPyySEIdR7AGgFCYPfasCoIyof8x7gRpAR/yGBIkCgBe88JeDP3rDm7asW7fu3EKhwJSMUlYlRQiVkS5lU8WKmToORDUadMqpOPsmR2xwFQwtGt3SLYNjZqLaoGxYhRkfWFujFPHE4ghLUZ5pZX5seGTOAGVSjhnyz+GzncgMoJuuIHQZH3LXxHhMaiG7GLSibU5xIITA2Bpz5YyHIuxGToqTh2NHEzm4RXasmUTurFcJf7yNpq5/1Y2VvRn7ZLzRcaWtvBTnk2G1xGCnBeDkwvpKkfHJnAvCORmXhp5i9eGcAnNMusiOmbhw9KPj8Ue9CSNbxxcRHx/SDL/7X5sHWPmcAUPf8RF2Orj1llvwwl/6RczO2u+/1AEcQ3dnQOp23x9Sjnspm4Uj6/ynrexi5NGL/BfVP9LyAZGhJk9bbsiqE3jupZWVeKzWOXbs/oXRsfNUsTS20iiKxLab5EGKzp3joFSAoFhDrXYGVk5cgtrI5mrYWRhqzO8JZ4/tmps69O2ZVmt6uFQeRxBUwTY6IgqSKTfKqFW+TmlbZafjY2FfzLHhFRrQuo16/ZECnNPURuQEmAe0I+SlAOD1b3xT8PJXvPKCtWvWnhFQBeNjlqpwxY2F1buGJ8aziXKIyTQyJ+3QFpeywlD216o0rsgIHWvvrLHQrL7RwpQ/3hZl6xtkZhtgGlUbBW7+MVND7YkdVIZ/ZzRsvwbU4Lhy1pIwxe+MF/UJbDaH0rC/sNdN201bAjja0E4GYDLTzriyvnNUDBOWD2mZjIExsrXjgfSXdf7IuCKDREG5z2Ar+mwoaNJW4xLYftXkmLWTjAVLl7Fr+yHavpfw6EYakXvEmzJ7lxhjbjqMtdeNRdtO1grbqXZk2dcDaV3yvCoiE3OPSgWA1Xu2bYQ+5SEiqdFut/GlL34Bv/7iXzM7DgJRVsBkI2cBzAGYB7CApDOQB3x6vteyWTjkvZ/lsnnqyPtLlr8iN30L+8w9A3LqgF5PWwCSN52SBwIAwblb//TaUnkcNlMAzZpGF/XZFsqmx5Y7DBtozO/D4anv4ej0DxphuNCAKjRHRs4aW7P26dWh2gYUClX45Nd1fUHqCuU0lwIIwxbmZh/C7oc+DLhtQmfFH506AAC8+S1/EvzCc593wcTExKl2DUW8uC5aq8DpukjeGVXeHkX1HOPXy3nGReVrs/ddPlreAV0bbSK0BCV7g/4mTx1SouRJPWugxbyQMUC+dqYviCRGNsFwnkviikdmvjqsVKJAWmq5O0MeVMwY2o5h3ewf+fRVRFePj7GobNqzIjtHHGp/UX6RjhO3iZZ3T4A0obJidBwpgzbtUeeVY11lnF/tBiKiqymIlJOir4g2zsCXvohXvPy36S05RUAzA8Di5qzTbIZvKtm3IDpvunsxfPXKg+9+L7xk2c9epyDy0lusfCyYDIEZeVqcg1z3RfhZqQhZLqsO/VPwp6csT5OHvv3Y6jVXbQoC8yoi947dfFrsWbMognjgAIKghFJpFUbHzsWKlRcUi6XR6kLjQKkxv3d++sidM8dmftQJglKlVBxBUCiz6COi6R5ZwDkh9hFWXP2yuV9YE0RwBlBBEZOHvhWdROgXEGUFzAZH5lgBUP/j935f/cqv/OrOVRMTT1JKYWGhjeuuexRf+9ojmJlZQLPZRKWs0W410VxootVqotVqodPpIAw7CLUmGy85BcOiO3I3ip7jxZskuJFTAQ6bO3LZZyM4ZSM25zgY+Wnbp4rIyF6z4R91Xsw1QlxFhsml55UlDzM+FDk2o0fRdpA94B0ap8St/6EsHqvc418l+OIsqsQV4eW6SDoWk4vinYw1pQNW0D4RbudDSZM8ZkZmlDyJ0G0GJSroaBg52lWOZGwrc+6yK7YSHWNkeTybGjTjiso+ZsyNV+uJgbBAK/C+VpHTrMwbI8q1z7CkLW7TU5rrEUIWUHYNCe8eKg8+3h3vxPCbDIVyI5B0M8++gDyTIDtgaoVOp4P/+NKXqDPQBn+l0Hyq2Cwg1OhtmsBnH7rpeXjumabI6WLftHKvf73wkHW/m+3yycK0QaXUpecq5V4aPTMowowyaX9S1hqAcN/7A8u1MpR6P8GK8Qtq68/49SuDoAyzyNCsDtYAb5rS8YYciik2M79rV+cCAEK0Wscwe2wXpiZvxnz9sRkA7WJxNFi1+ufGx1c+GeXyBJQqds8QxHJnEW58XWs6PiyjEQfhPA488VXjFNDVv+YhtnN8z33e84LX/tEbtq5bt2691sDMzAL++Z9/jG9843HbpGJRYXSkhM2ba9i4cQgbNw5hfLyEoVoZpWIJpXIJxWIJpWIRxWIRhUIBQRAgCAKoQDHlA6mejEAVNX/myFPenjkjwuSlAPY1P6ftCHm3J5vdZEWL8kqe0AIAm0MmRSLylGey0l3O6WsnAsMVrWPfsiAOAyMrROCecF6YNQlmaJuRy40goGPRiv3wbRHF+sjImzVIcsFtkWu0FC34K29OvLQ/NeSHrKASaJgh9X2B0T635H/WFCY5io+wYfu0y5cK2ZghDCNqi92ESnQ1o6fo007apEkBpO2NkZSRPdZI0Day77TbuPEb38BLX/JidDp2ltE4Ab41A8Dxf5OAwolY5b8U6De/J7z9KoWJtJRF2vuN3dIi9F7adVnHN+VgzgMAeNK6X141sfqplypVZtMENKqIgDxGsT5C7DwkH1/jUGh0OnXU5x7F5KFvYfbYA3UATaWKzfGVF61dtfppqFafhCCoeBQtwaWN988VoU4sBHK8RNMGD2P3Q38DJKcNjEffXr16dfjhv/3oqVu3bd8aBAGmpubxsY/dhx/84JBfqRgBBsDERBFnnFHBhjOGcOaZNaxaOYRyuYxSuYxypRw5B6USCoUCCoWicxAgohPF2531meGk2o3veX0jRdKtop/ktYTNFUbU+SycNACfU2d0rLCP7NCZalLLJ/Q0wwjiPEljJarLlrEpCppqjmlpGLvrcS/ISVd/VjZcCFHFX86znwImt618Ep6alJtrhm2HjwW//8aGQmJzoUQb/c5IgphnMadUJWw9igTv1EdU2QQrfkeQ1KJtNe3L02fGGeh0cN+99+K5v/AczM/Pm7v0bQLzTYKstwl6SasjR1kJafd8Oj+NNlLKpuHN4imrrryfRjMP3l6n5GW9bnz0Mu3A7ndVCccBpEPSzUsKyG+wecvvba4Nb9qSGbETzUGjCkAuSqRbqMbGTmto3UKjcQBHDt+O6SPfb5pNhGq1DSOr115TGx45M35tMSDk/DEH19oQdGFT9+3WUez60dugdRtIeS3o3e9536pnPfvZ24uFEnbvPoq/+fA92Ld3LlYenu2XmeYhkY8CTjmliE2bqti8eQjrTqth1aohlCsVlMsVlEsllEolFIuRc1AomOxBIFKXRqHCtlH52ggPbxxDEnyiNOdIj6p8oo9sG40O/YsbZdRFF6/yyJSkCrxRomcG2GdHDFkrN2kciUGTLgmzYSmvoUkj6fGHOVbagdGxzyA700iuWP55BC/JZtGTTn4az9JxkX6+Narx/fRdEWlfx2MjKQIPcMHy7wrE2UDF2ywoM+LGSWTOgJFgnBZwmx4leQrDEI/s3o1rr30mjhw+bC6bV5inkf42wYmOzhcbIWfVW66oeyl40+ouVzty1/W9ZZCFVMZxecr6juk16q8jBw1Nyxw5fPv0ivELVhaKtSEgimA1UR522jgmpez/8TmNeKxRjtmyrwsFKBbHMDJ6NsZXXlAol1dVFxYODi809s8dnb6rfuzovQsAqsXiKIKC+WRzrAaV+eqiMSjky4s2kyG1TES7EzYwX38U4G8XNAG0f+1FLx594S//6vZKZQj33TeFv/7QXTh4cN7Vjwi40Isoa5dOjuhoALOzGo/vWcB999Vx113H8OMHZnDk8BzCTgNaL6DVbqLZaqHdbqPdaSPshLGzFDtPJPxk87y2Scr2hVwZbv7Rrlfk/8QIMfgiZCwd67OjjhYZAaag4cfwS425sq1x+jruN9YW4xTF4825CGwFgusT0h5KGpY3N37iCW42kM2ct/M/VHzRNYCOa9t+KkpFZMg4IAbdHhrc3NjS1ln2bPuMIBV8aSMlfo2zQWWvAPA3CWQBRWiaFQZuuoZ9odIip30fOYXsrQS4XS6tX2OakxhX7jlT9Nf8Hz8TDrf7leOUlnHvVmg66JyHYOlQnkxfAtPT03jlK16OB3/8Y3OziegNgpn4t5/OgE+n92IrKPie9Dz0supl4etmm7LasRS8aXV7bUcWz3noJcA4BD4keRhKA9own7HPcgAC5BsYtszhqe8eGl950UShUKtARdUjXRE9PM6LNl6/nFYgH1Uh0Yj93xitIECxMIza8AaMr3wyarWN1Vbr6FBjfm/z2LH756Ymv3us1ZoZLpfHERQqiDY6IgoIsAqIKnc41mKK0UEhqODI4duBqJ+aAFoAsHHjxtJvv/wV5609ZR2+9a29+Njf/Qj1els4FrEMlKNvzlkbrUEyEYdCs6lx5EgHDz3cwB13HMM99xzFnsdnUZ+rQ+sFhGELrWYrWpjY7iDsdKB1GKli5TIANHPgFFgsS48jZPklBsjUgfyLadk3JIwshe2hb1CYNSQwY0Gkdh2nRiKwptw5H8RwklcQrREyWJSy4891rnLydrbE3gPlzdDTRH7WxlL5mP51UTnzb5Sjq2P+6Rsm9P1+RZizrVSKzMsbusqVpX0Lh5cZQWXuEaNvxyYfG0bGylhgJh/3p8wYs46oawtbDGvHg5OZ5Y/samr4djtsOrKGf1sXjje2aNj0uRsh5JlOtkMJZ8cu0gW/5p5d+iypxD0NoNFo4EN//UH882c/a1CY7Yjn4F4tzHIGfDYgj13w6fReHYNu9Wik20sQmQbm4YTnt1e8aQY4j1E2dbvZYAnd6FFbKvF67ylyU84DIeU8z3UgOVdC6+SZy8kzn0Lvl8/d9mfXlEoroGKngNhYZnChjdEyeYE4yrXaQ7uoxuwBrnnkAAVoHUafYZ7fh6nJmzFz9IeNMGw0lCqGIyNnjUysubJcG94I9rXGiLh7ghVnz/aY1mi3j2LXD98OrVtAnPIrFAr133rZy1c//5deVL3ppiO48cZ96HRCw5BDKfBHKHNuxWzlQ9oaS6paVTj7rCquvnoMq1YNoVqtoFKtolqN1iCUSyUUSyUUC4V4SiFAQJQ05cfKW/Bp7wGQm9d6vzBom+vUrrst0s20gPUJCG6qwcWkOFXwqfvCEdy0eY5P+qEhlaxH2sWdRVHP3nMRoxVjYlxxichQV7BMS8b3EwIj9WKuPPPigHOn5AcIlCDkxm0aZ2a8GHr0PDnWmSVOjHvS0+SNhjTaCrFTZHWARQzzkSE2mwOBJy7Kxo/oN9Oo7KkR56xQ7a1ifO12GzfffBN+5YUvMMXltwnM+iOzHXGerID/tbj/0T4XUCP2qg6LrJbumKmJCIISABVCEbpau+Ow3YbuAJ1GE9M/DvGvl0keKGTZlbQ2+Op2s3XdyqbRymNDs9bfpeH34c7LW9brjRZyWIfc0K+5ml7x0DUF5fO2v/2aYnEECoVYj/LPftJ5SeNdm/0CmEJL6k2Yj6RYRRnZYADRtsPN5hSmj3wfkwe/1QzDhTqAsFI9tbhm7dPHRkbPQ6k0BqUCZ5h9GhzuvNNJvG1QP/+Ci2q/9qLfKf/o/iruvvuIjV7MXgx2ioIsWvTtJW8XNWpJNT5Sil1j33eAwuo1AX7+OTWcckoVGhW0mkWsXz+G4eFqtDixVEKxUERQLKAQBAiCAlSgEARBzIuJDhXXlEa2IEpPR/1INa6z14q3J77pc34U7TgBZqxw6lRhm2NNroHTIE5j6joAzyVm9qx9okZeGlXxzjzhwX0+mG9MY2TMcIoFdpqUYQLzfEVRCs+2m3FOqzGpge3lz+Tk2up9NGwpJUTJeTTPpsvSGPnExYjdZXikDOKOdM4YaxqswRet5ePU5ywZJ4KMW49TYd5UMZkDOkYQP+eAQhiGOHjwIJ71jGuwd+8eU928UWAcAt8bBYubs//d1i9EwoyDEaUABIBvW3nLqyJjEUKOPkiESa4DodvQYbyxkp5Bc2YSH1/bIJXztutkWX+QtfhysTh7hp9GhyBLmEGxtKJ81jlvuKZYHAZQIIPRGUzAGQw5fZDYbTBNI3lAxw9Iu3UMx449gKnJm+xri4XCEFZOXLZq1aqnoFxZDfs5Z1c7QScMW6jP7cbDP/lfAIBabQV2nP8rWLHiEuw/0MrFU2+Q1dZE2InRUeAZTy9jYqKE//hyAwsLCmedPYxtW8ewceMIVqyooFwuoViKXmcsFUsoFosoFkvurQWl7KuNBlRCyYLcc/87zuhrdIrpER7R8ZYYHSVvcNPkjJwzsiYqdfSSPkaK1Se0pL9AHY9kvWSsby7LNLOXXurlNAFEiL0JJTZMSAF2mPe5UfxHeOLZWFKcAIXkc52Fx0wlUIpCEUh9keCD+FbRr9elS/2V/Pj6OUucjcY8/uZDH8Jf/uVfmEuZrytjKc5AHHyhPFaDKowgKNcQlKoICgGCchVrLhrB6vOLGD4NGDoFqE4AlZVAaRgoDgFBGQiK0Z91JmhbU5Qx+0UXh0K7X63N+WHocBphcxqd5iwah+v41NlUBr636o737wmFtCGWh7leGrTYMnnTIzT9EYyMnls7Y+NvXFko1Ow8G+CPGiMgsXFaZsCTyrOGgqb/7JgN0enMY77+OKYmb8LM0R/OAGE7CMoYHds2NrH68uJQ7fTotUUDNuXgotF2ewb33/enKBRreNJpz8Eppz4NrVYhEdkwXkwsQXh2UwAk+mdvWFDbw5UgxS9lNDQEXHlFgFZL4dbbOpifj+6NjhawcWMV5547grO2DGNsrIpKpYxKpYJyKXq9sVgqolgoolAsOOeAZg4gBmhX++JRpDnqLPJS8mo+m3wC6om7PdVLr5s/mlC+nx5gqfXjWul+5rLisM+LJwPg0LpnH4quaYJ9lvkMlnse2+02HnhgF6542s8ZjGbzoaypgsVG0AH5q5K/IqLvrxg9TI+L5BqwalsN4+eUMXI6MLEDGD0DqJ0GVFcBlfHIYbCZBuOAx8fJiA1cKfuuk9+EE6EBHcI6DmFzH5ozj6ExNYP5gyH2fy/E994sKy3XFESvbx70vaxvbC/GU5HrBsyxD1+vBl9e7+ZUBAAwPHxmbcOml11ZKA4DKiCmgrvaJuXPNlQRaVj3IMfevjci9Hv95rXFhYVDODp9Fw4d/GZTh806gLBcXh2sPeWZ46MrtqNYHIaKMxpUgXTCBqYOfQel8iqsGL8AShUJERPFkbhEW3cAgIuWAHNdrA2wbzyYtivSfm2vUTzUPVdKoVwGnvWMITz4kwU8vDuE2yo9gqGhAOeeM4oLL1iJLVtGsWrlEIaGqqhUK6hUKqiUK9EUQ+wg8FcavWY+HZam8ZeMeNnILzvy7oSOG/klE+sfp4vFpLVGs9XGQqvlzSC5ZzB6hu1UlLkOgH/GGUhsrBYXrNfreNMbXo9Pf/pT5obcb4B+yrhfrxhaXYuk4af3yuBORFn8VsVvGWc8p4rTr42dhQ2Ro1AajdchEJBzvOZavdLuyAAAIABJREFUerqXl5Memr0H2LkZHZK/9j40Z/bgoX87jJteI+WXZdOk3BZj/xaDq2e8ecZ7moH3LQzMWrSQdp5rsYO4jy5lAgAYHdtWW3/Gi68sFodhP20sHEizIEhKIm3KgBl7cWxXLXvKRI5BB+32DGaO/hBTh76DhYUD0XRCcTiYWH3F+MqVF6NUXgm6p4LWHXQ6DbEw0Q+crplnlilYuh9Aelv87pPL1vGLQKmssXOHxv27FOp1ECoc0fBwgE0byzj33Bo2bRrG+HjsHFQqqFTI+oNStGOiUsplDxATTkRZ4r37eHqIZki4Qpbv6YtUOcEu6XiBrG/woIBXmuxSnNUxTpq9LYQsJr6VNSZwgZSzJ0Qegt144PuiVS/txIv9jhfT3uRuhpw22+UPsOtx/CJVpL1itQCRVzoQ4RqHUkaGtnq6LLhzTGSTNg/RlS3Fh5oA5m6LMWsCFQntdhu7dt2Pq6643FzyLSSsw/P9k+MIUnEFiJwH6SRQ58BkHKoY3VDD6gurWHcVsOZiYMXmaArCvOLtzfrGkL55RH5ITFGE0TXdATqtNlrHdqG+/zB+8O46HvxMmny72bV+1FkMDQa9SCqv57KYtEheOr3wEADA2IqdtXWn//crzZoCpcy2wYDf9Dmvki4QsyZORMp80RJNXSEpXZuKj6YT6nO7MXnoO5g9tmsGQBsI2mMrto+vWfuMcrV6KgrFoURdcsHxawycFvPdciVT5nOTnE7hkQhRjkIpG9bKZY1iEZifB3RoDJWORZqcf12xIsCmjRWce24NmzePYGzFEKrVKiqVyEFgixPpmgNljK/rL99z7zfrTl4JA26cCPP8WxoCKdHctr4pb8USFdRUbrDsWprJbqEOJW+Uon0tjRyhyYxx/EodI5oA6RgRt0BrUVQYR1mfzPEaQ+6lSpyI5JsdhIAmM/HSQCYMa5QtS+xUyVsHxG8O5fMrjBwQP/ukCvfPkqhstC/cLG8E4udFE/nT4MKsj5ifr+O9734XPvCB95tichOzWUSOgFw7kJVxXczC7sVmlX3HRTiHIXIKovMqgBqAKtZdM47NLwBOvQwY2wyUVwCqYMeMJwrgQLMHWeAbfD5ciLMIYRto1xs4+tA9+NenHAaXS7cpARlc+zLusk6v4LPP9toSXacEgaxrectnTTn0mk4JAKA6tL62afOrriyWRgBV6K3RCVcdPLrwGpsugrXKxeyCuB/TR/4Th6dubYad+TqgwurQuuKatVePjYycjaJ9OwGwHzCxqX6z8tg5AhSSuxWKSLMfI6AX8NBUChgfL+C884awbdsI1p1Ww8jIECqVoThzEC9OLJbYegP+OqNKGNv4Br/gaW/yUqpnwS7pxK/ixY28oXDDDddtPjYzUwOA3bt3n/nEvn1by+Xy7NOf8YwvP+tZz344jV7Cp2TX0jvP+aixw5SoIYx4grxsnZeKn18Nnon1YlK+Hw+5LCdb+Vhg0H2IK+7YeTwI6/9S1lN9q7QJLm+EkCDYzT5RCMMQ+/btxUUXnG++VZB37cBi09qLCdby4PJliml9IHIMiuQ3cg5UUEV1TQ0bnzeOLf8NmNgZLWIMStlGPC94x0SGQ+fegogdhCbQngfq++/B7i/tx23/j5hQzS2brGMKeafoc68hSIOleCW9MObziPLwkeZoRGsKRs6unbHhpVcWS6MAAjtH7hNB6lapVkH4F9hZzz0uawIMa6RJpCxNidYdtFrTODZzPw7u/3q73Z6pAwiLxbHgyRf/6tgFF12Bu+6aw/y8a6KO/3e8eLYHJpYg4jV2WrwZAb6WQraL0uU6Oxmla1qK2hxRmYlXA5WKwrp1JezYPoxzzx3FypVDqA5V48wByRoUiygExjkIiGNAJavQffoAsjXMkNtLVha0vqFkCEe09u7dO3L99dfteGDXrksP7N9/eScMq5IihTWrV9/24pe85O8vvuSS/Sq2pNpGMG4ccXkJV0SJzAKxyFYWhlc7MD3v52skxoCIb/nzQGTDLD8g0vDC6aD7CZAGcqdX9hXvYwq2F+Lo31z1mmcF//UETrFdMHxvXaS8iUEcc8mFZtlHjwcg5JeWgVhYaOBrX/0qfvtlv2Uu9fpmQT+ysb3WXaxTIY+pg1AGMAKgjOHTxnHuy6Lswfg50ZsNUEim5TIcNKmUrFJhSjFNKXicCB1d1B2gvQA0Jg/iu6+7D3u+2URzOm0tQl7ZdLvXU90+uFC5CfdSN08WQXq6Wcd2EJ2z9U+uKZXGoeJMAY+rk1bLLaZLe/A50Lk+O8VAVDIv66J8dy2MP6r0CA4d/CbKpcn2S176fxWvvuYZaC4A999fx+23H8X+A03rjJo9CABvjiC6Fj8Pts2GLzL5SzNodCrEtck9GHa/A9HWVLkg47b27wMxMhLgrC1V7Ngxgo0bhzE2lpxSMFmDQrzPAdv9js5zGx6sdhXvllMBKIDks8U0AGmRmEe+4fqvb77h+ht+6YknnrgmXRJJUAAqlcrBV/3O77754ksu2Z+UGTHENBKJ+aTbInPjISy3vWcGA+lwuHHh9KJyzTbTAOJbCtFUFRJeFh/x2vGeooQzny1FNjjSmtSiMuGv9nFKhGf7nJgu1mAVmROtrRPPpEf7wdCjTr4ybxyZtvGvGKatB9D8P8c3cQpppnt2dha//Vu/gRtv/IZBQb9kOAM3VZD28aJ+QD+mHPLglPcCcg7IzAFQw6ptq3D+68Zx+jOA2pOAQpmNdz5afOcCuk4bZIASnadDoNMAGpNN7L/tLlz3ojzTC0C6vGWdRfUBbeFi5vtl2bR5qbTFgxDXIO77pg/ouY9Xic/gCQCgWFpRPXPL711eKk8UlSokomQHaSYsy7Qlw9/0D/lk49NaIwybKJemcfXVo7jooo2olEsoFItotYC9exdw2/dmsHv3PJpNzVBRA86UF/OMM010vuYuJxC6xSKwZnUJW7fWsH3bKNaeUsOQyRpUo4WI0ZSCyxqYaQXn2PkjRXmaGpUyhwhWjgrA9ddft/mrX/nySyYnpy7N2zyfWVw5Pn7PX/+vv3kzjygpQ0njm+we0rd0LUBGjVTOVOKKd7GbP4onLgEZl4nEnJediHff4tfU5yVxVfHu8pHVSCwmTJMOdTC90SF9tshxtvF3172v/7KyHE80XbAPF+zcbi6ZxYR0IWHWYsK0BeG9HvcT11Lxml+z5qAGYAQrzhrD9t85FZt+ERg5HdFrjVk6uR9A3VLtGwKkaAdozwEzuw/jvr+9Dz/8iNnhMSS/S5FjGiTqKHQ31t2cgl7nNXwLJ9LK53UA0nBJWtabPOucN15Uqa4dT2wQJG06mz5IakMdR002x0BTtwwXVRYgA8R9jMVGXZqk+5VGqaSwcUMR27dXsWlTFZVqtNBOqQCHD3fw/e8fw30/nMWxYx22ettNIcioSjm6tjE0NBQKz0ZYcEpMTEd0dXaSYRsvZjkCaLbB7DNv+BkdCbDlrCrO3zmCM04fxsho5Bi4KYUKikXjHMSvL5KNj2hfJqZHRKTJGCQhmorDy+tvuG7z177ylRcfmpxk+6xmQZqojHjO27r1///jN7/ls4kY2y7Uk5vtkMHkaVv2KmvqPJCrPStJV9+7giY9dGcnNhunVLqc6PjmtS0xN/7F40r4M/Y1zS6wMUgKyB1PI55EZZtBE1aAPvO2jWKaz7SF2RBt6RiyzWYTt3/ve3jBLz3fFFrM1wzzRPdZa7rkebcALqtsHp668ULxGn3v9koorxjBZf/vZmz6RaB2CqDityS7pf59Cr1bWfqQUv0hywLEkQyBThNYOAI8cfOP8PX/vgfJfltMP2RBz1MGy5ESykOvl0GQlzc6WMqbznz15trwho1BUAag3EMsFC/ANwoB4B5mZb+vlgh66FQD3/bYGXy5LwDglIScuy8UgIlVAXbsKOPss4ewYiyaTy8Uimg0gB/dP4c7vz+DAwcW0G4nlRZPLcvJkmQ7WF3bdrfBkXVkiK9jZUNtlLa2lq2QpsrYV08uBKbPV7kMnL6+jAvOr2HLlhGsWDGEoaEhmzWwCxFLJRQK0fbJ9g0FYkap6BO9SG4q7dT1Dddft/mrX/3KiyczHIEVY2M/OmPDhtsuuPDCu6991rUPa6Wwd8+ekVtu+e5mBWDF+MrZf/7sP721ubCw2jUeCAqFxktf8tI3PfPZz344MZ7sEKHW23vIFFZyHSl3Ipgtg44jZ+P8ZDkTFgVA5EOa4/yoZC3LAzWe9GNDbvB43poxOBQdv+S5I06FNdBxC2lZiS+iy1P8zk/mG3VFQ8Q9x16ghl2xH+ofwK51YZaC3jZvRkS/jXodn/zkP+Atb/5jUyxt74HlnC44mcE3pVAGUMPE+Wvx1Hesx6lPBcpjRLEo3g9s/ZEdBGRQ+45dUTfoE4bD44SQJ0RrQHeAhWlg37cfwdd+9RH0dw+JVMjjEOSFXp2EXhYH9vu++Q3GxrbXxlddvLE6tG59sTiCQqEKs2fBkiE2mlYRaOVRGx6FZvd513yMxYY0CIDREYWzzirjwguHsHqigmK8Cj/sKDz62Dy+972j+PGP6whDNxatMXfswS7uEmqSBjdmvYGNaahzpMhzkHCa3UPkvrGARATKHSdmByxnTlLRDWOECgWFNWuK2LlzCFu3jmBidQ1DQ0OoDQ2hWh1iCxGjfQ2i6QTj9LlGWim7Uw+89S1vftWjjz76PN89BWBi9cTtL/n1l37s4ksu2c8MZKw4nI7Q+JfPfnbnl770xb+UeGq14Uf+9iMf+/0kE3TLKapblHP4FPh8NYQDYGrafuNRj3kdj+os6XUYx81iTdqwjIwseVWXeY1wnW+8PnqPIU7KgEmHOAQRJlqC40pVgH6Pwd20iz8Jr91wEceZOQUEh7MxzpNgOiT+f3Z2Fn/61rfgk5/8B0NFZgfiV5n/yzoEFKjONxmDEVzyp+fivJcVMbwO0TbKJwlQ5as7QGMSePCzD+PmP9yD/nyyOhV8li+A9xHvCll1As+9tLLd8GTVNfd89Ch+K8iFhYPNo9N3TTcaTxwKglKh1Tw60moehg5b0Dq0FSKDlVChnDDRc2b62m7DG0cTRr9RPWcDUWW0dLxDn1KROVRGgTuj2WwC+57o4J57GtizZwHlcgfVcohCEVi1qoSd20dx4QVjUAqYm+tgvhHabAZNyLKI2UQ8hj9FHAhrhA0vxHiatsRobeoXHJ+Jppz+11ZOps2ONliE6hwFh08jchdm50I89PACdj8yj1q1jeFaiHanjbATIvosM5WfIv3imFfmfsJWRffvvOPOU//qHX/55gMHDtgdYEyTFYAVK1b86Nprn/2B177+Df+y7rR1szpqcEwL7DiIK27ftuPATx78cePgwYMX0oHVarXGf/jD+4Krrnr6vWZIKKXiB5NPfxhHw7XFtTUu7dprf7VbHEgsv11UaPoKFF/U52Zqy7zBYUwq7TvqSFB5xw1xWQBT2HQuTddYRMrisbS1K0vHr3WiSWiv2D83zqxcElbaLXA1dpouCkysHTNG2+4aCpuhsDxY4cAhpfVtUW1lpUnboDj/WkffLiBvF7QBzCP6PPoCIoegCaAT/2lONFM/SjjeZbNwyHt5y1KXzMiojX3fPoTHvj6PU5+2CtVViPYxsMrJKBzyjJAo3mcFEhkDicsWJKhSyprzoAAUh4G1T16Jc39rAzrNDg7duYDIhrlB1l0eWfKxUPAUWMzgoel9n0GmDCskG0DLE01k71mzIegshheDlw6WsFbboFevuXr7UO00lCuro50BoaB1GxoaQVAAEIhxQdLuNMVoDCNADI4bEIooD2UeeHqfMhsbRqPkZbSvtcb0tMauXU08+JMFtNst1GohgoJGdSjAWWfVcMH5o1g9UcbssQ7m5joxDsOviUw4D0YyzqDwNlvFSqrYTrKGh7adGw563Tg61FmQMrNGidkQOs2hMDenMT6usWplxKeOESoFqHihYRC4/QvcH2myguXH0N+7d8/IBz/w/j8/duzY2aydAIaHhx959nN+/t1veOObPrVt+/YDtj8pDta3MU+xQX7a5VfsuvWWW06bnZ3dSDt+evro5nWnr7953br1s855cYTdHLdyziQxnqbPrI9p9BroRdohzjkEq0/S99JxEGODGTClrANB43CelYkdUUWuugFEjKAzqs6QQziYboAQSdgmGkeKjh3nXFCFrNwYTywOSIKzFeyhj3Bo5/x4K5IT4+MwWZl+smWjE+MQfOivP2hutBEZuVm4fQfMYkKj6ygmqhfpr/Jck/PUyvOXVlbqfVoW4r4W1+R1H99Sz1Mask1SDm0AHTQm5/DEzcdwysVrE/sXWAdVOepWuVOlIQ2+AOlJppU1Cs46xfFFpQBVACorgHVXT2DdVRvw2Nem0K6ruB1yrZyvX6lsfLLUiNwP5gjITpQDyQe0cxWSdWSn+DoN4IwqJNcPmGu0rG8wS8ciFGVpXQN6obG/M3nwxofHVz55olCoVpUqIiiUEAQVBIUSlAp4/5CH1+kjF4E7/eIGA/f8ATqPL+dRmQMqaPmMptZAfS7Ew7vbuO++Bo4ebaJSCVGtapRKAdavq+LiS8axaVMN7bbG0aMtRHuZGCVOFzS5Ae6dt02DjAfDraGQ0xY8orPGTRtW3JoF11a+x4I1CACqFY2Vq6KPLiml7BsHhUIBxSBAoeD2LYi2gibGzZggIuQ777zj1A+8/31vn6/XN9hnFNFc//bt2//xHX/1zvdt277jgM3kGKNAjZxx6LRyxk9FhhUArr32Obd+8Quf/2WtddFVCUtHDh+pX3311fdqMX5sl1kHIKanYgMuI2WTQqeOgEWibF1TR4G8zWDHITFUEDhI25VS3oV3iKVr8CkiH+oUu2xYLKP4QDTFx5bjzeKJ8cI4TWbIxARstksxBJHjnWLEqYYDYJwHBfOsGOdWkUquTmIRIeXRjGf64FMcMXQ6bTz22GP4xMf/3lxqIcoQNBE5Bs34WgvJlep0GEs9a4j5DC5lyIDRyxSfFsdShytxTBspjboSOKnTIcvQiFn2ErVttBdDAB00DrXw6FemsP6aJ6G6KsUpAL8GQYEahsQx+LHBwfCZc83LsddgFFCsAKMbgS3/bR3239rC3D45fUD7k7aX3ksdAwXw0ebzxuSg8HlttFNoHXNNls86p3xocSyBDj7Jp3Ry6OCSg9Timpq8aV9teGOnVBqboN8U4J1PGLCTqQr0q1y2a60SNvc9zwwxeDS96AyfilOSMW6jUJnCdZqy1QL27+/gR/cv4NHHFlAudVCpahQCYOWqErZvH8X554+iVFI4NtNGY0E8S1YJS4XEN1UyitZZZqFcybNHpz1MESc7QpfIgt6n9aiMXMQX/bY7wOo1CqtWBggKsSNQjP4Kxej7CIUC2dAoIK4WiRQVgH1794y8593vev9Co3Eq7fNypTL5ohf/+lt/4zd/81bb35YlEx27HjZRstyqV5GRMnV4at8jjzzCpiOmpqa2X/qUy760YsWKpo18YxlGXUTGkjKGTEVOQTwWtCLycgJ0Oot2H4uSqfPmGfiEZsQL35uCG3DF6rDOM+M5NpXQhCHLL9ejDA1jxyjWODqHwRvLxjx/NnonD7/PAbD3IJ7duGI85aWl8SdnVr7kexWR8+jeVnE1qYoSiEijwzDE4cOHqUNgMgRmR8JWfK0NZ/gMJvknr1OqcuV62KWuz5b4ytJjaTfSylMj51tw3q1+ms0JAbTRmu1gzzcnseE5p6G8wq0psN2eMj6UOJYfS1KkkDlm2SRa34xfglDiBwAVRF+F3PzCVagfKGPq7gZpixlANFuT1V/serfVc2nC9JWTZeUA6WV+oxeggzbLacgaKOyJnj7y/aNKFaaq1VPXBUH0el+qTrSK2qQ4iTGwxiVWQsRw2LqkPgAWZLtIWQvMMavGIJD5YEWaEoYKR4+GuP/+Jh58sIFOp42REY2goDFUDbDlzGE8+cljmJgoY67ewdGjHcOZWA9BVStxRmJtxyMkgK3AJvisY8BkR+pqh1vT+zEtuQYtImai+qjcwgKwekJh7ZoCSqUiisVivHlRSWxiFC8spE6PjjpAIZomeOc73vHmer2+gfZ3bXj4kVe+8nf+9IqrrnycGjQA1h+UO8wBtJ28Aaa9F1305Me/851vb6nX6+sovQMHDs5cfvkVu9wcvOsP5xQ4gxcZZZI1sEZGjDfTapIWp86V4xsghG1dOxVAPYoYhx0vchqK1DGZBCcnZ6BddO9MpO/5c+0hmQUFx5cyeE2HKHvfvXSbNL5aOWfXdlf8bNm1GEbmEgfTJs6SG550jEzFvMm3E6QNoeuRTICwCIdA6sW8urib3u8H+GxMWrksG9NLG33Zgg4WjoSArmPtJWtQGiYdr4hShju3zrJV2M55MPftECAPl1OLQpmJ+rbl5JyMKRSHgHVXD2NhegSHvm8WG9KtkbNk2nUNwXJDt85JO+9WXovrWdmMtGtycGBu9qH5I1O37RlbseO0oFAt2PUDRDO5dLdKIOMvNtGtZsi8quljz32L32g5uEHhlK5RUua2ux/9WgKYn9d4eHcL//mDOo4cWUC1HE8nFAOsO62Kiy9egfPOG0GnAxw71karpS0v5oUyHpk6oPPk2vJE91PQjB/+GhyZH6aGUkiURr4y7RopfSfvalVh9UQBIyORQ1AqFVGKNy4qlSIHr9UMAQ0UgkjOodawb4UA+N//+I9XPfzwQ893FhAolcszb3v7X/zh1q1bDwcqWosQxHscBEpF2QayRiEIor9C4I5pvcDurBhNYezYef5/fvPGG5+ntS4aYzc1NXneUy57ylfHV6xomroGt6EVHQcIYjwB2bExIH/K88fux2sszL2CuJ+Gg/+5fR8orsX8OZkGS8Lj/YsH2VJwgIxAm9VSxszHDpQlRH0nM6j88Yup494CclON0fdPNKamFu0QjAM4BdEbCScbLDZozFq03m1BO3cKDt7Zwpm/ugHViWhnQ3PL6LgoUnFVzbnRc75jp5AdVSUdCeIomGtxEMWcAepEqCD64uOTLq9gbt8Qpu6ZB586MO3Lvajf43enQi+vFfpSTfQ47f5yQa/80N/ypi2v3lyrbdgYBOZzm3QxIfzeHImI5Yp7OSfMq2tGg612TZpJ0HjHdTEZxJqOdxOdKBSLwOnrK/i5p47hzDNrqNUqKJVKKJWKODrTwc03H8Sddx7BkelW9Ooio0XjJw3znjijY7WfssrSB/K7EI5vgH1iLpYJpeF/TVJjfDzAVVfWsPW8YdSGhjA8Mozh4REMD9dQLFZw660HceO3Hsd550zgOc/ZhDVrqrY/zJqDV73yFZ9otlqrjfNWKBYar3vd637/sqdctj/x2PTyFHWBT3/6Uzv//d/+jb2KeP4FF3z8rX/yJ59LI9pH8ovApfrLwMkIOnEAAGh3QjRbLYRau30CSEny5iCvz36IboizE+Z+/LQC7NkC2u0OHnroJ7jiaU81iPPuQfBBAK+Jj+8CcGFPcvBDP3V6nnrLRS+wfzt+bzUu/bOLUFnVO0amzMGfDXtOBgb1C62+7pGW7gBz+4BPb92D1uw0ImdPftAqH8r41yfkpcBS8NB5oeWgnZc36hgEE2uuGl+z9ppLS6UxuH0KkkZaXjVevplnpB5/dM4rse/Ex86A3LQluu32XDPmMaLnRprPTzFlnDOiMToa4MILqti2bRgTq6pRNF0oQmuF+3fN4vY7prF79zza7SjYSO7LLiIZwplziHj2wqo4wwuVJHGC2OuGsbK0r4VpGk3xDZ6ecmkBF15YwejIEIaGor0JlKrgu7ccxre+fRAzM00opXDGGcN4xjWnYtu2MVQq0ZqD22+7bfPnP/+5DwbxToeBUtixc+fH3/DG//m5IIhzJdRJI32lPK8QubbC8mulEJ+T5Sd43Wv/4E0HDxy8nMrpNa997SsuveTS/bYQGW00iyP7RnHCjgicjBXDZ6ga4mIQJRwAE62QVxkdBsejzegkrzEwRtX3aBH6icWFppmwMbtrAimUfDadE06Pk3IAI0o+dWGRRQ6B+WIhx6EpDvssmGeGOwXRxkhWILZhzsnQOHr0KM7estkU6uYQAMCLAHxKSPSFAL4Irg99+nE5DXwv9fodPPrejAgAVPGbe65G7ZRoLQFV1nwulWNjSp0EM/KB9L5xEA8qO/gBGci5QQBXx9wL28D+W4HPXfUwojEwDdf/5k0E2VZA2H1j2QxFjfwp/Kzrhts0XL63AzytZPUU+ZM46K8W5WUZ32D38cj4mK8/Oj83t3vf0ND6FUFhqBp9BwFIdhI30rYrlWJ9T9OWABkLceqI61yaooQ9NivB4zM70JQpQ/hyBtThMvw3m8Cjj7Vx773z2L+/gaGhEOVyiCAA1qwt4/zzx7Bj2ygA4OhM2307AZFSc84FMUbK4VdGFsoz1OOLrnVGqyvbg3T/flNH20bByUvZwqhWgFWrAtSGoxT29HQH199wCLfcMoV6vQOT65iZaWLXrqOYnJxFrdaCUk185jOf+r35xvy6iIhGoVBovPrVv/++sbGxJpToy5hX158xnzpqM3/d3wzJCK9SKl7H6NoKANu27bj7lltvubjVao2b0rt27dr83Oc+7xtuPEBkJ42jEo897eStGLOxvJTrlwSYTXfiwq66FbQdkzYjSsaifA2X5pXcQyzoGn5M34IvjLQpeTJO3JSYTw2R7nHdwpyNVAeAiiJ20K0DYMZk3CrYzcaUqCfthY5lZeTiHH8nFcMLGeu2EdSBUmg1F/DhD/8NwjAE+JSBmSroIJo6UAD+DFF2QML1iDIFVLdCnGvPudTHPn2tU67lqQvPdZDzLLsicafx5qNhyoc4/zVnojQCmOCP6VOr3HhHu8EBu3DQnhMSbIpAuQFKByfrCvJLe4TWRQAMrQGOPbISU/ceQ9T3IL/yDQPfGyIs1IXn2Heedp0OAp1SRl6Xg8ZchdLEAAAgAElEQVTgkUZbIx23j1ZWWemESPrynu2Cduto6/DUrQeLxdG5cmXV2iAowa0tgLEfzhjDKAA6703fG4cdBMSsw8WURsnH+EkkE9XSVqHwbyko0E2FNOHFMKrtlIRreLsNTE52cM+9DTz0cAPtdgujoyGCQGN4uIBzzhnBhReMYfVEGUemW6jXOzYiNZkASx/GOJDjiC2hnOnnav8Pd+8dp9dR3ot/57y9bFFbraRVW8tqXsmysSVZBjdcqUkIxonJpbgACY4JEAgQQn6/JARCt5PABRxyAWNMuQ6EGGy5CSIsS7Ykq1t1Ze2qrLbvu7tvPXP/OGdmnpkz5y0rGbh3Plq958yZ8swzM0+bZ2bgMQZ5ChyTjMLEGwMUMxUpyHO5DMyc6WBaK0NfXwW//OUY9u4dR6nI9WkAhkqFo/dkESd6JnH0yPOdx4/vv5NzLnE6d+68X9x8yy3PAvDX7VW/CmC8tjBVrkgj+5CkFUyAQeMaotebW5qLZ86cGe3uPiZ3HRTy+bZDhw7lX/Oaqw5oh+kInMlCmBIwoOrR6xMWCZuZm4w9TfBhCm9UAxI5hTAgBRyd5moCgBQmmHr245UTHU0PgyCrcmlQk5XsgDEYszZnLNRJ7ETQyHCgn1V9FBbNIkMIODN8jZQFQWuQ6k4u6Lz3XSSXM4oBpXIZp06dxJ49ewBlFq5AmYrLAOYD2ALgzbCHd8LbrmjSVxv9DHu30XAbz2gkry2+WvnVyq4Gm+AHQV6w+t4FiGcjcreBGP+CAZuDR9P2QLvVns66A8F/MC0SZn5jbql4B2juBPZ9PQ8lFJpbEqv24/l0KgzO0FemnEadDm3lA/pgMC0I5jtFoJsb258bGdrZm852tkSktUBoOH4lplZPRoguDIgHShzId42O6ssAiuF45VPNX69PJ4qg35n6Y4Rb53IuDh8p4sVdkxgaLiKTcRGPccQTDjo6Uli3bhouuCCDSoVjdLSs3Z0g65NMUdSpt4cyElNoVu1QSLX6IfgEWBdIvJMcp00HJiZcPPtcAcePl+G61JqhcCjyjY252Lnjp3/jVkrTo1FF/N/45jd/btbMWTlRod63TOFeAs8UA9ZRTBisxIDR+17KSy971YlNm55ZMkl2HQwM9C/r6Jj/3/PmzctRJGlYUYiXCFRCARlSzJJX4FgUIYUCYuWBblkgrVXVh6WlzF9HgwEDpOAocSa4e0gICAOcoMJPobYHknxUYGCqPQHNj1vmJ8mv/wZpQa2lYUriRffJEeGXyWUK5p9FcAKbNj0DeJZe4Uzo+r/rATwDYGZIldcCOFAdqt9KCLP8vlK/zPLOcNnHlyGa8ZgsYOtkFR/4Dvt30admOvMsdzpw5TymRJwwBjM+0QwcfIijOCzOoSj7v7WELADhuwzq8fYMQ2w9aauloeXY0pv1hO06sJUt8pv+EtzyTuMFMmXdrpsvDQ082+ew6BCATKWST7huAa5bhOuWAU7Pz7BB7z1ojSGERxI3gwlqPoukdHohkpefDFpOyiKDWb+sRRFu6rtQLgOnTpWxd98kenoKcCIVZDL+RUvT4ujqasZFK5vQ1BTF4FAJhYIy7sgyjTkUREj4d82F0WCigDjhzatAMmH/eWSUo7vbxfAwvVFSoVoJMB62R0f2do6NHbu9UOCoVDiiUWDmzOnP3HjTzRuFvUD3NHckAzWFPA8WRcLFCYjm2jNTqbV4AFi9evX2p/xdBwDAXR7bf2B/5+vf8MYnKT4o8RB3U4g2iYuKxNq2zZGVQCwFAJh4hT4eNV9XE3ADxwyiXiUAWv0/QJcFgtNYKlVkbCsKDt3/RuWC+cZIA2QbGPS5IRsVMv+EwMIUXiUa/Gz0zA4beQygzk8m5z6ZzzKB/+q6HJP5Cfz4Rz+kub0jeYHrAXwN3vW/ZtgF4GZ4loN6QiOe/+cjrUAUt7zXotn0vVo51cr1BYJPLkFEOJGbQgBA1ngtwoAtnkwY23cR5MCCnhfQ+IP8bj4DQCyTwPH/ogdVAUHeZsW/7UaHeh03bCcjgTzbPECreYfa6qzl7BKWr1rZYbCElWPmpXmKZ07/vA+eA0cU3m1aUXiXZ8QBRBPJ9nRT88r2RGIWYrFWRKJpRCJpRJwEmBMHYxE4LAKwiFwrl/0sDi2hTkeAUpbkGeuCaBMGBCbppnSy4mS8SuYgyhbjThE2RohaoQAcOlzEocNFzJ6dw0Urk1i5MoPp05OY1hrDNVdPwxUbWnHgQA47d47h6NEJlMTqlSDxmsObKewYUjIgCa1+jTOZdD7QglGrdN4kyeX0dWbFRIP1AMDw0Pb3AIDrAmNjLipljrVrVz4ynhuD67pwKxyu6/1RvDlwwMXWOCEAiVoMRqFZZriyWND+ZX5HdXTMz1100UXf271r17sFrCPDw13f/MY3rrzz7rs3C7wphmIKAz5jp8zPwIEaH2pXixJQvQSKggpWJbpBt1jBf/eHJqE2uqVAMXZy+JHoWosqLX1fAHlyoSbvyvb5uJQThNJbTmgxk+1SqFDpSc3yR/gxqAwCYDW+BCHXHAKFIKmJORaHSmndUg6FajaLNiraH41GsHjxYhNVywG8B8CrzQ8AuuE5Ee60fKsWGnHiq3eHQFham3O7jXbX895oWlXnLY9k4cQNBkwZM3Q5TwRqlhKBMWNQmePF+C61PSNOixKEnKk4anGYthzweFAayrGwWAMfFLqqIYzB018Yz42810pnBnN7oO17rfzVvk81Pd2VEIfyWI2SZxLP4tFoNhqPz0jH4tOysVhLOp6YiXh8OqLRJkQiKThOHE4kjmg0jkQihnKZo1IxiZYKui5hbls04gPpaz8DOk1MpxmWLk1gVVcac+cmkUqp3Qk9vQXs3DmKAy+NY3S07BlMLKON+4WaOw2qwmB8U8xMCe5UG7Xlo5GcAWPDezoHBjZrjlexWNPWDVf+yd+tX5/C4sUZpNNpZDIZZDLecyqVQiIel1csO9oVyzQw209Aq5AXCGvHlQJ333nH/ePj44tEXCad6f7GNx+4x6phQJjGbVs9lRBgxWWwKFiGkFEkM/rCaKPxzawr7IRA83hqSUcBfdcAJZIBuAUTZTpwtDybUyEtnzJvKk1LZk/LVvH2tnDStWROBtogkB5oklIEOcfY2BiuuerV6O3tXQ3gjfCWCWzhuwDeEfLttxkapcW/iTocvPPUWiRnTEck5sVUnQD1Biv1qZGlwXo5AFSAsePAdy4YhrfbYBDeDpQJ6IcWWUM9dz6agoApuVXToM3vtvRmXDULhSk4hIVakmojUm+jW13oNg+znKh65k65POaUy2NRTHQLgYEKDXEAjuM4ybf84R/NfdObb8XEZAVjoyWMjZUwNFTE0FAZfWdLGBysIF/g/vXKhID5Gh4AOR413wIKHRl8lGh7WRWhY0SCnZgAdu7M48UX81iwIIZVXUlceGEK2WwC8+bFsGDBLFw/MRM7XxzDjh0jOHOmiErFoMxcUm/NrBxgBNyYUIwSa3KIi9CKAxNJmWD1NV0vz8jIrtuNDGhqXv3gyycqcPkkAGDxYu4RdeMvQfJ4l2CR+hl8DR3wjqD2Mcr1NN4PffcZC2N46623fuk73/n2ZyuVShIcGB8fX/SPn/nH3//Yxz72iM6r1E19qlCm9ScxmEjLJMWpKkt2i9UKECBwQnnydzlweU+Awr1MyhUOzJKo9cDrGvWVaXAZTBdCUCCOklQgZKQeroQmwLy3QAHFVI3QrsGU9dP2C8CVJYBpAoAvnIgxECLUk8q1IPHow7Dt+W3tT2zcuG769OnX9/b2LqpS2EcBfJG8hyl2NDRK8xpNT0Oj+aZSV73pPZodb54OJxIQymoGc3lAjiuppejpazF72/cAfTQmEQf8vQKUp5ghdAw0cgl0PaZ5kc4UHmzfqpURtqzwSoRaddUDVz0wCkFBpKdlSitCJJJ2MtnOZDI5NxmNNbU6TnL66TMLsW/fBIolhpHhAkZGShgaLmE8V0Gh6HqXFGkKkk+UAmZ5GFwBhG8EBx+j1JT+UobjF3n8eAnHj5eQyeSw5uIUVqxIoa0thUQyhis3tGLDFdPR05PH5s2DOHxkHBMTFaNepr/rvN86OUzHScWsbEEvn7ZtaHDr6nJ5bC1NHYmk9rW0dh0FgJ6eCrY8N4mIAyxYKFttFM8gzNbMd0SybvfzkW6Hk6ZT7zfedPPRp59++onjx7vfIJLs37v3NoA9ouckrn4mszdom+Bd2sYIKTTqzVJtsdkAVCYNBsLIuYUDUnZqE0oUTEwKJuYxv4GyxBggRWmatQaFiOCkL4K2KGl54jSPKFknxkEdUDnU2mQOExo9r0bhAQA9J3qz//GTR9bt37fv+pGR4S7X5UinMxaMAACegCcMHCRx9S7V0lAPnQuj69XyT/W52rJzNVjro9d39F+KSBzSmTA4JBBwApTxoqPJCKQ01CxHy2uFJhgC9DFIL2uEqmOgEfnnXBlzIx2HKnXVM/DqhaOe7+daHwBg+swrnXh8hhONZhGPT0/H4tNmMhab6zixVnXrnifQqS1KStOxBaGLqLVZiwOYaYUkh6EEHRYtTmNGvKhXZzZeYponkWCY3xHD2rUZLFyQRiqdQCwWhcMi6B8oYc+eUTy3dQhDQyVFrI06hYanw0VhERzN+xVzMtAWAq/Nd+H4sW894LqlNtqkbNPyz8xqu3qzyO8wYMmSKF59ZQqzZ6eRTqW90w+zZPkgkUAsGoWjLR8QGkG4r8kEmdFPIk5E9/b2Zj/20Y98q1KpJEXm1asv/re/+tjHPaGAMVUGoONCWEcINky8mkF3PuQG1yUYtaj3NgGABg6u/GPE+GX6NwWrmVeiyR7P/W2skoFbhBHD6mEVc7QsIfmFpYMwfpolyO6N9ggY5XKZeeiXF/vVf/3na/fs2XPzeC7XWXE9K5EorlQuYcuzzyKfF/fb4BcAHgDwPOwnFjZijZ0qvZ9quVOltVOFVedDf7A5i7bLrtJuO5STESaBsj8DNgJpRlQpy/+vWj3anPN/xbtbAUYOAd9bIQ6qGoTn4yaWDKoq4+fDQhBaeJX8tmdTAgwr2/Q9OGdmXQVO23s1C0fYN0yfvs5JpuauYSzaLrZzmc6CwWD2vKl/eP/LI5R9KiHGCN1xQJUS7tcpDpCR5RFTur6iT7ydycSgWhMz5kShwHH4SBGHjxQxa9YoLlqZQtdFWUyfkUBLSwxXXzUd69dPw8GDY9ixcxTHjk1gcpKizr7TQseVYCRMZ6pGOqUhEjbj/3fm1KO/bwoDkUhq38xZV22WuPCZdPexMjLpPDZs8G5K9E4ypLsOPJijmh8BeSawKhxDCjWUsVAGwwB0dHTkLl+79utbtjz75+LD/v37/hDAI7Ro0UBl1ocvNwnhiW4RJDCCKjneIKEYlHTKR4hmuTSe1RhU9ctR6AMqlk4EbGKroBzPEPKFOgEQYP45CUH5RIxdtaYvZ4HqWG5Apt1SKEebloes9hC8SdD9PucqncxqlmOxRJBOo2OUc2Dbtm3tv/j5o689frz7ukK+0BZgAH6miBPBhUuX9u/etesJAI8BOAyP+MfhCQKAR+dNpzLg3JZdRZjKkmqtb9WWnatZcRtd/qD5gFmXXKVuOaSIlp2tosxncznAlGVNgSKsLDln6LjlRjpCmwOswwXGe83IakHDDS2uXs3YFmyOhraybD4A9TgHmmmrdbpZXljesLUV55V6bmpe6bS13zQ3mZy92rsXIXhhkh50gYCuy6p7FAQ5V8kV8zO3VQGBa1xrhTqT1RMyGQdLliSwalUa8+YmkU57Fw5xznDqVAE7do5i//5xjIyU4Fbqr1e/HKr+UCwOZU/2/OgBzl1te1brtEs+MW362l22xjc3M1z2qjguWZNGKpX2HA39uxLS6TSSySTi8bh3s2LEv2JZLtYLAU09iz7R74ewBS/+HX9y+0OlcjkrYtevX3/fvR/4i42BIlGj61gYxnS4giWp71VN+CSLWYr8pVJqGByBdpB4bqYnRVkrNJthO5tAhyWwwma0y44CG3OQR4dBW/eVwSv0Bz/4/urnt2177alTJ6+zFuvX7TiRfFtb25brr7/+kWXLVxxdv/YykWoC6hjjCdiPMQbOH307n2X99sq9e2wDoqlWdVbfuQZjINqnikpC0+qRjdHgSgHY+WVgy1+FWQhoCOBBrF3bmGY1DZyGWuvuYQCE5YWRxlaubcnB5rfgGGltdVGYwgQXc2DZhBX63WwjAGBsdB/GRvedjMWmDbbPfVNHtunCJdFoBmqZwOt55ZXMfNrL1VG0wpRuqkgAhNVBs0BwNSCDBI1sWaMUUzOBcWjqkaY2B7PqQaee4zkXL744iV27JjG/I4ZVXSlcuDSF5qY4Zs+O4g2vn4Xrrp2JAwfGse35YfT25lEquVIrlfWLdlPQfAZlX1owYPG/951+/D2mMBCNNm2dNm3tLtUwvayREReHDpcwe3YBHR0RRCIRecVyNBpFJBpFJBKFE3HhcHIuAPdOcGSapqDukbR6FAt/B6gx0HnBBT976aUDtwnYdu7YcRvnfCMY8Usgyy2kMN3fyYoVGG8sEBdYDjALEM0IIWDchy+gvwu4JOz6eZ2qfrNAMR7JePb/M5cjAmWQysMcuhn57gFjng2gtH+73KGfUgjuiYT0jIJt27a1b3rm6XUH9u9/U6FYUNYqE7cMmDlj5tauVaueevcdd24W0ZOTedxx51144JvfAPTtz47xBwRppEkba2nU1ZQ0k96G0UhbuWHvYRbjajTYBpeZT6W7s38RosnWQDWBDqX0zBgwVuHToJE2CVmLEK+M5DHrRWA8axK2WwR23y/aafY1LO80zq1H7mjUDHOuwWZtAOobsOfj+7mmr1YO/Y3H4zOibe03Lsg2LV8UizXBuzSJ3CdorJ0DIGZ9dZgLxP9UaPDTiiDMr/4HVYfUW8xrkqDnZdDr5eSwH6JUemXpcoMURphirpwDjgNk/K2LF1+cQXt7EqmUp11z7uDkyQJ27BzBvr1jGBkt+SZhaMxDHmTDDflawGvIMsxnHANnf3Xl2Oj+vzI7acbMK+9tar7oqJePrKOTNsRiwKquGF7z6jTSGWUlyPo3KqZSKcTjQX8C2S+ij1mITYDRviTyDwd6e09k//oTH7+/UCjKE+iuu+66z9x193s2m8XIMcDhe+sL3BnH+pKO05dJApTLwCPtbwKoSR1tqjSNM5bPPKEWSmiyOSWSMUnxQ+FW/WaRWkzZV+CIK6dIDmacp2AwBKNemoTOJbWkJwLDxscf69z54s5VRw4dun58fHyRRKSGHy8uEY/3X7zm0u/9/u///rPzOubnRCUC55VyBQcPvoTXXnu1yE0tBGLL2ZRuv/t/PDi48+wCxFu74NNeOTaEJUdMem3AoMqzShokRiQ+4CNgmYQ0aNI81/OLct0KMLgXeHhNEeqCo0EoS1HNvm9k22GtuPPNaKtp9f83BrMdxWJxoNjz8kNH44lZPbParl3U1LyyIxZrBliEaDFqcFBHL65RDyIYcMKkjSIkA4fB7IAgyST5BRPVHQ6ZxiRFIXSJjEudjWz18/OJcZ0b53hh+yT27itg3jzParD0wiyamxOY3xHHokVzcNVrZmLv3lG8sH0YZ84U/FsXqQDNA20WMHgAEgYBYGxkb+fY6IGPGP2BWKz1meYWb2eBVoZfmXgslYAzfRWcOl3CwgUllEtFlItxlOIllEplxGIVRCMVuJGI5+TGKbwMQtgQ/RAA3E/G6a+PyXkdHblly5b/dBc5rGj79u1vALDZg5dZGBQHDNO4yUR9NCrmSNRog73LvtVGjKbNQAGvvZOSjP5ihGhK4ZQIJKY/h4BX0k+TrgJkDOuCM9mdqvevcGaUyDF7hlRA2qtZosT4h/Bp8N5+8IOHVx8+eHBF9/Hua4qFwkzpHBjAn3pvb5/zzOWXr9341ltv3SXb488hulwjDil605t/Dz/9yX8A3qE0ZXgCQBzKmYyajP9foatTDQ7uONWGREuX3FEAQLOGwngGyICp9mz8hn3X4s0BAMtgBwLCghiSnAFuGTj2E8Dr5zzUMkHN8wdsoIkQtk5fK5wvj9Va5aCOsuqBpRGfiUa+1Zs2YDEAEJ3Zdt3MGTM2rIzFp8FxvPV1yZBBGbLOxM0b5kwpVd26p079ox7NXrnmboJgnZDEVK2/UqGCau/eN2HpAGAKIcTUSjXiWTMjWLkyhRUrMpg9O4VkMo5INAJwhiNHx7H1uSEcOjyO8fEKQa2+tz9Yj1f3+Pix9v6+J75iLhUwFh2cNfu6j6Yzi08zwGBAwd0XqSSwZk0cV6xPI5lKIZPOSF+CTCaDZDKJRCKBaDQKx4nAcYRzoSAyuje9ycj1nQH6RO3pOZH9yw9/+CGQbx/44IfuWrdu3WmKV8UtmRQsRNsYEzjTrUoB3FE4tDHgwy/WoCTDV2OBjk3TAqWNNU4Xr4hgK5tA04IIOB5A3Bhzot0kiQRIOdqSBlHBgkBPT6NUDaLLC/pc2bZ1W/uxY8faxnNjmZ6ens6xsbG2kZGRzokJ3wJgBrNzORBPxPsXLVz8xM233PLkZfK6awUPI6imfVQpV3Do0EFcd83VonSblUAwikasBOeLdteb9pWgtea7g7v6FyDR0uVFaxw6KLxKrYd2mKlCwRy0FklbJiRFVUlrswgYM0s+uxUg9zLwnc4ivL6m/gPisqOauItaEkxleaCWU2HYmlI15gzyjYZavg21YDHLscFoLlVUQ2S1b9V8Hcz8RQDF/r6nTg8NbOmfNn3tzGnT165MJGcBiMt+V4KiWjIwxxYII1cSpEijJFLBFLzyLCfskfGvsqnDgMzkuuDLQp6DaSRt9cd9/0AFv/xVDlu3jWPxogQuvTSLhQvTyGTiWNKZwgWdGQwOlLB3/xh27BjG6dMF7ywGwpBMgUnEDZzd9AlTGACATGbxv2fSi07Lg5EYzOmuWUkm88DAgIvJSReJhAuXu3BdF9z/Y377HMdBJOIg4jhB/DYa/OwLFy7KzZs795mTp05dIz49/dSTV1xxxRWPhOSsHsIW0OvJKv6z7c2uN3+NmFoF2HM0UA7XfqqGbVu3th8/3j1z7969FwPAmdOnuybz+bZCPt8WlifU4dWPjsfj/bPb27dcffW1G2+48cajPvuXEMl3wgeosAsAkUgEixYtxp+9/x78yz/fD4RbCcLW08P8pGx02Qy1FKwwnyxb2lq0Noy+m3WE0XAH7x1ejmi6E/52b73jjXEshQH/mRIqmYYbaQxtnmr64t1MI4QJSrgYTS8zWyRC7vkO7HtAtLUI5Ugq4oAgngM4ZLAzLVgSh4VaA6maE4rt3azbLNusO8y5pJbvQdjgFqHaZLE914In7LsZp1kM0pnF6bbZN67OZBbHnUgCDBGi6ejMVmmDxkl4YcKsNu6FjqYk0mr71K2hCmOR98obJtagpghl/vfb6TgMc9rj6OrKYlVXFrNmJhGPe8cFT0y4eOmgt5xw+Mg4JicqAQFaaFY9L//gQ6XS8DUmbNFoZvv8hW//VPX2BJE4b24EV70mgws6M0ilU8hksmhqyvq+BBkkUylvx0EkAieibsQ8H+HRRx/t/OY3vyGPWs5kst3f+c537jlPxYeGc2bg51r/b7C6Bx98cHX3sWOL+wf6O8729a0pFkutlUolWQW6usplzHFnzpzx/Nx58/a86lWXvXj99TcczReKxLITpPkAVRj1sSisg65bwcneXqxb+yrxaQLKw9xmJQDqU4xsjN2WNyy/mbaaomd7r8Wf6snvPf/Z+Ho48emAo5ivCFr3kW8hSrlmcqMaRNX0hlkoYO71rV+BZ7MsMjjcMjC0H/j+amodGIbqe5f82fiejK9Fn8IGhY3RAXYGV68J6VxCNeGlnoFZTfioJiQ1Yj1ppC3mbzwWm5ac2XbNguaW1XNjsWYwFjWYteB+Sq/wNG8WPkCh7AtkJ3owETEVUEcz/bAb+HPCAhMtjz4KqVhI3tL8TI8x9r4Lb/FMhuGCCxLouiiNjo4UMpk4olHPoXpoqIwdO0ewa9coBgeKKFeoyQ04fuSbP+RwNYLOmJOfNfv6ezKZxaf1blBmWj0oOGdMY7j88jhWrkwhnUohnc4gm80ik7UtG3jnFniWFbKFlIvjbYNTUTn/UYO6Mr6/8x3/41uFQkE6F37wgx+6a+3atadN87ulWUYUHQMGbbKVI7kVoDyiBb58KAm9I50cBEEIn7Rc0X75ZhuLsIwl75wCr0rqEMi10mwGjR88/PDqAwf2r8qNjbWNjI50Ske/aqHKvKIhnc50Nzc3dy9YsHDXsmXLj9xw4w1H1RZifYeDglRfrgsFgQPyxkUAxVIR//vHP8IH/+IDgKcpUgZR66AiM9Si++cjnKviacbZw7uPRZGZczOYMIoz9VuXUBDSCXRoi/mgMW1aF62Dm9MiVJmqGjgHisPAL94K9DyZh9fPo1BLBXU5E4pQy6nQZsYJM79XywO88gPKVmcYPGFmqLDvZn22b40ICWYeE16zTW6pNJQ/1ftI/vTJnx1tal7RNnvO1UtnzFgI1016B/r4kqrGWMS6N9TNd5Q/G4oGoWl0XVZZGiTjoINc1qlyC69qujyhGIWqUDtxUBkmJIMwjzHm3LvBcNeuPPbuzWPWrChWrUrhohUZtE5LYNq0GG68YSZefeUMHD4yju3bR3Ds2DjyedevxQ1od8nk3O+l04tOi/JF++TKgc1S4uMyX+AYG+OeZcP/c7kLzl2PQZF41WjSIL8yiSWyBEQOIZZCHdfycMyZM2fL8e7uNwjMP/HEE1dcvnbtI1Y9XrTBpE02AdE8KVDJmvJgINC+kd5z/ho31w+tksDbNCCpYQXHi4CBEzg0pU5rjn5/Aaf4IsJoT29P9rktzy46evToBWfP9nUODAx2FQrh5n4dWQRXxnMikehPJJN9sVgsN2PGjKOJeGJi0eJFRzZsuD2tHrwAACAASURBVPLovI6OHN1C7DWb4Bakf4RgA4pDKl355fjWBGF9Zj5yYrEYXv/6N+BrX/sqDr70klgqiMK7+Y4KAcKcXI1e1aL75yNUo921YKlFp7249/Q1I9F6lVwiEEEyZqbhVo5RKvQSxcIu+ZH8inj45WrE1BAiRBpVRNB8SyVGY25XCsDhHwI9T9JlAvpnw42OHxIaOanwXENYh1dbe6onfS0TVz2CSb31VUtnphH5auWpBQ/9nue85IyO7Do5OrJ78LI//pMFt972jrmHDk5iy3Nncfx4DqUi18YYAKldywHnD3pzOSA4zNWVrEyUY9M6ySSRzIwZRA5EsNA0IgWHeboghUNc8+zrVKhUGE6fLuP06TH8+tc5XLgkiYsuSmPBgjSy2QQuXt2ES9a04vTpIp5/YQh7do+g90TrM8WiWjKIJ2b8rH3u6x/RroAWLSDwKxwIJujBk0wyNDexALSqEcF4Zn6SDIxL7FkNKmJLnKQLDGsuWfNsd3f3G0S6kyd7u+CfXBjgXYwF6JnsSXKMMMgTOdwQ0mpDBBh9JFCCxeVjcNWKaXlkGi6GCRljQo7QoohwK+EnVWuB4wcPP7z6+PHuxSdP9nZNTEy016X5hwTmOOWmpqaD06a1Hm1ubu5btHjxkWmt03I33HjjUR12BTCHWCYjuzWoLCWf1SmhpnOjFyesLlzHmZw/Kn8qncZXvnI/brn5RsBbekzCoyHCp0CcVSC2If6uhKkqjeGK1T1jS+Ekl3jMmhJGYwBRocCcz3QiyEnk55MDlDJ841mWU8czDVRgAXSBhHPALQFnXwCeeS/dVSAcSYXPSD08RoFih8Qapqr51vJLeKUsB+cTnnOBsVrZYQ4xYfVqywgXdXWlP/yXH1l/2WWXI58vort7BDt29mP79gGcPj2JigsyyNWvdmyxtqYlGFIwjxiI9AQD+Y0rD3JNUiblhfkiBE2jRA1kBjzGyXlMI5je+QDz5sVx8eoMli7NoLXV8zVwnAhyuQoOHcrh+9//4ZWnTvYtAkv3tc1+7cYgZ1EEmNYpd1X479EIsHx5BFduSCCbTSDl7zTwlgwySKcz/nkE3pJGJBIBE/cbyPKhaYUSCqlBGoIVySfC22//4x9WKuWkgPuh7z/8RqqNy+UDLZ8u2Glf/CUM8UH1OKSsom9hNLUb8evnknZ7f+yR/wOBKGZeDv/YYqq9+eOCUyDBsG3bc+0vdx+fuXff3osHhwYXjY2Oddat+RswgAGJeKI/29R0dMb0GUeXrVi2e/Hizr7LLlt7WgHHAjjVd4ZwHR1mKk4FMIEfgTcjj1GVsAbYBAchJJRKRXz7f/07PvU3nwQ8xp+DvvOgkaWDauF80vRGlmCr1/eufVE0L77ZO1+AkFeJM1Mq9uPoOye/zHgPC7pjVgh54XRAhHd0tcBdIHcC+NE6YLIvD69vR+HtLGh4qUCC7/9OxdxdLZwrA8U55m/EwtBIebV8FKbiV1DPs5lX/Dp/+mfvb33nu969dsaMmSiXyyiVS8hPFnDw0BB27uzHzp2D6OubRKVCBU26zU0fmXIrofyP5PHj9AtY/NxkDZlc1aJ8AYR+aGiM9HAhJXgrFUg9KuYiTvzTtzOSswgY0Nzs4MILU1h1UQYd89PIpP2ti2A4cWIS27cPY//+HIaGS1IQoVvwlEatiK+wIDAA8+Y5WLc2hjntcaTSvkCQ8Q8nymblhUfxeByRiHeiIT0DgjI1RUME3uBfmWwISjKV8iR47913f250dHS5+Hbtddd95m7/kCJ1wBUt30BxgGqRdFL7UWMAcnRwLV60SWdMpGQLrQvbRmeBRMgYePzxxzrHRkfTR48euWBwcLDj7Nmza0qlYg1nv5DgA5hOZ7rTqVTfnDlz9yxavPjIrbe+bZc33Pz+ILIIDFzKBTM6l4RgYwgIWoNkq3ThULvzwBCyuCpYJvDGil+OcUPW2NgY7nz3O7B582bAYxLmkcbiwCIqFJxPheh856uPtt4z2o5o8lIIbT/A9Ok4JQqI9XtIXtOsL8oCJO0KpKPrsLJI0tl0KU3UFxwEHgom+4DHbgNObhLMXzgRiv4FwZWtX63+F6ZAYD7b3uuJrwaEyTyB2gPQ9Iy0MWCzDdXS1qqrHgtCPb9m28LKMUM97QEAJ5FIOJ/7whfn3vK613clEgm4rgu3UkGlXEapVMZYbhK9vaPY9vxZ7Nw5gLNnCygWa8wpX8vQTyEM2xcvBAFjt4AY25qGbx/q+qTj/kefaULwGSogKDiEGY2mkYQWQCLG0DE/htWrMujsTKO1xbt1kTkOcuMVHD48jh07RnC8exKT+QrUUbd0gkJrX2srsGCBg2zGQVtbDBcuEbsMMshmm5DJiBsQk4jFdIGA+mMwTrVvyngDSAn2ix8+99nPvnH7jhfuFoDOmTPnmS9+8ctf0JgQLYIIUaFBauE0XQ3NxdTiQawTWsHmKz0vgKGnpye7ZcuvF+3bs/fiYqmYHhoc6iyVS9lyuZIuFAptNeGoERLxRP+06dP3NDc3n162fPluscavRo7y4eC0XZqOL4YID6BR0XyT0eiClzqimQgRUFlE+UEc+jjzEysjmoJFxLmVCo4dO4abbroBkxMTQPWzCQA7PbdZMMNolgi1FKdaeW3xtrL09zsPRZGdcz1YPKrGot932lg2mL25jKClhRoDVGig32xWAU5ebO80sTY0bAI6CdwF8v3Ar+4FDn2fnkgofsPOmairH6vU3HD4XbAu1Fs+qtTRiE9DvbBOxWpRy+IghYJly5bH/+nzn+981asuW+Q4DqSDm+uiUqmgVCqjVCpicrKAEydGceDAIHa+OIjDh8dQKlLNk7BSybiUJi9GtvJG90mnwTSloEyYAuHx+qjjnFxXC8LcCY8RmprBDDWh2ViW4MbcYwxoaYlgyZIEuroy6JiXRirlbV10Kww9vXns2DGCffvHMDJSlmWYwj0ARPz7T+bNdfCaV6cwd25KCgSZTBbZTAbpTBrJZNBCwAyhhQZtOYDigKY2lIWeEyeyH/nLDz0kUkQjkYlvf/fBt+k48IQbqlwyyYwNnwCTAXLVNdWCkDHMLXFmbnl2pW+NefzxX3Tu3PniqpO9vV2jo6OdxUK+LXRJocGQSWe6m5qbuz3mv2L3rbfeukvQZWqp0pUwk3nocItMSv4kc0Uyeb0vuX8csrQ0ECuAzk+oEEZno1cWo8zDFwCo3CH7kQgh5XIFj/3i53jP3XcC+q4DIRyIQ2uoP8Hvkl9BfeEDowvgxFd7ZJEwfnMYcfIrtHWT0VPJzJQHAUPIEFlphxp1oVo6UyAAmfSMdqYXCkPA1r8Fdt8v+pIKA+YWw4bD/40Cwfn4DtSv5Z9rm861jFoCCQA4b3/7n6TvufcDVy1YsABiBHPuER/uuqhwTzjwLAclFItFjI5OYt/+QezeNYhj3Tn09xdQKnFUKraRTEatbQBbfQRsEnBImbWCLSnRjuhuAI1mWr7H40BHRxyrutK4oDONllbPauA43rkGhw6NY8fOERw/7l3JTE3vYtkg4jBctDKG665NIZFIhAgEnoVAbDukFgIPbXamVxNdhrDwvvfe9dmRkZGVItk73vmue2+66eajht4TLC5QfYNM2IAjrAzanm3btrY//thjV7984uX1kxOTHW6lkjRFhiAFrh4c5pSzTU0Hp02b5jv7dR5561tv3aVZbmWpoi8NX5oqbVPLagiMOTEo9HsfghqkXB7h0H5peV4wBRHNrmBFUzVMcc5RKpXw2c98Gv/za18F7EsHpj8B8NsTChqxwLr4szNZJFquUccPE01Cvhs1UKEgMKFo3xn0rlo+W+eGd7Y93oRRo7EukB8Env0YsP+btvMGzstdFWG7DKbq3HEuaae6dmWmqWd5w4TF9m6LrxduGs51YlVbepFmn+9+9zsTF1x44dbbb/+TtU3NTWBw1Lp+xEGEc/BoFG4shmQygUrFRTabRVvbNFy5YT4mJ4s4e3YCExNF5AtFKTy4rn8CH+eYnKygXFJb6TjU8/h4Ba6AkAxkt8JRKHD1jYRymaNY5LqQ7gsyhYKLQsFFPl/BwEAFExM0ha47CcKsroHWZ5MUEnxmXCgAR48W0d1dREvLGJZc4FkN5s1LIZWMY83FTVi9qhm9vQU8/8IQ9h8Yw+hoWWN8LS0O5s2LI5GIIxaPIebfdhiNRhARxxWz2kKAfhaDQJ52wLSuKWhEyYtub5+ziwoE21944eKbbrr5KMB9B2nhFKnKV/XbrSCKv3FlafE1J7WkoUsD1JpBrTnbtm5t3/TM0+sOHTroX+RjEsEwiq2HRDzRn0wm+2a3t+8CgGXLV+xevHhx3+X+Eb9cthdSu+P+yZpyv78AEIzgQ28/tQYo4xXtESbTa4xE4tr7qBzTZQ5aoBoLcpcH5Dj28EfxLr4r/Ab9CZhML/DPmLcV8f333IsnntiII4cPix0Htr88zk0pOp9pw0zeXvwf/peDBVevgROb62HE0O7Fs0SYReiTw88fMIz0pS2dGSdlOMrkSfowocD2XQTxrmk0LjDZDzz7V8CBb4nthfSa66kIA1b825o6FY3W1LrFs628ep30wuA6X2b6etNUgwNV8tfjH3G+LBDy9/5/+Wrbm3/v9y6Nx2J+50ryIYPHxMWvC9flqLgVVCplVCou3HLZEwhcF65bgetymVYtR9B99z5x8wlcmOarBS6IGsDhwZCfLKOvbxInesZx/OUJ9PbmcfZsGcWiC+q0pjMuLy7gDEi1OAKTF2/e4QDEY8D8+XGsXp3GkiVih0Ic0UgUuXEX+w+MYcf2IXQf9841WNWVwc03T0dTNopoLOpZCZIp6UyYtDgUms6Tgdsayb0A1IdDMCTxv8HS8YPvP7z6Jz955B9E5MxZs7bed//9fyf3vlOmDZqZ+ImIoSIFBxj1BzuQZguYvsHww4e/v/rXv978xv6zZ9fra+HBVojQ0tKyL5VK9wkz/7RprbmVK1b2dcyfn+M68LIMujxk1cQh8GBrgWLggOIbGj0m32m9mlhKrrrW6vBhpreUyjK4WgwQR4IHvAbkkFBLLZowZljm1Hzw55Y/bVzuYu+ePWIrYhnKQpAjf2LpADhHTTMk1KtcVVccPziyAE7cu4eAjl8hDGjEjsYbkpUpSEiEgZRpEArAyMP0b1bPWMu3gPQNlUYbJy4wfsrzGTj6v4UwQP0GhEBQq7/q4jUCwqmsm9fjPNeo+R4h77R8m8BRLU2YQ2Ktuhotw4Sl3m+NwFetLABwrr/+huQnP/WpNcuWLW9V409pNOZ88eI9Zs4tf+K7fPYnjdg3b6azBaUJeQSQc458vozR0TxefnkUhw8P46WDwzh9egKjoyWUSpSBcZ9Z2mRXVb753Xq0c2h+NTcdB2htiXg7FFY1oaMjjUw6gWgsBtdlONOXR/exCbROi6FrZTMYY4hEIojFY4jHE0gkvD9tu6EvDNR7DHSQ8QlcEAleaKB+zB//0dv+U3yKRKIT3/6O50dglkMZVH0whGnxFG+6VnXfV75yw0sv7b9ueHikK9gCFRhz3OampgMLFi7ccsmll754ww03HhVr8EFBhMsfqgTaSlcCV2jrrDHMfOJmCsWQmYmWKnygVhBWIgsqJYOvo5SQstX3SrmCf/u3B/D//3+fAurbiggE6XgYvWqErtaicXba+8GRZjjxV2vLA6p5UMweRjxJS/ChmL35zXw28E/7RPoTEEGCGWl1T1FYhTndfOUFtwSMHAU2vRfofUYsE0zA21oo/D/oMdS1gk0R1fojShLSTqimAdvM6mEV1wLUZuqvpXmHwSNCrSUEm5BSrQ1hQk0jlo2wOmrVHVZuaD1PPLExv+aSS3a13Tn7qunTp5OBqA720SxW8JimMikHg6YJ0mfNXBwuDHhLAGUcOzaEI0eHsH9fP44dG8HJUznk8xVQjdh0TBRmNrqtUJhT9e2P3gRTWiI96IVuf4ThZ0A1SoZKBRgcrGDL1jFs3zGOeXPjuOSSLFasaEJLSxJz2uNYMD/jLQ9EoohEo4hGo4jFoohG/aWDmLd0QP0GqKWCWQgEJdz0SWqvFuJBFHK0NLfsE8sGlXI53dNzItsxryNHaaRgeOpERK/h9MAoW/8pCyxX5XDZNQDzdgf8x388sm77Cy/8sbf/324BSMQT/e1z5my5+uprNt54001HdWIqlqJEYLJWuRRAlSpiUWEquY5BaSWBr4UrxJp+AOLX9AfQhEsFqpclYJmwSypSiJEgK1yawk2oP4IGu7AoKXwwgUPVS7I8xhicSAS3/dEf4XsPfheHDx8SBxaZ2w4Bj+mEKXWN0PupptWfP3Amjlj2RnXssGwYeSESmphfFI3iRb4z/ZtxroWGe9Hh8sXSx3Jg0axmmSpJoA0ivRAMKkXg7A7gqXcDQ/tNnwEhwE3VZ8CGaxfQfQjq6UxbsDnphaU73yaoqYRqcNbDfEOlK0uac1neoH4C9QYXgHPfV748Ma+jY/tb33rrpbFYzPtCiadPDIP6H4PGq0ScTGE8W0yklGJyDuTzJbzwwils3vwyjhwdxshIHrlcCcViBS6nZVqECmZMeELshQYrb2k0rRRyoptlU6GDeLwToYNzb0tgscjR3Z3H8ZcLeGbTCJYvT2FVVxM6OjJoyqaQSCYQZwzRaBSMOd7ygBQEjNsNub+bghJtUwgg70JQo9oIk+2hdyx4v+l0uo/6Efz80UcvvvPuuzYzX9ChVgex1k5A0+EApWkij0cIxbY8MKC3pyf78PcfvvrgwZeun5yc6NDPAtD7sr19zjNr167b+NZbb90FUTZl/qJQkAOgCLEM0GtD3qBr6prQBVWHEgbE+GVaXygUqbGh4URayRTemPZuisw+LGSu0BNxpWAgq7AIAVJIEYKDEty9+hUD4xKHZLxTxsSATCaLz/7T5/GWP3gzYD/FsAx1iuFvkmYHFacPDsYRTVwDFonLOIqroIai8+rAjhFNWgyWAZJWm3tBSqnyE2EihBwqiZY0QhMyjFCaAHqeAh67Fajk6TkDwqJTy2dgyv0WRZB5NepUMlXGGpZ2Klq2Wc9UHf3qgTFUumoQBlvZYfWECSEmLA4At1gsOk9s3Di8du26/JIlS5Jq7zvIeNelXJ1uMEU0NfVGSy216mAQh7lwJJNRrF8/F2vXtmNysoCRkUkMDo5jYHAcZ/vGMTAwiYGBPAYGCxgZKWFsrIyJ8Yp3MZHQnKVWaO6hF8sVTGoF9H4E7T4ACa+KUWcOyDcdN4QYDw2V8eyzY3jhhRzmzo1j9aosVq5sxsyZGaSSSSRTKSQTCcTJcoF2qREVWkSVBu2X0hrBu8Ajp+qxhfIsWLhw1ylyHfLJk72LGNhmwQWV9uoVarA2BYHPTBUZJMIIGLZu3db+zNNPrzt5srfr7Nmz6+1U0AuRSCTf1ta25a1vu+3BtZd7p/wJDVrPRQ6g8t9lN2mCi2E9soqq5IhfEH1Odq6CwSxDHQ1NrSIgW2WF0GnkE+UoKQqC+VCnQsoXuCyIwkIcA0WZvmAke16OB+87cX+UdXrTgZTLiFDEGC659BK88Y1vwn/+50/pHQdFKOFACAhhVtJ6lUAz2JaZTQdpBx8dB4ANYE6rLg2aITCBVLw035AxLs05pnQJ1TFUELCtr1KaYX4znQQ5SW9a+fxPOoFzvZ0E+74BbPm4ENDEkg69nMq06JjBtjRTFy8Kw/QrGep1LHmlypiK9+y5lHGuUnaj+R3/Dx//60+23nXX3eszmQzEQThBJYQSDhCp1WcEYoyDkliVRGO5VGAmGjs9E6FSqaBcLnvbH8tllP0/sauh7Ds25nJFjI4UMZYrYWKijMl8BeO5MiYmyigUXExOVlAsuSjkXblVslTmcCselK7LUS57zo9hgTEgEmHyXIF8nmN83EWlUmP7ok+2m5ocrFyRxpo1LZg/P4NsNoVUMoVEMimFg1gspgkGmi+BWKoBIycT6ji2au+kSR5943j8scc7v/3v35LXITe3tOz76le/9lFudjhVawOzn4gJBJyt27a1P/P0U+sOHz58/fh4bpFFrdJCIp7oX7ps2U9vv/3tGz1nQKppeVCrg664Rl81fIuU1JGOMGVpr2AKXk2ThhdhnpYpBBN1CqXuiKhkYMUkwrcVkgcmtjEqcUHsOrAJALrvi/9NSiC0fG6FQcMhZ96OCnKJUgBrXNV74sTLePWG9aIW6rEedmDRK0/D7jkSRWb2WiAyXWfIXDFXOjhMBk6/gcZTJNBvtAwjjxoERj4Y9Vjg0PLS+UZhNH6Fv8Cv7gVOPEb9BegSQdihQ1MRyqyhUYGgEefD34VQzRR/rmUA9eHityEQAICzePFi5wtf/PKiKzZsWOr4XE8xcK69AYrhe0qOqUmZAq6u2QBMmxPyGlqRQqwPG39iW6PY2lipVLxn1yW7HFy4Ff29UvHSyHyui3JZxXvvXH4XSxgaI2OA4zA4/twuFlwcPjKJrdtG0NOTR6nkBnClt9nTuOJxJq0GK5Y3YcZMf6dBMolkIol4Io54PI5YLBbYdWBe6BT0xlc0hXadzo49xvI/3n77D6nZ/rvf+/4bZa8Smsr8Ar14XePxmIoHxwPf/MaVe/bsusazBNQKDDNnzNjatWrVU3fcdddmm7wglgI02uw/aEycMgAiRMAYU4zigwihZGFDK0MKEUwxbZlKCHxgAdwqYQoas6XwAyAHW3LSR1VILJGAtMv1NLD1FnMiMCjhm6k4hQZLZQoe13Vx31e+jC9+4XOAOrDIZD6/mQOLPj4eBWdrATZdRTIdEVwbpEYBlBlDZ9T0u8CVLFuks+SVaYTgYAgoMi/Tn811JNkEZh8KnAPlceDkf3vOg2PHbQcOnZczBuoJjQoE5ztMhWHXYry1zOth2n2Y6T7sWz3l1APbVNsRFhz6e8+f35u+9wN/cVVzcwsExZHXAmlmrCDT061cTP1wqkGbGhORnsN4qUzKQ38b/3PJ9kjuCQvku2ImdudJKqBMTBRx+PAoNm/uw569Q5icrJCEqj1CwKBLD9msgwuXpLB6dRadnU1oakohmfSEA7EDQVgNIpGIWlKAfj+EZHYEp9KgzH2mRLQUDo57//yeTw70968VoF5z7XWfuePOuzbTsgQ900zipJrHH3+s8/HHfvGWvr6+9a7rxk3RwwyJeKJ/4aJFT9zyutc9edlll5/WNGChuQoGahkmQXxSqKiIqgQbzaRAGwNDiJV4g2wGvW9AhyfMKZBLQULBKYRBUYyUFCzY0itSb3R7p4LXvj1Twacjy5Ai5LZcij9GUCS+e899fWdw+asuEZXR44zNXQdAfcyoMU31nsMOsu3XgEV8IZZ2iHgwmTcIjSGcN/Bs4CnQMZY4KYCY9dA+pEKBCZtlUkkYEJx0vAJM9AF7vw5s+9syPAGMLhGInQR0iaARq3TDFux6rj8+H1p2WKiH8de7BmL7Xk2yrebjUI3Bm2XW4ytRzf+gVtowv4KwoAkr//ZvD0wsWXLh9rfddtuljuPomg1T2pC8BIcIsooAcaVZciaPGtZuo5MOWsLCIAuWL4whxOeABqpdhSUJMnd9a6MQLOg3VahWNtE6qVDQ0TEb69cvxJEjw9i0qQcvbD+LgYE8UUbIejZhFLmcix07x7Fr9zhmzhzEqq4MLl7djLbZGaRSSV84SCCRSOpWAycC5jA4jmWLov+srl8mzxD0hWHJkgu3UIHgpQP71zsO20ybazJmBqCnpyf7vQe/+9oD+/e/ybsvgKS1SHOO7xuwdu3ajbe+7bZdAgizz4QvCrOUwbTxAYOIqo+MfDRhD0oZ+vkS2ot2iZf6kbEsrLUWzS6QiEleYs1fR+D+fNRTBxpL0jO4risFdC9SRyr3tVJh/aAaLmPArFltuOfP78X9930F8HhBEh5TcsifcDAEpu6bpYdP5JoBtgFgUcVUfTpDn02NgjJWypTB1bPU0LmkcZokaSMspmIkO5ORMkj5oDCKZ78OU3gByU9NfeU80L8D+OU9wNnttvMFhEAG6MJYvTyg0bS0JeclnA9TfD3lvNLfzzX970qQloL3vPd96Q//5Ueuamlp8WmoIBhBoRXiO1cns6l1VjIxRZyfXheKBWXUJ0wiFkM0GmmsFVYiq4LdPCq/1noMFOYpBsrnoVwuY3KygJ6eYTy7pRe/+lUPuo+PeScvShoRPMVOoM5xgOamCJYuzeDSS1uw5IImZNLewUXJZNK3HMR9R8SYv12x8bMLAODEiRPZD9x770PinTnM/dGPfvzmauj5+c8f7XzooYf+wjtBsCp2MGvWrK0XXrh0ywc/9KGNdQN1TiEclur9/hsKdcNgT3guTXBdFyOjY/6bvgsBEMKAdt6ldnu4EKiPd3fjqtdcKYo9H1aC8HDvoSiyc26WpIlBF2I0zZvSDqZ4vgjms5QLmM6rTclPPlviq32zlUfr1dpQJXAXyA8AL30b2PLXQCV/vrcUnlOwUZtGvBLNfLUc+c5HOaijrKk4FU4V/vNVTrW0jeDEzOc0Nzfj7//hH9vedtttlzJqJQBAOS7jygkKMAUG42jgMCFALicYDk7ych1VjumkR2FS/ja+VQL6yX3UX8cAy4NW2wIm2kDgI8seVAOlfgaeT4NwhvTugBjPTWL//n48+VQP9u4bwthYUQKgecETuiRa5jjAjOlRrFqVxsoVWcyZk0EqnZRLCqYjovI1UFsYNYWaBdv8nrvvvH98PLdILAtd6y8bqD708vT29mS/8Pl/ureWf0A8Hh9ctGjx4zff8ronL79cLQlQpzUBl+pH5QUvtVMztT/WRIcGxpkwn8tOCZIqtezALfgQ/QFjGUDzlCHIFAWSOAGv6NNAxTSK7EwIwGDkl6YqZiwtEzdB0mR9XCr8ajdnGvgVViyzSrMNruvizjvehSef2Ag0dliRLdjp1Cdzi+CiK3CgkICRU02ctNO3SAbM9lbmbmjnYFBr+kKgQ1MCIAAAIABJREFUIM8yjYkXEW8bszRfDXj0QeD9ViaBvhc8x8H+HeYuAnrZVCNLBPXyiWr5ZIgYCTj5M+PrKVykNfNwko4Z72Z6Rv44ySPmjYvqMNWCRcqSRtkUqfRbLXyY30zhgBvfbOWbsJppa7XVrENra6FQYLPb2/mGDa9emEgkIM1hzCPYQrGgTIeOfQ9BhABSE7YoB+KRfvOTC9OlUY6W1v8Vh+YwMJPmet8YZegKHsrIRZDWQ6itdFq9Am6LMCAaz5hnxo9EIohGo0gk42if04RXXdqGiy+ejnQqgqHhAiYnyxANljg1BB3OgYkJF8e6C9i9J4dj3eMoFQuIxUqoVEoolYoolUpy14VbUcdCy2UPQOGVqfoE892zZ3e6r+/sGlHn2bNnOt7wxjf9nE4gxjj+5pN//dH+/v51CAmJeKJ/xYqVP/inz33x01dffc3uefPm5QR26OTUyhVCn7ZFUgGssXXC7MCoMBq8Y8DLTDknJ+2GHFvecKT78XXce/hSY02ex0DKAYfndKiRISNoA5Pr0ZTJGSqkOEhLtzr7Y5oKkYHZ7n0UggwVBlRBep/ok1gVI/iuSgTMmjkTP/7xjwCPH5QAVPzcJXhLCNyPM7vdpNOK9ny8P4prPrkaV//1ZQBrA3OgiIQJOlO4EJGcxBvt1BqkDQKm54VoLCffaTEaxoxgq1sIKqQQKXixIL4lmC4wcRLY/S/Apj8Fci8XAYwDGIC6nGgcwCQU7gUuTRybvwIKVElj9lVoWhsmRPhdMZVX04BtaRwSX0uyMtNM1ckxrK7zuTxR7xKLDV/O4s5O5yv3/XPnFVdcsYSuE4T6FFrnCWVAJB19NecRKStQpPBFIHOJMmblLe4TTcvENc/pZ9YXkpZQS8V8jIZwJUR4oHCZ39xCWSqV0N+fw7bnT+OXm3px9NgYisWKFGwo1PKcef8LADgOQ0tzBMuXp9DVlcWCBRmkUykkU0npaxDmiMgoMfQb3NPTk/3Ex//qW5VKWe42mDVr1pZbXvf6hw4dPLh4dnv7mV9t2vSWgcGBywLIhCcIrLnkku+9//33buTEmz10bPAA9iBQpiljsGwvFNCL8cHJV85VOinMmecVKLwGtXABBBSjYX753DJOeUCcDBnMwdZyjcPb0hDBxK9IjQ9YTfk2IUp8U0KBUY8lv+2VSgacc4yPj+OiFUvFR9ttiKYJO5ym/cWhKLLtN1c9Xlg8a8IT/UYFKhEvBhPXywGgWwKMvuBm/eavpYNFvGmZ0rqdGeWI8ULjOVDKASd/CWz+MDB8gPoKiJ0E9Z4tYIZGeVVd/KPagm6YvBMWTM250XczPsxiESL7at1j5rGVb0tjy2OrL6xu2zdaZ61A2x1WVq14G77Y8NAQnzVrVn7Dhg0Lo2KN2iRs1CxtSse+NYFSJylXCK2dKWSJeU7L8p59KwBj0qIphHg6n/UbCoPMuSZyqGLABYzQCYTIK5mXYNj6soJ09pLr+o53m2Ekgmgkikwmgc7OVqxb14alS1tQcV2MjhaRz1ckoxK4E3gSbQQH8gWOnt4idu8Zx0svjWF8PI9otAjOhdWgiHK5orZkagKKajAD0NzSXHx+27bpIyPDksJPTEx0vPjizlt6ek6sP3Bg//WTk5NzbThcuGDRz/7yIx/97Guvv+GA1ieSL3r4UVv8DKmATBXR7wwe/j3U+/jldMFB/6XHUQvaqi0FiDFGhQdStxA7hMOrKAd+16vtl5TpEIYt6hEVa7ARmPx2c5OZ+WCJeya88w78+kBwynUxgeJOWADoEo+0BhnzKsyaAIkNtdymfF10cOPxGM6cOYM9u3cDiilVoLa7iW02FZjAivCpsZm4+mPXIdm8xLMGEGIRkOIIDKbQRcazTojoLxEqZLSJDKaXJZ0CAc0cQ+HS4KwGv4CTTBIBgwiVAjB0AHj+74BnPwrkz+bhWQEG4QkCI1BLBAKvGgZqhEZ4RLVvWnwE9TOrWqEWc62H+QJqsNXLAM1gmunN9KKnazFr01xvSxdWl02oqTfQMmoJI/UESdU65s9nr3nNVYvTqZRitv6kEFqYWgYApFMbOfBEFEjnK/Mnh2CqYrlAMFElUDCZXzaM6eWZc0uYwykaNP8E6djowS6nMacn7oULEYz4EgjmJb+ReC5LZhImx19OcBwH0WgEyWQcc+Zk8apXtWHNxTOQSjkYHS0ilyv5sCiiLpApeA5nHJUKMDrm4siRPHbtyuFk7zhct4hEouwJBWQ5oeIvJyhoVWhuae7duX3HhkqlkrY2XDZQvS5YuPBn//Dpf/yfTc3NRXogD5NMRTBiQjA5YfK0jyTTUuUo2YH2vnFPgEWgEMKgPZgMnfQ/SSGbq+000Nshx7bkwEE+IL8FyhBFMNlcWjMxyCF4nC4kHgQO9LMpiIAUggUdiCDjEvNQotjgnZwDzHHw05/8B+DxBBdAwf8VywYV6MsGXgl/O3YZrvnEpQDr8NcMFX6YAMCEnPSKJnQJ+JklHxlDlKGbxTJLelC4uCEISAKmwxJg+BKRJC30tBweyibOAAf+F/DkO4HTvy4CfByeADAMdTHROPTTIMXSr20pmYZaPIc+1+LtgTw1x9hvIbzSSxU2Jwy7Y+CfDjiIZTvgOKsBtw9fSjxvlFWvCf83vfRitssB4GSzWfz9p/9x+u23v32tbQ0SsMxdhAjIHKhGrAOX+Wh5uZaGxgeviRUfAWq7luZ3wVAN+K1lhMIgiIAgDJTxVZlP3L5lUexO8JYTxvH886exefMpHDo8gnKZS/hMWkjLFQ2JRIC2tiguuTiL5cuzmDVLXa+cSiaRSCYRj8f8HQpROIyBOQ6ef/759n/9l/u/VC6Xs0E86tVl0pnur339G/cEmhfSfCUk8SDdFkKCuV4eVjlxCNQ++zgIve1PSSiggyBo5Q8esEWqBkDhF2cO6FUGrRHVCuFyPKqxWL0N1JFSVU4EYFsf+GmJ2CEFYX0dMKwM0osc6Ovrw7rLLxUfzWUDocl6ywYf62lFsmW9zj6YXnQYa9GYpxlPvusgqjq0dASv8gwAKrBVqa8anLQ+WSZTvwFYfPmoMAr0/hJ49mPA0H7qNEiXB+ghQyLUx4/qfzdD3ekb2QMW5hBIn6stC9RKI35ZlTJqvYdp1aYTBiU/9NdL94F8BOv/ZgkiifUAZqM0Dpx46hgOPFSCkqCZUVYY/GHtrybF2RwPbSGsLDorBEysWCyivX0Ou/ba6xZGolGpQXsCM4O4DZEegCOlfCItCwFb02SIdiM0Ekm0uHqn2pO+7qs3MYyG6o6InDD0kOALEuraWm9iU8dCj4DT7iQw+G3VLj5iukbn/VPbBB3HQSTi3WWQySRxwQWtuPzyNixd2gzX5eg7O4lKhSvwNKYg4pjvUAiM5TyrwZ49OfSenABQQiJeQcUVFgNy2iM8WOfOnZu77LLLH3th27blhbx/tkCwicikM9133Hn3P8ydOy+nM3B9enAfj0IA0PmgIpiBs/VlvF0AooxTPx1TZzYa0xSMjGmyAOGD5tSm/Wk4pQqmKmeJrf0+DJwecUysAQbfCI7H4DHYNEJOCaa+B/tBjUFwaL/yvAFi2TAwTF79/vTHrOivVCqF+77yJZHKhTq62LMQXHAtx7v+6yLc9OmLEUt1SMQJYmAGahUyYTHvEqCTnebTnCsMRqyVTYQCBj2d/E4QT9OZVgFarjaoLGkF7OUJoG+7t43wub8B8v3CT0AsDwzBswhM+PgUkAk+QsUcm/O5ybxr8RybMzuqvMuymJHoN6XN1uP8MFVYpu7I977BKGKZ5XCcRYALFHPAkZ/24LF3nYZ3QIc4TcrcikMlPEy5/qmHWviUz3/wlrfEP/f5L17X2tJqZbgAYU5anEGiNXO6blaWeThNr8cLJkvLF0/WskQKyllMLZ77sBChQ5eM6NbJgAiiRXBBYCkzEmUQwmAKNJz8F7QalDA5WURPzwg2b+7Fr589g76+PEzsikNkmEm8/OA4wIwZUaxelcWqribMm9fk3Z+QTHpOiPE4Yv4FS5GI54D4vQcfvHxkZLh1eGio7dTp02sS8fhox/z5Oz/4oQ//p1mBriUH26WbxFUeCr8QChXN54r50npYML+0Dgh2Rfq5LmdAGR/cqaJ3supnbiJZ1Mc9QdnLpaQPi2WeFE0hIrCTWSVGVhB+UqbWD3opSkAzeYGZMgijnBlGI977nrvwi58/CqijjHPYcE8aV7xvOprmAI5/jl1AaKNzkYAjnYrI+JaMlDaSGU3w322sTjgQmv3FVd9omcwdL1pZFJYqwofZSUISLeeBoYPAnq8Du/9Vx5u+jXDCz1mv0+ArxRNqlmsKBI0AU4/XYph0ci4mDps53CyzkXodvL8QhYM1YI6nSZXHgVO/LuLxuw4i1+vAO8VLCAPm3lxMAQ7bt2qhWlvrSSOEAqera5Xz9W8+cNmyZcumU3O+dDgi8zZAIsWavLYMIBijvjRAy1NEzE76DKsv6I4CrnENmSMcU8b6hmKuVAAxqIzkIeSgJYobv1xPiDGEEOjFSPpnpBEavFhOKBSKGOgfx46dfXj66V4cfzmHYtHV1UjKZei7VHgYkkmG+R0JXHJJE5YtbUbrtLR2poF5h4J+wRLzizZ7mjBVSdMJk5e4DJEoRXrC7DXG5gtuWgT8BJQJyKuXVTKlPZv5SZ8LVkiEEW0IBZamqo9bVaqhtAZbLcsKQMSFBY7iIJgPRvkSbxyeY6wUbWEAQOsmOxFEWkZFWnOceuFLX/wC7r/vy+DTFgFX3gOseAOQaQNYJDgewSxCgEA4BUkwdzFuaR4boyZ4MMcYZeDaqYA+LHTsiLyiTnNOScGBEUSYQoUpqPjlVsrA2HHgwIPAzvuA4jDdPUAviKp2fkMtftHIskBj/K5KueEzuvFwvqwLvwkfAgBwccfxKNLtl4JF2sDgeYb27wKe/vOjOLONwiKkvFqdXK3ORgQgGncu+DAHmAMA73r3HenPff4LVwlPZgCSYQeOzNUIpBEIr5IEjAkm7JVqUi7tdHqNwiri5RVHCUEVAcAARppzNUGA1E7lCwtBZZqfAmVANGWYj7yPD0q8JfODby3wrQaVCsoV76bHsbFJ7N8/gKef7sGLuwZQKLiqVIJXS3MlNI4DtDRHsHRZCsuWZrFsWRPSae9K5kQygXg8gXgsjmiIcKBuYNRZmmDJNgZCmZrcRmekMRW8INZIHEW4/ESeDaFS9LW0KEiaT73zDZCNNWbN4ZTwEAGj2bf6A9ObIfuZST4kSqHN0Zi3KUj7SJVzU8BEeS0FWS4jKIbHQeefbt0KdAgZnw88uhWffiEBPmcNkGjW8KSYJA9h5CStSBO2Pm+7qEhaO0gdnMJrMGgDj6HwAUF4w3wBAENwMQiFWwHGTwGHfgw8/1lgsk/4CeSgCwOmn0A9mvpUrMu1ymw41HOXwe9amApz1cP7i0kwdikYawUA8DIwegLY+vd92PftHMDp8oBtLy5q1tEIPPbv50MoMgUKF4BTqVTcSqWCaDQKalTU1tVVpHo0S5dzkXj0ByasEeQ2LFG0rjHoGqA9BBgxIYpSGPCJoVmKuY6trQmLJQJCMDRYNIYh2KUixlI58dui6laVOo737DgMkWgEsVgM8Xgc69ensWbNbJzsHcVTT5/AtufP4uzZvM5vtIaoB8Y9DXR4pIKtW3PYti2HlpazWL0qg66uLObOySCZSqglBXL7Ij3bQOyECGLeFgeImwsVcnQGzKXAYBBgPYsfxYO/8Ne4A+PBFxnFsgLxCdBkCk2Y02Gg2r/aHUBPCBR9HracYJQqpDYOaQmg80EXLZTwrSxh8JfPmSyQ8PTQ6SSXrwQvFHEcEPs9NcucbJb30DPuYPOpGB59OYbNQ9eDdxqMXDBaTXYT496IV1BpP8FJKOKJpBOK46BIqVBpCAOmg4YpEeqyoG1IBQcwY74gcBo4+hPgub8PEwSqWY6B+izb50Lzz4sSHSYQ1MPEGtFg60k7pTUPS5rwZYz3l6NgfC3g+NdscqA4Chx/DHjqfT0oDDvwLvgwLQLV1oBqwXiuHVXL67ReyVAOTsbgmp7++vKBTxzBiIlUTS7tDgON4EG8yDjzeFWpMXFFlLmeSStGnGAXUO01NV8XAmTtVNinMIP7tJLA7xMV/ZIkL2hyCwfR/n3GBIPogoBBAiNYopq554QYQTQaQ+cFCczraMUtt+TwwgunsemXp9DdPYaKy31mA4ijnEHKonTadYHh4TJ++atRPLtlDB3zYli9OoMVK7JobkpqOxQSxrICvX2RMnkutE1DaRIWIaa3TvSeroxxncnpOUh6hXVZjkpBNEfCtJVPiupDdXy111ecLEUJhInRSdmRvhxCfBl84YQT50om54YC2xRC9G2yivEr/sVVPgv/E0UJ/xhOCqKiDRdXS3NSvdYuLzJfYXj2TBQ/OhLDr8/EMFJwtD7SKtXwHdY39JnrjJqWyyzxGnBUaLQkMgVIMx1jRjkGDiRujXJlvFkn9wWBnwHbvwQMvUSVRLFrgPIJIOhTZltWpqFR/vaKprUJBI0wGPGrOa4Z36shpZZ0VM8aSm0B4z1DDmJZ7whN+LO4UgSG9gP//ZFhvLwxD+UnQC/4CHMcpG2uVr/t+1SZedh7vetMMgwPD6NcLiMeV7fb6gQdkNq6VEAI0xFpA+ZbmdUn4frEEwK48icgdVrmvzxcxtDAdc2L/E8Yg7Q+MMJsKGGHTisCywDayYiiFtJAGWsSL8JEKRz+J83hkXN49xT42iITuxNiSCYTmD27CVdfPR8HDgzg6ad7sXvPICYmKl6bRD8wIYwpEzM9DKlU4jh6rIhj3UU8vnEYq1elsGZNFvPmZZBKkkuWEkl5j4K5pCAYiVS+aP/Q8eAzTMrUFL65ihf8hQpZtC+IpUdpu1CMk5msQxRABRHBPPW6RLzJm3QmrsNBvzN/XHDGpWAJIozogYw5ybNU3zAu+o5UK4UakzXpDFVfFuNkPmhcUwpH42XgxYEoftIdw5O9UQzmGfT+4mqCyrZQRqsBQ571+hSimS7caFZHEa8EOnsgZWtwEtjAqsMvO48FywwEPy/3LQLHfg48/3lg5IhpETAFgTBeaKPbgkaHWQfqUXBFaISX1FWuEAjqkWTMgsMYo81MQkO1tXIzPiyfzWEOgbj3jkcRTSwH2CIAkBStMAwc+y9g0z2DKAyLwyGEJUB4htKOtsFTCxZbOvPZ1m7boLIJWdXymHWEw6bNU8HouNQ7BDHj/oQLTF1/rlHzbGDdFiBMNISyaFI/gYjQDF3xUf9L0mA8SC99UmaYRYMsoXu/5hYmo8GEbQRiCPTed0ndDcJKCR305YRoxEEsGkEiHsfay9NYtaoNJ14exa8292LrVn85Qa4PE8Jt4oJAPznJ8dzWCWzfMYF58+K4Yl0WnZ1NaGpKIZVOIZVM+ecaxP2zDbybF9UxyXrfcK10ikBO+lMPmjOhMRSEBqwvXXGteZ5QaprxTcEN2hq80Jw9QU/nRUYurY30aGhvGUA483E9rxBGDL5DLWSqCq7NFR0YJe0oS4y+tODBRQSAADMVwjZHrsRwZNTBT47HsbEnhjOTDGXXlOqYgt8c71wrVjFWDd02puu10850/bRS2xBlUxwRGAyQVP0c2tIGjYdZrm2sWIJbBnIngWOPAjvuA4YOUouAeeETtRqLYONlNvpro/9hPgW2OszgVPlmCzZBwgGUQGACVg1QU6KpprU3snZuIi4sb30Cxvvyi+BEuzRJ0a0AuePAzi8DL/7zsJ++DHX1pG07Yb2WibB0jbbHjKvXzFQrTVBoMGizmD906cCk2lSPpvNWaDDykDuRQ9MESCWENXAmliaM/eYMOuEXpmAoAcTLr4iDuB1Rz0uJvSlIkIULaQ7xzcuaaZ4wPkN9Y4E0QkTg6lRCQsCZovbEmgKAydaDRSJgjuMdjxyNIhqLY+myFBYtnobX3TKObdtO41f/fQpHjowJPkPBJ63zIZH+GRylEkN3dxHd3YOYOXMEF61MY93aZrS0+oceJf17FOIJxOJxxKJRRMi1zB6D9Fvs18kF7q3Bh8LULA1fFcZFtO78KV446X/FnOFPb9FesiwFEEVVSJS6cKcvi4nPFo2Sq3q1xBps3rs8AZQIwdIpXuJA+Cv4+AygxD+TgRE4iFCsw+hl5gBKLrBjIIKnT0bxRG8UR0YjKp1NGLWVRZJojDpQhqo7kJ/reK6bKWt3G4TAxW3PpnRpCC6a0GIIE5UiMNYDHP4JsPNfgdFj1QSBeu4daGRZOYzWh5XRiJU8LNj4rgvoSwaNrm2IYEo7tU34r1xw8N7JmYjE15oTH+U8cGYrsPmjwJmtoz4sorPNO6hh+VV1hC8fmGnqbXM1/4lXDGcc+uTjinSSNGIucUUsBQcSRJgQUk6SyDL8SK8cJp/Vk8ikCKisXBJOnRLRJQfJAKhPA5n8IqXi20ro0BybKZGHSs79Rmi6lY8PqaFzDiouUfwp4u4LOUSgYKJtjDrQ+ZjxfQw4cxBzuH9EchSJRByve10WV13VgZdeGsAzz5zEi7sGkc9XVPmA4taqgaovfSHo7Nkyntk0ii3P5bBsqbd9cdGiDNLiWuZE0t+lEEcsFldOiMw7EVEEzTwv+sycg377aF8xKFxI5HEhxGgdLoux8Qvh1yLODKC70gKeCjIfIyZ/wXtJLguzocsnmnDH4FsuQMaGBrYqi/vj3k+gLCJE6CCNCPJgLvHIAYyXGF4aieAXPVE8fSqK42MOKq5KGmCyCh1q8pqWBs1CRjPoYOjxJJ2cCKJuU4BBMM5on/dI05CxLOYK3Z1ALXFam0V9BhyVPDB8DDjwMLD768DEWbo0MIFwQQBojC43krbRpfFGyqgZoggyr2pekLYQphXXK2DU6xRYvYx390WRmHYjGDl8UaiRpTHg5V8Am+4pY/Ksbc8o3SZSqz2h0pURPxVhIKyeMCHkPAgLpmQNbd6IdU5tLZwQYcps7GXTnQPmtj7JvTVWalEeVWkyXgkj4mwASsCpEKGJPD7jVdqjfyIgrV/kIYRdFSIIuAJQ1UsWDigeEYQFfv2edddGFJliLgAYY4hGI+DcQSTiCQbxeByX+8sJLx8fweZfn8KmTaeQGy8HyqFr8YoJKk2/UODYtTuPPXvzmN8xjFWr0rjooiyasin/qGTPzyCRSCCeUIJBJBLR8GEdBqLlfgcyn+vrS0tc9WMYoyC+JFK6ocVzgS9m9KRKGLBka4JmcNukJzQqgz0VMRVKlTVCTgVTmKHWL6awpfzvApIDlU0MoRWYrAB7Bh38vCeGzWeiODLqwLWNIzl4KS40icB/JJNMSo6yAKM8IKCBi48UZtqPph+CVr/RkcD/ae/Lgy07zvp+fe59y7xZNDPaZVuWRsIaYVmWZCO8CJdxCllAcAAbqFQZHDAG/wEBkkpYqgIxhCSVjSXYmEAcKgEMCYkpU4UL8I4tS7KE9m00kmZf3sybeft99717b+ePPt39fV9/fZb33mhG8nTVe+eec7q//rpPn/79vq+XE59LItsS9inS0odASYknen68aNADzjwDPPGHwFN/DKzO1c0RAHRsaGoM54I23JwzNtvkUTWkX6lPFykANRkSqFKkLk0dAWgz7wD4wOEutlz5FhSdnWw8zJsaKzPAc58E7v35VQx6lAjkhgiqyiXzb+IKakOompCr9TwXJmOsOwbSJZVXyZYnAXnpKgFiRimTdOR754EzTKACwgtsWWfhSYAHPsTOgIA+Aw9Lc0WcQEb7Cp8OIBME4w5vcTIcmIw4EaIkEEFVPslNlJqckfQW0f3NOi4PfrEOokvflzXWh1M5VoKf8NcphxPGx8dx094t2HPDpXjPe/bggQdO4LOfO4rDhxcxIq3E96F0yZ2vXx9jODQ4cHAVBw6u4Ytfmsetb9iCW16/Dde8yg0nuL+4fLHbHUOn43ZETD/O4wkYovUcSww6uZT23laJQ2VyXKFk1CRtgLXZ4Mq3oZswQNAhHonuhrvzLS1TmbemT/xyaEkoyPg7a58mtn0phpKAkQVm+waPnOnib4508Hcnuzi+TB2Tkgx41mf4fV/wUEH+us3EY4oQYE8KTnQoWScfwyrlSj0pUSD5kT4o6qd2ArzIQU9RVlhgZRY48XXg4Y8CL4QdGemKsqrlgz7UGYcbJQYy1OFDLn0TD3eSV9t9CKSw9RS+Ln4zBvSBwwUmd78anclbXQP0Lz3icfkU8OwfAff90iqGfU8GZsEffB3AVs0N2GhdnOugssNdu3YV3W4nfZ8C6NjwPgfsZi9mPDJgJO927GhJX0O3WbWxaw+Uw6AEShOkQgBHOq+BpCd3XH/i2gSfC0CLYkPfFfSkblrSD4byks7bgwK9QrmO8cBvqOUp9ShXUiAuk2Q6mjgPgbrhvcfGbU1sURSeHIzh7run8Na3Xo39z53BZ/76MJ55Zg4rK6NYWRahHvXJee64uGBx773L+PqDy9izZxxvumMbrnvtNuzYsSV8YGl8fIJMQuyySYhxbwf6LP0zjs8/zuIgi1DpEFUA4lhnUU9CFPywTqhHD0zxAVtawaRdMK7r87T8CUcgp2UiofQmcGz2c21i2SjvZF4tgL0jw5HB9ArwtekuPn+8i4dnOpjumXI4wAN30uo5qEblUjBm4CvERPX5uRaH3ZR5AMx9T3dYYv1KWm+MBFAPgyQvXknqOfBRRkNgeRo4/EXg0f8GHP0aYId+i2H/51eVeU8xsP7x+vVgxUaHCDYtbltCsN55BrlQNXaeT/NjJ6cwsfudbHgAIEzUAr3SM8DJgP/0pDYmVOW6r5o3IMf6tYeteRTqiIa2PKUJ6aiNO7V1KzqdDuj4ZWTkQDSd/A2QOAgWm+8u6Zsczw1P5HsA/8J6sA4EJC4Vkww/9kE2dfkingfXbkk20nFsaunE4tLZ4NFBQEGLgk55j2yrK0saSEW4QawwMf1AsLyFAAAgAElEQVQ/jKP7aASoPUGSFMRfoDvUeQudDifs2DGFW265AkePLeCznzuCp58+i9OnVhw5oNahrE+alQXW1oBnn13Fs8+ewWWXzuH227biDW/Yht27p9xQQviOwkS52ZFfoZDuhEiHd+IHeni+VDV6PT4L2mZjZRpRHPpp7Dg8FfVgw2ClMNf+qFfCMrLAqQBd+odQEOrN4TrIMoUHGSKsjixeXChw73QHXzzRweNnO5hdLQQ4MhWIcE7omDVP01l6D0hd75RMkMxkXyGtdlY+w9PQ64QEoaxv+hwTGdKLEF5gxPIxY8MAo1Vg9gDw3F8Aj38CmH0BiN8aoN8bWIabQFj3BUI0OM/dk/e1/rke9zYRA3L5al1BZYKKa5sVtDkMgPcKbLniNhTda3ijJ2+sgdtsaP+fA1/+qQGGK3SIQFtS2KrCzkPYaP6sHt/05jcXH/vdj994w4033mhEz5L71oAcKggbjIG4Q+lMa5coJi//xYlYMT/+xcMkY6aC6wNs7JACJfE9NWUTpX42Ro3JuL5BLwBWkRE7fqZSOrEMcRyclcGC7KfAtYxeEq3+KCARwqTVFPVcWGct+28nDAdDrK6todfrY2lpBdPTSzh8eAHHji/h2LEepqf7WF4eYnl5iNFI4Cypf/qqTU4a3HjjBO5883a86lVTmNo6iS2EGIxPTGDMf5K500FRuH0W6CS8UI++H/d16k9EPdAI0WNgghBu5auVRIgW2euAPBRtYih/FoboGMkAfZ5sm/1Eh1h2a91QwPyawb75Al860cGXTnbw/HwBt3s1BUTC0LwC6uxKmpe8RgmlBHJev/yeJttfJ8zE0qOiU3bLY3/Pit+CEFDPgBxq8vdXF4HpR4HHPgHs/0tgdd4PC3ijkM4NkETgQvPwvuShiYegqTujLXA1HVt3xw+e2oHxXe+AKQhTJa3Kd9jDPnDkC8D9/woYrviH73eV0jwDF3rYqJ6Mhd522+3FFVdceWPcpY8DeDQaSEdMx8/9PQ/kZSfLO53yFwXPcE7mFSToZsO77fto2gkzgEfsG2mnFcd/ab7l+nZhEXOvALXEBamhQMxcnnG2uSwGrwlfZyVYu8yjOERiAK+vuBot3LQv5ZZuLJsbTuig2xlhbGwMk5OT2LFjGy6//BK87nVrGKytYXVtDf3+Kubn+zg908PpUys4cXIFJ0/0cXK6j5mZNQyHHiei1dzrAU88sYJnnlnBNdeM4dZbp3DL67dj+7ZJTEz6nRAnMDExibGxMbYTIltXb6jqYm4FHUMJ10sSF0DBxqiMDERAicSPTA709U+9igRbRA0HHTyhDBMpA1GNDydLBkpRIwuc7gP3neriSyc6eOB0B8eWDZ8UaOkxtkN2j7MLcKop3i02614DZsJUFUpEeVmMK8iaLChLrzBZNpTg41iRPU2n/bZOj6WTwMEvAI/8PnD8fmA0yA0L+K/VAheJQBJyOxUCm1tJbVYdpGk/3HsLivHdriGSt5/+BgA7ct+lfvg/AcvH/ZJCusUkJQNNXTZ1rpc2rp82pKnJ8IK/h4q47HzHjkvGJye3lFYkqTpEoHf44oGbg6hlHZWvfkvuEavf7+rmfxP3dxirJeK8hRWgm1pgNm6UJD9wwy1p8N8GbpMhL5t1eDRHWg++b/ITywg54WqDWWnWx42T1oA4gY9OSAtEKmQaPQDUG0C2VWAeZraskkz28GPYYWtoY8KeBh1YWNuFtePs64vD4QiXXTbAtdcOw2eaBwN3XFlZw8xMD0eP9jA9vYKTJ/s4fXoV8/MDLC4NMRgABw+u4dChOXz5ywu45fVTeOMbt+Pqq7e6jytNrpQTECfCPINupwtTkKEEMlTFPkpFnlAEYBtZlK8TX3a/bKOMG9oM8Qb550fXIcgQ2kD5DIMuvm2F4S6eP3tJCGsdwWBxDXh23uC+Ux18ebqDx88W6A8LwmSEAkCUxzWLp9RTwACaMiPSiJhMqq/MihAyQnrSDw7JkCtHecKGKQDVA8KePC0TSe8v9ReBM88BT38SeOKPgd5pgA8L5Pp+oLrPPlf9/XqwoelQQpO4tXK7SoT1DA/ULVWkCsvzHDgDH5qbQnfrO2F8Mg9OpMHTnnLpOHDoM8CJr3pPAG0McudBOhyR08lfbzohpMn4UtVyktxxvQ2OznPAzTffjO/8ru/a3e2Wcy9oJxB7vHAKUItLTMwrf0fPfVzSF66Tzkf7bDC18Lml780uw4yPmDL2SGFiIHwnbxA/kuR18h0iTReJDO8LbWhfdH6FEjNAfXDl+73xA4eKoM+9EBGc2MdsDKlXHy8QIlIHkW3EYIjUQMaipgjPxRG0oujAWouxMae/HY0wIsfRyBGF4XCAK68c4qabhhisrWEwHKDfH2BhoY/5+VXMzKzg6NEVnDrdx/HjfTzyaA+PPd7D9ddP4k137MQNN2zH9u0DDAarWFubyHxUyQ8lkM6/rBdOGWn5ZfA1JrwAlt8FrccUCWMGvg0QYKJzPECeCREYVFsbAidXgAdnOvjSyS7+/kyB6Z5Bf0QKlTZsfk3yAeKp4KBM27e/ThKrrnoBzjIeu0HSsbkDJpOOJJesKtFD6EOJghWRLYDREFg5Axx/EHj0vwMv/i0wWPGu/xVET4AfHtbmB/ggx/R9aIIFdYYYGpzLe5oOUg8NQ6SMujjZuFUbE9WBUS4TTVYuDy2+U/AnFveiu2VPAAaANMQyUA/BaACcegh44uOATgZknponRFtSUjcjNEccZKiqoyb1kmtw2gRIqU8BoHjvD/zg+N69e2+FiZZSBC9+TNg9+82ZBLWg6UdceEi2h4meBZQzsA2iNc1coBRCU7lGZmjiDzosYmlvmxhfJfgG74YX6XPmezTSdePBnR4sdg+85TnNP2BNWS5D6zwyIyutxgD00qqLdUT4BEvCnm5wn4MN2diiQAdeLzcHAeXwhh1ZDEcjWDvCcDjCaDTE5ZePMBwMnEdhOMRgMMBwOMDKygCnTq1gZqaP6ek+FpcW8E03Alde6YDfF9N7qDodoChAtkeO9RhKR70pHvwoVpH5AKGcoT5jdWlkgNJUj0XyWxvBIaESEZfPCMDZVeCp2QL3ny5w76kO9i0UWBqY5JmEQMGP3aMA6hujdo8KYkLBC+7l0zqU6fx1A+Yeoflq+an3xb1kOIPcp5NGZJun91aXgDP7gWc/5bwBC4cB7g2QewfIfWW0/rwtFtDQBOzr5NbJlNc0MJf55XCmEX5UzSFo6nrQlFnPuQs/cnAcU1fdjWLMnVPziI73+eAvLR4Fjn0FWDktG4b/VgFlgjnwblvmujRtXTm5B12VT13DLABgz54bcOe33LltcnKSzIIWFpMVPY2Nr3B4dy1xgJfWKx0KIMJ4302A07nWOZBT178L0W2eUBAKwokxwXttC7CtaYM8co2viS/1EPsE+Ph+MmXE0thhEwjjZKIELPZNe8RHwPpdRnojgNsS/I0sn9eLVj37ISot5GtZdXtuEfeOMCEZCqBgwzSWeRXc8MMwDENceeWwJA4jF2fkvs9QFAWKTkHAH0ym142DNyVkZJ8B6sEhIZnTQeozDkdZ8mRJOzSkQnwlxleEEY8RDJbWgANLBg+c7uArpzp4cq7A7Gr5vQAJghLAJWO28p6W1oC3D5IuJCEXqKXNGpsglZLwaGQhAXUiP4kjysN0JXEMTWPEfeO2FF48ARz8EvD4/wSOPQAMVtpMEgTq+8c219qGtnLbuPzbym6EH3Snwo2Gtu6SNM8fO30ZJne+JRArMX7NiAHrAS0wtw/Y/6dAbCz+T3MXNRl3yS0ZaSKnqctfC1Wsdb2h+Imf/Mnx2++4486icOOW0gIHfIfnf8dqju71+Dw8MbCSRKjBlu872Tc+dMcyeACNNmF8/HFSm+vY5coI3/G7/4aWMORLZpXDhlgBIggQRcs/pgXAdq5DACBCsNhQA+llSf4Wsb7psIzrZ11n64YhYodq2PT1sg7KvQ5U/A9obyIgBHbmj04BV0fciqPLMR0ZMqS8ADre4rfh2mhkYe0I1sIRAnLPB08ICjKPgE0lkMDiiZghy1SZ15A8G4bnkbTGPTYQZQPhWTCvDavEGHdgDY4sAQ/MdHDf6Q4ePVvg6LLBahgGoAApQNdfk6DIMpT6mYp7NF0oQJrO0nNJTOR9eYPkycCbBkkApGzygzd2UR5CBFbmgOnHgaf+DHjmU0DvtP+2AP0AnScDuUmCTXGtDRa06ZPbzAnQhi6aeAGa4k8THQuUHoLNAJyNhgIfmrsOY9u+uTRTeMMJbUUBHwO31GT+RWDxMB0ioJ4BgJezruK0603dOZoLf7M9D3WBNeAP/JMfxbvv+c69k5OT4n3kdUlBnxpfcq8Bb/1qhhh7vctOJHgSUMJ06HhjbFsKEXPMgjBrovXqSQONRNOHqyEd1ZMxSVr6SCQYEaK44G8kNUfKY0HhmXpB41ACyZMBRGAjkB8KiqUk29vY9LmE8tN+m7jO/SmVym/Gh5jAm59zIbDYf8LZDwEAnfI+J5usPBQkQetZtraYgF23nEzaUHWRcIVPF5e/mTjZfpkgRxB7Q4OjywZPzBnce7qDh2YKHFk2WBuR2pF1KQibDrYZMsDadNl4k3jlCSMggpDQdiEbIAxvKFQlSiKMlEkjGfDhB9GOqsqrkh0AayvA3EFg318Cj/xhuW+ApUMC1CPgvQTS2KryDMiQM/jqsECOyefiNzUOc0AO5Tqgy8oNa+fua7qMgHYbE1UpWVeZ+Ti3/4sC3/qr70IxPpmQgdCuZUMW56tzwOIRIO405VnjKnigk+yasLfcw2vDxnLxqtI1ZaQ5WSHt1NRU8R13v3vbVVddfQ0A5gVwIXZCcZKc7y/IZEDWuZcpjJfn12ZHwApWWZlFtL1MOA92eZkpnV1PwZjLMOxesJoNkef7KDYpkZSzBB73g6Yv1WOeCJ+GgjZ3YYcJfAmBiJsjhbqx8RjL62fEyz6Y5KEFxiN4/YnqJv94uUCek5+AyclQHLZJAMvXDQC6Rz8F7jjkI0g+BS8P9qwd0LSRgfGqIO0pbE8tihrygFqPvv5HFhiMLE6uGDw6W+C+0wUePlvg0HKBpTUQIsuJmzsKcGVgXf5mngwBhrl5BOGez89XSg6kaX7ynugzE7D374ER6alO8iEoZCepE6W8/rIdAsungaP3A4/9MXDg88DqgjZB0P/5e0A7o6tJX5tL40Ouz9Y831X3q3Rpig9tdG86dB88BHVKUmVz51WVo8WJ+X3rv/kuFGOsYwMQe1Zv4oXGivQlsUNgtAZEMiC3n2z78GSFVZVTlisXqvKoi1sXL3de/PKvfGTy277t2+7qlu7d6M32HWjsjGgXZkmHwA0KvhEPd+GHy8J6k2Pu/pFGIA1AHDThm/xY+rxDc6BIHrcAZlZRgOLYZuj35PWdD7Wtkk00tE2oGQa+gQQZSiCY2oj/DaJHQ5Gj1KNUNIAlezb0vmdGtB58QvLc2PNMs4p1EA90WCSUgSYl5Egk5M/bz2tAnIzpxNsgi3uiyjS0P/DLW6nigdXQMnA5K0ODYz2Dx+fcREBPAHpDr64Ecv9TqaQkSJAnaRigWl43kPdomSSwls8w2ciHxtXIAZFJ2ZMsTjJEQPLXVhZIMpP8LmX2zgInHwee/Qvg6f/rtphPJwj6j87RSeF1OFNnlFVhVhMsWG+/XIUhbQlFWxlVZCCRIT0ETdhWlXB5Pc9OvvcLXVx91z0wHbDekPVaYO9RQCbfKwcPwQKwcEgrpMy3SdnqrP86S7/IyMrJblPXuXKo+f/6v/13xfe/973v3LJlS+iAEdz3sf5Yhx/AmIAfe6fjMr64pj7tkKp21YsEInboYUtZWNYRxc/a0pQ+D0OaTmwo0hgJki0BUANljb/GDkJmqcVKv9xItRPow/vJuJcBc70T5JNkzINt8CGUuvv7yXA6KXn0YJjy9eKz+KVHgRE5UiZXd3FPhji3grQXpgchI7aMLTCHLesM7cwq5Yjyw3bC8NVvWO3QeghqWLcKYGlgcGwZeHS2wNfPFHhstsDRnsHK0HkIErCVgCgBT+qZAL3hNxmI5oAa4jcpSFYXeU/GsyQvRV/alqVOufLJkDacKGI0csO6c4eAZz8NPPFJ4OyLKL8pQFeEacvENUCucoE3tYi1ezK0tbS9jlXAK9PnMKEuv5yeOdk53dh5l0TMKZ4LuQJWyXLn3/OZLq6+K36qOJhr4R85ByECSs9nLTC+A9hxfRNdKWA2tdSrxmeaMsq6uqkbNmjiXWDXfv4XfrH7nn/0vXfu3LnTXbCGVKew1hD7L2FnCfs6TtTjH+wx8B+KYSM+iYvVIVnEP96L0JXzxtqwtNot/TLJfICgNzv3FqQNhfD5RapAnMsEBCkJciBIJll6MKOgGtIGmpCs4HBFtqQcCF5Zpr/ssD15CwrxuQn+WVkL5knxD9KGoRBKrGIh2LBPyF+0i6Cjt8DLZaXsSUWdKLGMRMaE2rGW5kDqN1aXIjUUllw3sel6MGPpXV5LA4PnFgweOtvBQ2cMnpovcGLFYHWoASvNPJJLHkfrf0AqUTI8EoltwhMSinvg99iEXdIQtbiabOlhCIHEY/pDpKONAPxIg0ZerAEGy8D8UeD5zwIP/Z7bRMiO/ARB6Q3wQ7zakIAMVWBbB8RVANnEa7sZOmh5Su9ynQx5b104Ic/bftxoo6HAD9w/icvueBf3DNDge1FyKW9qutCZcKRgPfrUW/ttGklVHlWhyYNrEgoA+Kmf/qfd9//wj9x6xRVX7HR9pxHAg+TEiMv+ERh6R5nN7jrfOBEPoI+Ld6wRL/Rtk6X0IIb2nfJCABYK4DZa3HTOifeGWJmLJz2WEZaQPRXDNDXxPqL1GiKWcwvY7qwA1E5VBl8OGmQ/72laIHMIlR8+wMSIUZwfQMuW1oUFfef4fAplt8ZUcfbK+jZEWkEggwmhQ6x78uRYdnJCIKxFb2BwYgXYt2Dw2FwHD50psG+hwPwaMLRA4uIO7Y9WqsipCiQTEBSgKtPD6yDTSzCXgb9/+fskfS2h0c5Zh8uzSHTV7pX5rvUcCTj0ZeCBjwEzzwKjgVwlULdngA9N+uaNHn041/k00WM9fT6tqw2HHCFo41pvGhd48y8XuOz2d/GvFHJLhl+DuOc7WkM6OgNM7AR2XIe068iWR3sQOYbVxq2khY0+qDo3Dxsq+Nmf+2fdD/74j99yxRVXXGVMUVYlt+LSeQRgS934unzZCQjAtORxGLBxYe1jPcFmJI8YRuhliVBhlVmSp49LJ78l5bKp1sHiLfNg6UkGEXhMAkAcML1MkpxQl1hVHMBDc4bcBdKr6hkQiRw2OxL1T4DNvzL+FUm2OSa1QXf248/VxmyDN0hsEOQVDUNP/NmHzYLU19KCWcB0+IAWrLxAPU9DC6wM3R4Aj80aPHi2wNNzBY703BbBIwbwPMtYuZZkRkFaACO9H+pfyJFlkyQrIQ80H3pfIRshjRHnmkwb9dO6QcUzmMqlZW1QDgvADoHZg8Dh+4DHPwkc/irdPdDPDZCbxbWdINikz27iqq8iHbnzzZLTRD8Zmg7hb0pcjXK2EUrTAASYiAwvr4sP9++JEwhNzF10sAK1QHo9bvnRXnrmMeDrHxnghU8dgvvMsW98GvPcaFm1cmrxtPttxrDa6ITf+M3fnvzuf/g977rkkkvCjHEgtbTCHTIG78eaU+vBsv7B2AgLFnQMPz4zjUhQXfw59T7kx8It6efKXG1sPnzv+wiKvNS+GJS9kBzEPSvS8nbnD4bXl8Qe2bmS4nAEtno0UYfJRjwBO2wiDsanhyIjkgBXdQREDCcamtKRh0dywXY8LCMwPiNEBc0EgWSPD3H4aWUIHOsB+xcLPHrW4JHZAk/PF5hddWXhQCYqk4GpQrCyVnPuPoiSohFpVnYWZEU+1lcIeGATqDWCI+VqpILoG/pOKYOWl7QJrfwWwKAPLJ4EDn4Z+PrvukmCqSfA7xfgiUHdUsE2RuZmh43kuVnzEtrqsd58s0GuMgDqH4jm8gDS9Dzuh3uRDLAXR5ABeZvFLxs1JQM+7Y7rgT3f38WLnx6HHU7CNb5xpEsPqX60TLk4WnyZlj6UqnjytyZbXsuRrBB2795d/M5Hf3fqLW992zu2bt1aXrVJNbq+iQKoAF86I52O71J5Jk4G5J0+JWj0efH86fh70icqVk14zEF3RMBBbAqcbni94lcSOXFR8kksRBLJ61kWIgxLhILxFRFpQtJW6f4CJCu17IQ08XX0lg1D0CwC/lAiAMB4iz1cQJjJz3RKGEFZ4eJ1g9eMvYsxqVKcWCbqXfFEo0zRGwBza8CBRYO/ny3w2KzBvoUC0ysGvSHKLwJmQM8fExJg03iJpQ9dngqsVaRDyqY6aeeZSqtdtifzl9c1/XN55/Qnz9bC7Rw4fww49FW3TPDQvcBoTZKA3DdkNA8tkOIIaq779EC+n2wSV15D5lquj5Zxc31607gaMZAyNP3otSr8kfFVD7MRkYC0ABtlagU+NPsWjG3fLRAmslVqGhjlyOL76Eq8s88Cj/xn4Knf3w/+pSvaINsywabxc/E2Wo+Vcm+++ZuL//rRj122d+/eN4+NjYNaSnRJoJzkJQNzmRPAozsRUjsc5RUiIRq8FPcI9icjCNSqI7P2/K3gMTbeKxC/gmgDEJU6eZBDOqcgNjMbSYJNbGuuP7hsOaJFDuyyEVfcSogYM/WE8FS2BIY4AZDGsExbaR2HSX8Sj8jwmiWEKDwTWQJRYDb5U9RDbB1SS3LJv6ZBhG+TFqf6Bs8vGjw9b/DUnMFTcwUOLhssD6gcozQgkkcsTfyteImS+MnQFGWpNB4q5NDznAxSDlkxCZkg54qXJz8BUeRDq0PKzpVbIy1rPbc64NC9wIO/B5x8AmRioAT/uuGAV1I4F678Job4OQ1VHzdqU1gfPx3r/sdPXoax7bv5iwXS4Vh+3QdpNhrxkslhA2uBS/YAN/8ocObJ3Thxr2+Y2r4EVSBbVw9ZdqXE2UhD8NeyZOB3PvqxyXffc8/btm/fPmlMAbpBTuykaYduSPVZ2bVG17mNXZZ3pbsPzKRUgjrYAQQrmvd9cSyej2NG5hCAsLxkSQkMeeYRJGjZSgKUXKfHSEaDLj7nkK9DuLCkL3y9kOif1AHZnwBkn7xAhEj7lv18qTXRJOTgSQnts5n3GFKGX0XgiQJBa1GnXigfYilr0Hg9/YoCzyVcPOnJCI9GEglGKtyuf2f6wJFlg6fnCzw5Z/DkfIHDSwZLQ7hlf6yCNOBXQCvEp+BJAU62ckPiE1BM4jYkAiyeBqwQsumDNMp91OQr0mueDoD0i7Ie+TPnL2t5vT/vSMDzXwC+/nFg/jAwGlZNDMwNB0A5z4XNMkDbhjZYQEMbPTfDAD0XRmwSDFLwyh3bKOIe7vbrCrx/3z0w3WChsBcxWUMGJF+A8cn8fXrO0pbyBj3g+N8BX/zwEcy/OI34GcwR8gDbtFznIk2TcSBWr9dff33xB5/4H7tvumnvnWNjY6EeAyipHaFNfqWEgE4Kk2kFgVMMMunMSfPn5qXS7TM9mspQyxJZEdedWXEMmYmQEjBT/pNtt37JpdSWdeSlLjErob0ynJHOx7AxauVE3ChS1ptY4CkLSHSMeckQs6ITON3VobWYWTV4Zt444J8r8MKiwfGewfyad/vXhOTZkVy158LS0Gt6+fT41Gr20TVyIiq5sawa/bJ5KekTYmTTstI6VPMm+fYXgNPPAM/+FfD4nzlCwHd91T4p3+RjQjRow8zakOtG5lg1neO1GaHKGG6avq7s681jPfVQNHgz1x26+PEz78T4JXxLYumqoudMG8Hgady647AHnHwQ+Nq/PIKT958AHzoANj5xpQ1Z2qirh3kf/uhPPrntbW97+zumpqZQmCL2BSGGBzObADQbEghHS1Lx2e70mpH9jSdvNo7Tcxc2HFQE976Ln8IxXdEAoZzXXS4rjNgZJiv6Ge1JDoYXnhhY6RCJCeBO08eqiuPwEQxpnTihEUB9+rKefPHIPV+Q2HwF+RI5RT1oXfFXKJIAsPLzXf54vdYFhUIB1uLMqsGJHnBw2eDpuQJPzbvjyRVgWAX8TGAFYRNfnXTRjKIMeNrGpEH0MTkAt0j7riQfSQJy5MOksqv0DHWkyZM6CL0SveF+j9aApRng+GPAo38EPPX/vABKAuQeAbklgue6D2wT6vrmzZzIt577WtxzrVPjuG0JQTokkKv0N/5cF2/7D3HzITn5iC3Opi1afdP1EORYcQ2AHQBzzwNPfPwMHvut/YgNvO2YVu5hSRnrdT3V5Y3rrrsO//pXf23q7W+/645t27btKIoC2Xqysf9gNqEtLUprkypTRDA8CVyMxWAmKIvsMI5Cfrztv1rnNzJimRB2E9zXVsRIQFPVvuQfJv7OTZwzgPbFxgjQUbegcYqMqhYhBVE3JLXyhFQSLUUoNLlt+QZQqh505UBJntgqkPAseHUkEq3b5a8/dNb9cwsGLy5Gt7+z+g36tIVn21auzVIAlfGr5NFkUrZGCijJoIm161IlomNiiWf0Z2RH6qmUTZZDxlfJR65cUrYFBivA7GHg6IPAY38KHPwKMFz1H4GTQwH0I3HrIQEXQww53HwpiVKj0JYQNA1dfHDmHkzsdFmIZUVJiD0Wj6SOSUaQUFcb+LgwAEZA/yxw/CvA137p73H2qarhgyrXfW7egD5vIs/2mg4PhPBffuM3J+9+9z237dq1a3e324WswDAXIPMk+XI1ORtedkw2NazBo3gLVT6r8EuMXft+SubKUbGMB2rBSgDnz1k3ap08D6ZqU0t+cD3iXIYIntwzbxG9ALRDlnVdSitFm5hUrwNa/kRWrMwsjxD6JefskdlwK01ucWrF4OCSwQtLBs/NGzwzX+BYz+Aw+9Kf9jKLaznLW4tLL7MgQU6m08BSSS/bW1V+ln2UsmYAACAASURBVD9XNQ/mpZDllvIFqCfuNkAfGpDvZxOyYKJOdgQsnwVm9gMHvgw8+ifAzHNAnFuVWxmw3kmBG7VU69zbTQ3Surh1ci6EuDKsxyvd2oPdhBC0dWcUAIq454BiysiVBf6aRKAsg4CSjqYHlz0aAL1p4MhnZ/Hwf9yHM0/6tbFNGvtL7e7CHXe8qfj5X/jFqdvvuOPNW7dunYpEINZZqJnAl+KyQA/YvOoFeIEPA3jAgim3CXaomDpwvCxvfRsPoAhczZB+ywuw8YQqTfQluEV1plYt0Z9pI4cSjLhHSAJNL13vfkWA2rQoEQ3amfI/J0V0giQlRNqwSKwZw55hBA6aPil6qKZYLMrmOKmhbWFxYDC/CpxaMdi3YLBv3uDAUoEnZw3m1gz6Q2BAQYZlRssgf2tplNvZkANker8iLdCeNEiwbeUxgC7Xtokj9dPypmWj51SedasCFk8CRx8Gnvxz4MBXgN4ZgH/4TfMEeEMJ4P3dBWXBXgznNjQhBE1DZCU/9PC1uPTWW6JpBE4MOJKV1wSwQ6Tx5y4RWKcn5eZ6ztEq0DsFHP3CND77I88g7w7TynUuQ/AK/NVn/nrHTXv33rVlyxZ0Ov678lCtTKAEdgImEXgBCTpAwBhmNAY5fta/RRz3DxmV4F2KNQKsfBybnVkYiQwA0O1w0yYgJ0bSDpNURqlAmNAXlItpLU1TGfQ2kzQlIcr6SOQarVMJIHxHRFJ5YS5HXKXg4/P8yXcKvGTDyYRTx9W1hcXJXoEDiw70X1x0+/sf6xWY6QNzq6a6arSqawPuNDJrDjngJ2kq5wqk0VlGTdJqoWn8bPoqEpGJUyU7Nw/Dx7EWWJkDTj/nvABPfRo49pCPRb8W6FcDLCI/H+Ai+H+DB621rXd2ZhGOHzx1DyZ2O/EaQFR6COjLToGfqKsOJUj5QUiKoqMhsDoPnH0K2P+/H8Rjv30G1S/Gel1TVXEDCfiN3/ztyW9/1z+4bteuXXvGx8dRGKMUNXaefJKdtKAROkNXhTb+DjVClseRjOQOfXQdAJNDkxFJckzTz1tgZIMEfZtjIoPggu/kXTPw4AkwS1xQHAkczBoH2YWANaFUD7qZkjV0rT8H5qiVYWdUpzC3gj4jQYyk/uyDTSWJCMspAawMDWb6wOkVgyPLJeiX4L9/oUBvQOokec8kw6w5l9cVr0frkANh1kcYkUDkpwF04tan8m0GbCkRFu1JBXtFr5wu4Xemziy5luxZQMrRXwTmjwPHHgEe+V/AC1/wkjUvQNX+AC/FMEDbuOeir305xm2SRt7fcP2buggNM6FjFl18aO5ujG2L4rnvlSNKLiTGQ+wM4zlSK0AuxUojEF1Gbvet1Xlg8dAJPPOH+/D4R5fLiJtNDtjcgJ/5mZ/tvu8Hf+iqq6++5lbvDdD6XVdUOU9ALokT4JVUL91ch+xWpwBoBHgbbnN5FKhUbYXMTEgAXOrqSUmpscCAiEeyoTBJAchTMiLwTOif7MsP4okgMtIyi7wzZZS6aMGXbWDd2H1vABzvGRxcNDi85MD+yJIjAfNrbh//Ya7K14HTrULFo64PFSBM49TmU0Eekus0ivZ8MmlC/pK85uKSeOxcIw7+GmWZFhiuActngFPPAM/9DfD8F91WwXwugCcB1AtACYIcBtDmQuXu+cD6sIw8Glfr+2ReMi4NTeZjSf2lXHour1XpKPOqklNVhjahrgxVz4zKyNVLbdyqbmI9BXSE4MMrd6MY53eaWBk5z4GML9OqJAD5nlbTx47cXINhD+idmsXRLz6BL3xoEfXutCqPCn0Yxdvffhd+5SO/dsX1119/x+TkJMbGxjLVQu1KQ4ojrE9aHb5YQQYtYgQ5SZD4inT50RwN6JB0ZOy7BAr4koIJi5kIFAXxuxPG6DkiEjtXC/lYJfDKsXS9+cf9+D0piR26UVdIRHIjaAz7HDJ1dMmhgOHIfa53esXg+LJbyndkybn6jywZHOsZzKwY9Ee5V5YIz93XvCfZOFXXc6BLsxBsUvMApa02/q4DfhYnUzZNRlAjQ9Zy+WYtdkU3el3G0UgAwBv1cACszAJnDwIHvgo89SngyIP+rlwWKOcBaBMC5W8fLrRZ7m2sYXoNyAN8E4OuClg3Es6V3JycDXsgNtNu8IXnhIDNcI6dY2ruycviupcFgPf+ickojjwrn5wPR5QR2FZwQ2C05jY66p85gLNPH8FTn1jEi39R9ZIxNnbb7bcXP/3TPzt16xtvffXu3ZfumZiYKD0BhvOcoGIJKn68XrN+LcIOelpRfcerL8+LsBUhi8oNMMbqxVrlmcEDrLCAMvrI0tLJfnQ+Ai+tJDKixgjrye27wDc5ojVtAg+RQzDMI0OKpoVYVlcARsLKZmrhPtCztAYsDZxr//CiwcHFAseWnbV/ZKnA7KrB6gjoj1Du3NcgBLJEFZavtQbGTYP2AuXkarLlu94iazW+ok+VzMSlT3TMPlRFj9r4kliI+mJpw8vhTkcDoL/kvhh45EHg6b90+wMsTQPpMAAdAri4LPCVFc47QTObrAT3ELCx/DI7ZrqmHbu7XMZPrHjluvQCUEIh0xrZkWTypXn4F9eOHEkY9oHB0hnMPrcPn3rHbBmbsdI//bP/s/MNt77xjq1bt46PjY0lwwHRrS+sA5OCnyX/aV/IAN9QGchYP5ZVdyyiz4HPKdA3yJHgmVahzCNhYnT8PQETsHgpFkSiZGjdJfjmwZi3P0+GkrjC6xL0U+rRqUDrw8UdWGB+1WC6Z3Bs2eDYkrPsj/cMTvUMTq04C39x4GbwhxDygiiHrHvx3mj4vJ6gydDmDVhATB7ZYKaUIDQgKlUufyozt6zW11kuH5mubjKf9m6pcoWOFgBGwOoyMHfUAf/znwX2fx5YOA5EcKeTAf1vOQxQCmPHpkvO1jv2fC7DZmNR2zkSdVZ0m/l16xkG8b99Hk3iVv1u3QY2o0uRGXTxwZm7MbGz7FSolS4ArOlkJtYX5KxFtOggfYeqWA/ax2GoPmzy3tCx+1Ef33LNIj58l8Wbru3i8h0dFEUBuo7cVJQ1cYFbQ6x1dpltJhP23FfV5da71p+z0mc6eAJ9yXUkkwIBSCCjfvJQEI2z5bZcTkHYx/ViXdn0pY3yM8tRZhnbpNe8jLURsLzmQHxxDZjrG5xeMTix7Nz6J3vuON1z1/0HefgbqDYmdz03tCKDkXUr5NRa8WVaI69tMGQBtk7fTNymaiXtRJFbJSsH3lXpZJoMYU4JgIWbxLwQJwI++xn3N+wD1jYhAFVLAtu62S8U8NfCS73Eu2o8PXe9rj6bytXibzSPXGgcvw0hqJpEwScVvn//3dhxHdwuhaT3T0Cegga1GkQnlswXEOm8laGuNpB5gOQPLkPmFWQoOlByA4tOAWwdt9i1ZYSrtw+x59IhvunyIa7fNcR1u0a4cvsIk2NAtwC6hUkNMCU7akCHefEGvH7U8qTFovf1LXuQTp6T1RxkUoso7RhzXgRWJFZAk6SN3gBHBrTmonkx6KRIWlUWBiPrJt2NrMVwBCyuAdM9g+legZlyjH6658bxT/UMzvQNltaA5YED+9URrXoNkMLDqg9JHCHDR2hKGqryyQ3VsbylUnVkg5OncGzynYKqoLYrpOe1HgOiYqKnv5eRoVa5Qli0eBaAHToPwOwh93XAF/8OOHCvtikQBf5Fcr1qHkAbgFoPWK0HlKom+tVZum2BuO3YedNyNslvPZZ32/JsZt1pulTmZ7SLFQWtC44Q3PTDu/Htf/BmFGPxjjFKv2P5O8n6HgG6Ml6OykvQrzM7cpMdq+6nCcA6FvbNe9dJjnctrto+xFXbR7hi2whXbRvhtbuGuHybxWVTI+zcYrFri8XOSYstY3LHuyBMZClBBKLPo98JUBhIpuwhNntO+meTk+LLOmeAxKs2aFiWxXsI6FBGVCvNfXVosDIAFtZK4C5n2s+vGpztG8z2Dc72gZkVg7P9AvN9uOurblOe1SoHGbvVAvBz96g7JxuHZmnJeU0bzN7eIJlYb/Cgzt5bX/4cyFdUjEaAc3mmF6GCOc1SS5vEz5AdCzfXaGXODQGceBx45q+A/Z8D1paB/EqAuomAG+2H24LmhRA2A3/OZ/oquWghe7MmNLZuA5IQtFEml2EBYAo/euId2HKZO9Usc+3cig7XEwOQ+1XDClkvQUXaxIT2aU2+/6kb7gCEZVd9vygsxjvAeMdious8DbunRrg8EIURdk46wnDJ5AjbxoGdWyy2jllMjVuMdywKA4x1gMIAnQLolvLHOs0M1qbgkRta0GQNRiYsgxuOgEFpYXtLe2jd/bWhA/GVAT0Ci2sGS2sG86sGvQFwdsVgbtWB/9kVg+WBSz8YGaxZl8eaVXQ0XC/q2UkCiyufWVrGWjCmky7VyC28CtIqb0QY6izphqBcG7dF2ibWvZY8BN0zFUG7ilwoMqwWIUMiRiO3VHllFjhzwE0CfP7zjggsnAD4GD/1ALRZCdDGJdzGRb0Zcs9l3Lrx86Yy2no2NituTvcmVn7b/DRZVbLr4gJo/VZWhoIcx/Gtv34Vbv/n38xXGwjLW5sQqLrwFACuCtLlz3zeqMA+QgLk5MekIxGyqV4UBGRxJPmQLuHkvj/3wYK6f42xmBqz6HaAreMjdAtgsmsx0XFpt45bdMsnMzVmsXXcgnag28YtpogjJwuUQse5vsHqkMdcHjgr3ff3y2tu/by1FqsjN5luZB3QD62z8PtDwMpNi3LOEW0CYQLgNn0usjxZYFfiq2+IIJvselmWSsyrIZyqbm1DRgFZX55IA+JdgVIdgpBUEom2oJ8BYCmySQhNocrjIHRXSYoB7Mi5/5emgZnngUP3A89/ATj+CDDoA/oqAAr8TQmAvNcmvBys/ws1tAHac5nnBdEGNpsQxHkEwCTe98A7cPltgOkqnWculCy/0tio6Bk0oiHvexnqMsXMcaNBGws2FfezRGKd91vFaZIXiVd5PxNHzcvU1xO7lotLyAElCbXxq3Sr0qnOm0DktMTI6iDLSfJpJWeTglpVNRZ7IxlN41OrP+fB0LwCPop11n9/AZg/Bhx/HHjub4HnP+eWBY7W6JcB5TyAZUTgzxEAf95knPgbNbQd23+lHc9ryL2lTZSrKpjzEgDb8P79d2L7awHTyQCtt6YUazy8v7KzI9Y+qCwIKx1pX8n6CEUXIBKSZDIWTQOwMXyvZ2KZKkBEwcbIG1bcVywvI5LQe8k1fy46RA1Qc9Z2Qg7k/VzeWl1AB30odZ2LK1YcZImEWiaahuitppFpa9Il+cl7tC4zBCWrQ9NAyZU/14BRO28bVyqqeB3aEgJZDJZHhgBpmwapcsR1O3Lj/EungTMvOPf/ga8Cxx8FlmeAdAkgnfnvP6VetwrAh/W4g9uAxCsl7oU4HHA+9Guiy6bH1d7S9TAVOX7ir00CmMIHDt2JqasjKZBegKZzA0J/QIA8lEQ51+R5mTTvkB5gX/+hocpTwMiNBpSCKIQyIJ7TkACOIDka+KpAnAN8Eof165bfo/mobv0cyGsATQhcKEMuXlMSIeP77DNEjGZfq5sSNCKi6lBV75n8GQnS7is3ZDvJRDtvQcPvxHrXyIIlBypAtDERXQ++Hxm5LwH2zrr1/ieeBPb9DfDil918AGfVa9a/nwRYtQeA/13Xd1YBQu7aemWtV+65DE31PB/6biTP9T6LC64N+LdqPQyJHqGk98dJ7L5lB77703dg26sRhg9CP5DrEJRercoTIONkjRJKRiyJZzIdWANLJ1lrL8qQJRM2FaeBQSvg13RBCqiaOhJgZF6NPAuoJi6J7lJvLZ4iJGel576TkYvP0sj7Ji1bIrMmsDZeiVwtgTxTL03SNU7TNG5LD0C2GnLvV51AQQ7s0O3/713/008Dh+4DDt/v5gGsLXvw9+BO1/vLzwFXuf9loP0hjV/UxJWduiZDkyPj1ulG88jlR+Xm0uTiSr3XEzf3O1eWqvyq4sprdTrXyczFf1m1Afr2aYpJZdqGbnmcAjCJ991/Jy57I8Iuhtl9BcTRBzopsM34v+ZZaDt/IDtJURxRVivNT/MSOKEhetIXJr8l6AuAUYlBJq+QJmOpJQBP6p7mp07yE+BHddDK4W+wdOW5WicVBDIhPSrD0/XMphGEUBtiYul90py5TokVjas8K002i6IRTU2Wdl5RN0lQiFJl+sw1K8udEc/yEem18gxWgf48sHgSmHkBOPJ1t+xv+mlgtAakS/9ys/5H5Ajl6MO5cOO2cVNfDOc/vCLbQFvzQguSzeU8BVMoJibxjt+6Aze8r4uJne6y7FdzkwLVVQla3EQgsp160zwad5qadWPT/pOqxvRSxGrAlYCw0EO9T+TkwIyl9eSggWVcOX5PAVDWrZK/ej0Xl5IA8ZyrNvRRiVCm/pP8NbkN0tfK0giBIEiv2FCW0+baZVk3o2H5ddJFYHEamH7Gffr30H3A3BE3H8COKLBT17+cBJgDf2TOz3XYDAPMy3k5kofNKv968t3o2P1m6oJNyHfduhtwl0HVsY0iGjGIcwquvecKvPXfX4dde8G+eUCtJa2vzBldQANrnMalMq3Iv6J0uXRV8aW+TfNruypBA45KYBWWqgrW4iFocTWgbgLoibWvpZM61uTBLGZZ+U0BX8u/ARhnP+mteV6ofm10akJMc/EUy9pomWRISmLRV+mSIzqaPoocT8qHq0BvFlg4Bpx+zk32O/yA2/2vvwBwqz4H/j6O9xKMkI79rydUGUJN0+e8sdpw7Hr7YSq3Ls164m5Uryb10Casp+zrDa+4NrAZHoKmwZOC8fJvB+781b3Y+4FxbL0Gbm4BjU6AXXPXNjkCpM+hnVtdGmFtyv0LDMA/0kPyYHGN3uclqxc0ElMBRpIYSPmaRyBx+Vd06JJUaKsttHhN3OuVBEiCuVJWzbKvlEtPJAFR6qUyPZFTN3TA9K0CaFrWKiLbgkAkeEzbF5D/wJTUVbtP8xBkRxY380iTMFwDVpeA5TPA3CHgxBPAvs8413/c7U+O+UuL35+3tfw30/W7GcbTZuu03ribGV7KfOsM2XNd3y/rNtCWELSZfJhL7xmL8xZsv2437vzIjbj2bmDyUkcMmgbfuUkACf1Xhhg02W5PJRJoX2NAqoMmPxenyh1dO7MfpOOvkBXOKwAfEOkqvARGxqkoA9OREIm6PPx9WkcSfRqRBJq3v1/VPmg5JPpV5VER2DOqjBR1WE8+L0nQiE95sEO3mU9/we3qN/MccPQhN9Y//ZSbA2CHEvzpGL+f8b9e8D8fIddnvlxd+xdD+/CyaQPnqzspyN8kgG2YvGwn3vrv9uA13wFMXQN0xri1JPctABSrHjFusM5zFheJ22QPAxnX68H0Q0wgvQ2BjCBajswzoVnVmv4C7MpvJaSWNI1v0ift60YSCc2i1gBLJSgkTWPCkItLyIQkNSqAakRC1FuOVISoGTDTCIoWquQzskOfWRNyqpneENe0fLX7bVltLn2V1wNuiV9/zi3zO3sAOPO8s/if/5y7Fq1+gIO+dPnXTfiTv4Fqw6XOqLkQ4srQBkDWE3ezwkYt1Tr3dpt6uxCf6wXfBpr0DBt1Z1TJ9cc4jDCxewdu+cnrsOe9wM7XAWNbAVOkqbOz/n0Eek5B1nfGnlhkfkuXvvQu5IYavCtVG4KQlr+UxX4La5kRjpwFrJCHpsBduW9BAwtaA/ls3pre2nWqK7mgAWQl2GsgWqWPTyuJVAaIG034E4SxTmaI2kT2Jge24VZFFzFac3+ry8DyaQf8M8+5tf0zz7klf2vLAKw21i8t/dx4P5D2NReUVXUxXAyvlLCZHoL1DB/QSQ/eW+CGEoBtuOF9r8bNPzaOy24DtlyG+PVEzcJGCrQ0hP52g0WuM8i035vVqatlkGDo64TqWQGY6iZAis6VxCIXT1r1Ir7mDQhArMjN1X2TlRhZHbV7Fc+riRdARqojDEmdNfFIKIqoBE6+KyJpElXJ0wIY9NwX/ZZOAfNHgVOlm//k48CpZ1Au7/Pr9ak7X5vs54H/5eDyvxguhm+YoHVv652d2cZ9k4vjj+Pw30MI5OAHX43X/0QXl74emNjtyEHVXgHuArh3ADGe5pLPbqesxNPc8Imnwscv/1V5EFRvhpSpXfP55LwG/loDK1/1MCjglANluZuhmndGZihGhqRQd3siP6OPBMXsR4fo85TkwvD7jSYhVqGuUi4mWyljXUiqU7S1pGxK8OP7gxWgd8b9zR5woP/0p4GZfYAdAXymPt3al4K9dPU3dfev1wX8SovbJI28fyFMRNyMuBdC/V8IcZukkfc3XP+mLkLDTOSYRZUsIC2ALBQ9eq+B+zbC1FU7sOf7rsJ17wF2v955DjoTsSjJeLvsYBWCEKIr4Ouvh+TCA5FgBwXnzXDAWBU/2LBGuN/ASpbXchZxDkAqJy4K8MzKzenVVo8MeCaWskYyGnoTfBp1Pwohq+3j1vSsdIVo6ZuSB+sAfTQChituRv/KGWD2oPs79hAwe8gBP9/KlwI7tfyXlWt1Fj8NdZ1Y1VCldtTkSh3oNa3P0fSqk1NVhjahrgy5MmuAo9VL07hV/bgydpukkfK1sjWtv4tt4CVuA1W9zmYUcKOBkgM5pOD+rr3nKuz5PuDyNwHbXwtMXBKHFqpWE+SWdtncfcVrQO+BWmRKvJwuOU9FuB/+EZeu8C6oQEJYSi2Ik9+tvjZI88nEy8UFSF6aRwANdJF14CPkdMpY5hrQN7bUM+Qy0TvnndD0yz1PT3pzacvDYAVYWwJW552lP38MOPu8m9i3/6+B+SM+UZW1T/ftp+P8Ph0d40fF76ahjSVEr/n8tM49ByY5GU11aRLOldycnHNhfb7U4WIbaCd709vAZpiwuQzbnsvrVV4DOaTgtkbedu02vPrbd+A1dwOXvgHYeg0wth0oui4p61sJsMrJhpXDDEq6XOetrXaQ8x0g7mmTFUlUBnjUS6B5QqLy8X7yxIX3ozJuGT8BYOjgLdVg1xpa9gwE69LQCw1APcmPyDFqxMz9mtCYBNSksda59keDcse+BWfNL592Vv6Z/cCJhx3gL50CeuGLfUAEcTlrX07sy1n7gP6+XkiA8nIOFxo4XwwvfTjvbcBcCEqI0IQl0t8FOEHwJGESE7un8Jq7d+Kau4BLb3UehMlLge4WwBT1QwNAhVXX0K2rzTdQ5zpAYJriLaCBLX9UvBkBTxWPQRbUKqzQnLWeVAMlNSKuWg6at6JPbgioah4Ci9tAX3m/Sk72GwVU58wtGQ8A9xCVl0drbhJffwFYOev+Fo65Mf2z+51bf/oJv2kPwD++o4G93NCHju37YYEq4H8p+ofN7Ieaymoy/lrlnm2bf51Vl7N26/TVfrexti8UDLjYBs5zG9hMD8FmhTaNQo6PVBME053E5KVTeM13TOLV7wJ27QWmrgLGL3HLG4sxME8CDQl5QMbdnImv3UucChUkQ7tlyQ3tXsYTr1/MAFnWS6BdUxVsQAZIXObGr0qjAX4Tb4CSXzjUDBFU1qFCJmVeo4ED+2E5ea9fuvR7M8DCEefWP/QVYObZMu4AsEMK9hS8JbjLmf25CX1A9ft1voDhpQSlnLey7vp6vaBNwGGjeeRC2/jnM1xsA+e5DbQhBJIdtS3Iua5wqiP9TQnCODw5iBMVx7HtNVO4/I5xXHorsOtm4JI9JVHYCXQnyZCDdOeT4YAw/p5x/Sdb3SpDA8FCFVZwsnVylWyQNDQvRF01r0jV5kcyaEDeOG7VcASg7jFQl0bNX3oT2gwdCDd+dlgGAEalK3/kwH6tB6wtxvH73ilg8bjbknf+MLB4Aph9EVg6AaRr7T140/X4EuDp+L0cDmjj3s8NzbV9B3Pvb1VH2PSdbyMrF5qUs0l+67G62pZnM+tO06UJWF1sA9/AbcBoFysKulmhKp+N6qIVWB67iATBexLob39vHDtfN4VXvdMNOWy7Fpi6wg07jO8AOlsIYahAq+D2lyCjxQUYyFoCarltmNUdHKGkazrEocRtNMHPZOJKL4ZmWZs0XSMCkBlqAPLlDcSIXeD3R0MH8MNVZ9EP+yXQL5Q78J12W+0uHHZu/FOPO8B3YVAeR+RPTuCjYC+t/jqwR8X5ejrMCyFsVMfznb5KLlrI3gw9LraB85O+Si5ayD5vbUASgjbK5OI1YSdtGVYbZleXr8zHh/HyvIAjBf6YEgVTFBi/ZBJTV7sPM11yA7DzJmDba4Atl5eEYTvQ3eoIg+kCpgOYovzzlj8ILjZ0d9N5AclWyxkvQZV3oC5tyJQqkhkyUEG/yhsg45K8GpOBDHGx1t23JQbbUbTihyvOZT/oOUu+P1eC/Blg6Rgw+7yz6j3492fdeP5oNWfRU8D3QA/kLXtKDug5Ddr70ZREN+kMmpDylzIu7TQ3IqOtVbtZcXO6N7Hw2uanyaqSXRe3jdxzGfdiGzjPbWAz5xBsFrs610w2x9aKzG9KFPzvycyRxnVeiLHtBXbt7eKSG92qh8nLnZdhYhcwsdMNS4xtAYoJRx46k0Ax5rwOxZgjENJdTb0DEL81L4T2PQSrxFUnVdZ4BnJzDBgZoERCc7trngGSZrRWgvkq3Nj6qrPcR6sO1IerznpfW3DL7Xqn3Rp7/3t52rno515wE/Rc0FzsEqw9iAP6mLz2W8ry5zRo500Z/cvB0nu5hDad7LnMs60F2UTmxdAsXGwDJLwcCcFm3Ad0iyrnSdDSe9AvwEmAJA8aoeiKuF2YThedcaCYGEfRcV6FzoSby3DJDW6IYupqYGwKmLzMEYfxHY4wjG1DGLYY31GqZ9xqiqITNTcdl27Tw8hZ3RTYh6vAqB+vDZbdZ25hgcGSc8EDDrhHq+5+f86B+PJxNxY/u89NuLODaN2Phu58NBhgNEDpAiiVCEdpycvNcrT195IAaHL876YWfZv7F0P1+/iNcLwYo/fQkwAAAHBJREFUzv8zON/H8xpyhKCJcm0KtN44rV0eNbKrdMnJqbped82fVxGHHJHIpR/P5EWvVxGaCyVIwM7d18BcS58DfAnsINeh3JP5NynD+X6Z2+R/Iceteifr3tdzFfd86NdEl1dq3IttoDq/qrDhuP8f6S7G3uAUYmQAAAAASUVORK5CYII=',0,1);

/*Table structure for table `sms` */

DROP TABLE IF EXISTS `sms`;

CREATE TABLE `sms` (
  `id` int(11) unsigned NOT NULL AUTO_INCREMENT,
  `to` varchar(100) DEFAULT NULL,
  `from` varchar(100) DEFAULT NULL,
  `message` text,
  `response` text,
  `created_at` datetime DEFAULT NULL,
  PRIMARY KEY (`id`)
) ENGINE=InnoDB AUTO_INCREMENT=37 DEFAULT CHARSET=utf8;

/*Data for the table `sms` */

insert  into `sms`(`id`,`to`,`from`,`message`,`response`,`created_at`) values (1,'962777154302','KnowMx','hello','1702','2017-10-10 13:26:23'),(2,'962777154302','KnowMx','hello','1702','2017-10-10 16:08:20'),(3,'962777154302','KnowMx','hello','1702','2017-10-10 16:08:37'),(4,'962777154302','KnowMx','hello','1706|KnowMx','2017-10-10 16:09:36'),(5,'962777154302','KnowMx','hello','1701|962777154302|f21abe16-ba7d-4982-971d-67724deb14f1','2017-10-10 16:10:16'),(6,'962777154302','KnowMx','hello','1701|962777154302|38696f96-5c79-4b45-9c8c-d3261cd7c3af','2017-10-10 16:10:58'),(7,'962788471178','KnowMx','hello','1701|962788471178|0f3f40f2-8fcf-4754-8afc-dc52493c6678','2017-10-10 16:11:23'),(8,'962788471178','verify','knowmx','1701|962788471178|8b76522f-6e30-4c13-b7d3-a063b972862a','2017-10-10 16:13:08'),(9,'962788471178','962777154302','knowmx','1701|962788471178|34b109c0-bbe6-4224-9273-61b30dcc556b','2017-10-10 16:13:29'),(10,'962797570776','962777154302','knowmx','1701|962797570776|d3425380-d5c5-421c-a21d-58279f4aa029','2017-10-10 16:17:12'),(11,'962797570776','knowmx','knowmx','1701|962797570776|b6e350cd-27fc-43fb-8f2b-26aeeff97800','2017-10-10 16:17:35'),(12,NULL,'knowmx','Welcome to my compose, Your code number is 11435','1702','2017-10-10 16:29:53'),(13,NULL,'knowmx','Welcome to my compose, Your code number is 21519','1702','2017-10-10 16:31:28'),(14,'+962777154302','knowmx','Welcome to my compose, Your code number is 47971','1701|962777154302|1bd8b96e-7eba-4e3a-8e0e-59937ccf8d62','2017-10-10 16:33:04'),(15,'+962777154302','knowmx','Welcome to my compose, Your code number is 23473','1701|962777154302|89dbab43-4a0c-4282-a7a7-8bad13af9537','2017-10-11 09:51:33'),(16,'+962777154302','knowmx','Welcome to my compose, Your code number is 77613','1701|962777154302|a5b73c04-6752-44b9-8494-70c5b219fecc','2017-10-11 09:59:37'),(17,'+962777154302','knowmx','Welcome to my compose, Your code number is 68109','1701|962777154302|2b18e966-26a5-4cb9-88fb-413e9cd4eca5','2017-10-11 10:02:02'),(18,'+962777154302','knowmx','Welcome to my compose, Your code number is 48805','1701|962777154302|4682084d-16f1-4720-8b0b-2bee8c044f45','2017-10-11 10:05:33'),(19,'+962777154302','knowmx','Welcome to my compose, Your code number is 33692','1701|962777154302|37bf3636-a8a1-4e42-b446-30a4bf07424d','2017-10-11 10:06:47'),(20,'+962777154302','knowmx','Welcome to my compose, Your code number is 44325','1701|962777154302|2c832a00-2c66-4fc7-a46b-4b0a73e1ea62','2017-10-11 10:09:37'),(21,'+962777154302','knowmx','Welcome to my compose, Your code number is 31013','1701|962777154302|8d203403-ef76-4589-808c-f5dcafed1b01','2017-10-11 10:10:43'),(22,'+962777154302','knowmx','Welcome to my compose, Your code number is 33765','1701|962777154302|47104e3d-194d-4ccd-a374-3449d9f9d43c','2017-10-12 09:02:10'),(23,'+962777154302','knowmx','Welcome to my compose, Your code number is 14497','1701|962777154302|d450b848-3cda-496d-9c67-27ec222da53b','2017-10-12 11:40:14'),(24,'962786737911','knowmx','knowmx','1701|962786737911|3ba2d267-5c94-4160-b560-09d1c54b362d','2017-10-12 12:13:21'),(25,'+962777154302','knowmx','Welcome to my compose, Your code number is 99803','1701|962777154302|cbe4dfb1-73d1-4df5-b9c2-12da5f86f2ca','2017-10-12 12:34:52'),(26,'+9624434344','knowmx','Welcome to my compose, Your password is e2a8a','1701|9624434344|6a6f39a0-0198-4b85-b996-86125dd8868b','2017-10-12 12:50:44'),(27,'+962797570776','knowmx','Welcome to my compose, Your password is e2aLs','1701|962797570776|4723f2a8-cdfc-4647-ac19-270e1fd54f9b','2017-10-12 13:04:28'),(28,'+962777154302','knowmx','Welcome to my compose, Your code number is 16354','1701|962777154302|2779238b-0cd0-4067-8df8-2e991d537ec9','2017-10-12 13:49:10'),(29,'+962777154302','knowmx','Welcome to my compose, Your code number is 48100','1701|962777154302|13b90fee-847d-4f7b-af88-4c101754a527','2017-10-12 16:40:40'),(30,'+962799733208','knowmx','Welcome to my compose, Your code number is 47692','1701|962799733208|a2420c7f-f564-4c93-b2e7-e51e36bbcc40','2017-10-12 17:37:38'),(31,'+962777154302','knowmx','Welcome to my compose, Your code number is 93946','1701|962777154302|38b3a1cb-b4f0-4cf9-9be4-19114cf5396c','2017-10-31 11:31:52'),(32,'{phone}','knowmx','knowmx','1706|{phone}','2017-11-30 11:57:36'),(33,'+971 52 776 4449','MyCompose','We are pleased to invite you to the MyCompose http://mycompose.com','1706| 971 52 776 4449','2018-04-01 14:39:24'),(34,NULL,'MyCompose','We are pleased to invite you to the MyCompose http://mycompose.com','1702','2018-04-01 14:40:53'),(35,'+971527764449','MyCompose','We are pleased to invite you to the MyCompose http://mycompose.com','1701|971527764449|4ab84eeb-b537-4a29-a4c8-38134c8a7fbb','2018-04-01 14:41:06'),(36,'+971527764449','MyCompose','We are pleased to invite you to the MyCompose http://mycompose.com','1701|971527764449|e5354687-c5bf-4a6c-b1ea-27558975b15f','2018-04-01 14:41:43');

/*Table structure for table `social_facebook` */

DROP TABLE IF EXISTS `social_facebook`;

CREATE TABLE `social_facebook` (
  `id` int(11) NOT NULL AUTO_INCREMENT,
  `name` varchar(255) DEFAULT NULL,
  `gender` varchar(255) DEFAULT NULL,
  `avatar` varchar(255) DEFAULT NULL,
  `nickname` varchar(255) DEFAULT NULL,
  `created_at` timestamp NOT NULL DEFAULT CURRENT_TIMESTAMP ON UPDATE CURRENT_TIMESTAMP,
  `updated_at` time DEFAULT NULL,
  `user_id` int(11) unsigned NOT NULL,
  `link` varchar(255) DEFAULT NULL,
  `phone` varchar(255) DEFAULT NULL,
  `deleted_at` datetime DEFAULT NULL,
  PRIMARY KEY (`id`),
  KEY `user_id` (`user_id`),
  CONSTRAINT `social_facebook_ibfk_1` FOREIGN KEY (`user_id`) REFERENCES `users` (`id`)
) ENGINE=InnoDB DEFAULT CHARSET=utf8;

/*Data for the table `social_facebook` */

/*Table structure for table `social_google` */

DROP TABLE IF EXISTS `social_google`;

CREATE TABLE `social_google` (
  `id` int(11) NOT NULL AUTO_INCREMENT,
  `name` varchar(255) DEFAULT NULL,
  `nickname` varchar(255) DEFAULT NULL,
  `language` varchar(255) DEFAULT NULL,
  `avatar` varchar(255) DEFAULT NULL,
  `user_id` int(11) DEFAULT NULL,
  `created_at` timestamp NULL DEFAULT NULL,
  `updated_at` timestamp NULL DEFAULT NULL,
  `account_id` varchar(255) DEFAULT NULL,
  PRIMARY KEY (`id`)
) ENGINE=InnoDB AUTO_INCREMENT=2 DEFAULT CHARSET=utf8;

/*Data for the table `social_google` */

insert  into `social_google`(`id`,`name`,`nickname`,`language`,`avatar`,`user_id`,`created_at`,`updated_at`,`account_id`) values (1,'Moath Odat','Basic12','en','https://lh3.googleusercontent.com/-fTegu-WyBBI/AAAAAAAAAAI/AAAAAAAABK0/Su9Ugk-si6w/photo.jpg?sz=50',32,NULL,NULL,'104129088520037433655');

/*Table structure for table `social_linkedin` */

DROP TABLE IF EXISTS `social_linkedin`;

CREATE TABLE `social_linkedin` (
  `id` int(11) NOT NULL AUTO_INCREMENT,
  `name` varchar(255) DEFAULT NULL,
  `headline` varchar(255) DEFAULT NULL,
  `industry` varchar(255) DEFAULT NULL,
  `country` varchar(255) DEFAULT NULL,
  `nickname` varchar(255) DEFAULT NULL,
  `account_id` varchar(255) DEFAULT NULL,
  `created_at` timestamp NULL DEFAULT NULL ON UPDATE CURRENT_TIMESTAMP,
  `updated_at` timestamp NULL DEFAULT NULL,
  `avatar` varchar(255) DEFAULT NULL,
  `user_id` int(11) NOT NULL,
  PRIMARY KEY (`id`)
) ENGINE=InnoDB DEFAULT CHARSET=utf8;

/*Data for the table `social_linkedin` */

/*Table structure for table `social_media` */

DROP TABLE IF EXISTS `social_media`;

CREATE TABLE `social_media` (
  `id` int(11) NOT NULL AUTO_INCREMENT,
  `fb_id` varchar(255) DEFAULT NULL,
  `fb_name` varchar(255) DEFAULT NULL,
  `fb_gender` varchar(255) DEFAULT NULL,
  `fb_avatar` varchar(255) DEFAULT NULL,
  `created_at` timestamp NULL DEFAULT NULL,
  `updated_at` timestamp NULL DEFAULT NULL,
  `user_id` int(11) unsigned DEFAULT NULL,
  `fb_nickname` varchar(255) DEFAULT NULL,
  `fb_link` varchar(255) DEFAULT NULL,
  `go_id` varchar(255) DEFAULT NULL,
  `go_nickname` varchar(255) DEFAULT NULL,
  `go_language` varchar(255) DEFAULT NULL,
  `go_name` varchar(255) DEFAULT NULL,
  `go_avatar` varchar(255) DEFAULT NULL,
  `in_headline` varchar(255) DEFAULT NULL,
  `in_industry` varchar(255) DEFAULT NULL,
  `in_country` varchar(255) DEFAULT NULL,
  `in_avatar` varchar(255) DEFAULT NULL,
  `in_id` varchar(100) DEFAULT NULL,
  `in_name` varchar(255) DEFAULT NULL,
  `in_nickname` varchar(255) DEFAULT NULL,
  PRIMARY KEY (`id`),
  KEY `user_id` (`user_id`),
  CONSTRAINT `social_media_ibfk_1` FOREIGN KEY (`user_id`) REFERENCES `users` (`id`)
) ENGINE=InnoDB DEFAULT CHARSET=utf8;

/*Data for the table `social_media` */

/*Table structure for table `stamps` */

DROP TABLE IF EXISTS `stamps`;

CREATE TABLE `stamps` (
  `id` int(11) unsigned NOT NULL AUTO_INCREMENT,
  `name` varchar(50) NOT NULL,
  `description` text,
  `file_id` int(11) unsigned NOT NULL,
  `created_at` datetime DEFAULT NULL,
  `updated_at` datetime DEFAULT NULL,
  `deleted_at` timestamp NULL DEFAULT NULL,
  PRIMARY KEY (`id`),
  KEY `file_id` (`file_id`)
) ENGINE=InnoDB DEFAULT CHARSET=utf8;

/*Data for the table `stamps` */

/*Table structure for table `success_logins` */

DROP TABLE IF EXISTS `success_logins`;

CREATE TABLE `success_logins` (
  `id` int(10) unsigned NOT NULL AUTO_INCREMENT,
  `user_id` int(10) unsigned NOT NULL,
  `ip_address` char(15) NOT NULL,
  `user_agent` varchar(120) NOT NULL,
  `created_at` timestamp NULL DEFAULT NULL,
  `updated_at` timestamp NULL DEFAULT NULL,
  `deleted_at` timestamp NULL DEFAULT NULL,
  PRIMARY KEY (`id`),
  KEY `user_id` (`user_id`)
) ENGINE=InnoDB DEFAULT CHARSET=utf8;

/*Data for the table `success_logins` */

/*Table structure for table `templates` */

DROP TABLE IF EXISTS `templates`;

CREATE TABLE `templates` (
  `id` int(11) unsigned NOT NULL AUTO_INCREMENT,
  `title` varchar(50) DEFAULT NULL,
  `content` text,
  `created_at` datetime DEFAULT NULL,
  `updated_at` datetime DEFAULT NULL,
  `document_layout_id` int(11) unsigned NOT NULL,
  `deleted_at` timestamp NULL DEFAULT NULL,
  PRIMARY KEY (`id`),
  KEY `design_id` (`document_layout_id`)
) ENGINE=InnoDB AUTO_INCREMENT=4 DEFAULT CHARSET=utf8;

/*Data for the table `templates` */

insert  into `templates`(`id`,`title`,`content`,`created_at`,`updated_at`,`document_layout_id`,`deleted_at`) values (1,'template1','template1 template1 template1 template1 template1 template1 template1 template1 template1 template1 template1 template1 template1 template1template1\r\ntemplate1 template1 template1 template1 template1 template1 template1 template1 template1 template1 template1 template1 template1 template1template1\r\ntemplate1 template1 template1 template1 template1 template1 template1 template1 template1 template1 template1 template1 template1 template1template1\r\ntemplate1 template1 template1 template1 template1 template1 template1 template1 template1 template1 template1 template1 template1 template1template1\r\ntemplate1 template1 template1 template1 template1 template1 template1 template1 template1 template1 template1 template1 template1 template1template1\r\ntemplate1 template1 template1 template1 template1 template1 template1 template1 template1 template1 template1 template1 template1 template1template1','2017-07-09 01:21:14','2017-07-09 01:21:22',1,NULL),(3,'template 2','Leave template\r\n','2017-07-11 12:08:59','2017-07-11 12:09:03',1,NULL);

/*Table structure for table `templates_documents` */

DROP TABLE IF EXISTS `templates_documents`;

CREATE TABLE `templates_documents` (
  `id` int(11) unsigned NOT NULL AUTO_INCREMENT,
  `title` varchar(255) DEFAULT NULL,
  `content` longtext,
  `category_id` int(11) unsigned NOT NULL,
  `privacy` enum('public','private','copy link') DEFAULT 'private',
  `expiry_date` datetime DEFAULT NULL,
  `account_id` int(11) unsigned DEFAULT NULL,
  `user_id` int(11) unsigned DEFAULT NULL,
  `layout_id` int(11) unsigned NOT NULL,
  `created_at` datetime DEFAULT NULL,
  `updated_at` datetime DEFAULT NULL,
  `deleted_at` timestamp NULL DEFAULT NULL,
  PRIMARY KEY (`id`),
  KEY `user_id` (`account_id`),
  KEY `design_id` (`layout_id`),
  KEY `type_id` (`category_id`)
) ENGINE=InnoDB AUTO_INCREMENT=14 DEFAULT CHARSET=utf8;

/*Data for the table `templates_documents` */

insert  into `templates_documents`(`id`,`title`,`content`,`category_id`,`privacy`,`expiry_date`,`account_id`,`user_id`,`layout_id`,`created_at`,`updated_at`,`deleted_at`) values (2,'cdcdcs','dfdsvcsdcsd',1,'private',NULL,1,NULL,1,'2017-10-09 11:08:24',NULL,NULL),(3,'cdcdcs','dfdsvcsdcsd',1,'private',NULL,1,NULL,1,'2017-10-09 11:09:59',NULL,NULL),(4,'cdcdcs','dfdsvcsdcsd',1,'private',NULL,1,NULL,1,'2017-10-09 11:11:00',NULL,NULL),(5,'cdcdcs','dfdsvcsdcsd',1,'private',NULL,1,NULL,1,'2017-10-09 11:14:03',NULL,NULL),(6,'cdcdcs','dfdsvcsdcsd',1,'private',NULL,1,NULL,1,'2017-10-09 11:15:42',NULL,NULL),(7,'cdcdcs','dfdsvcsdcsd',1,'private',NULL,1,NULL,1,'2017-10-09 11:16:42',NULL,NULL),(8,'cdcdcs','dfdsvcsdcsd',1,'private',NULL,1,NULL,1,'2017-10-09 11:16:57',NULL,NULL),(9,'cdcdcs','dfdsvcsdcsd',1,'private',NULL,1,NULL,1,'2017-10-09 11:18:16',NULL,NULL),(10,'cdcdcs','dfdsvcsdcsd',1,'private',NULL,1,NULL,1,'2017-10-09 11:20:26',NULL,NULL),(11,'cdcdcs','dfdsvcsdcsd',1,'private',NULL,1,NULL,1,'2017-10-09 11:31:00',NULL,NULL),(12,'cdcdcs','dfdsvcsdcsd',1,'private',NULL,NULL,3,1,'2017-10-09 11:33:38',NULL,NULL),(13,'cdcdcs','dfdsvcsdcsd',1,'private',NULL,1,NULL,1,'2017-10-09 11:34:42',NULL,NULL);

/*Table structure for table `themes` */

DROP TABLE IF EXISTS `themes`;

CREATE TABLE `themes` (
  `id` int(10) unsigned NOT NULL AUTO_INCREMENT,
  `name` varchar(255) COLLATE utf8_unicode_ci NOT NULL,
  `link` varchar(255) COLLATE utf8_unicode_ci NOT NULL,
  `notes` varchar(255) COLLATE utf8_unicode_ci DEFAULT NULL,
  `status` tinyint(1) NOT NULL DEFAULT '1',
  `taggable_id` int(10) unsigned NOT NULL,
  `taggable_type` varchar(255) COLLATE utf8_unicode_ci NOT NULL,
  `created_at` timestamp NULL DEFAULT NULL,
  `updated_at` timestamp NULL DEFAULT NULL,
  `deleted_at` timestamp NULL DEFAULT NULL,
  PRIMARY KEY (`id`),
  UNIQUE KEY `themes_name_unique` (`name`),
  UNIQUE KEY `themes_link_unique` (`link`),
  KEY `themes_taggable_id_taggable_type_index` (`taggable_id`,`taggable_type`),
  KEY `themes_id_index` (`id`)
) ENGINE=InnoDB DEFAULT CHARSET=utf8 COLLATE=utf8_unicode_ci;

/*Data for the table `themes` */

/*Table structure for table `transaction` */

DROP TABLE IF EXISTS `transaction`;

CREATE TABLE `transaction` (
  `id` int(11) unsigned NOT NULL AUTO_INCREMENT,
  `title` varchar(255) DEFAULT NULL,
  `content` text,
  `is_delivered` tinyint(1) DEFAULT '0',
  `is_read` tinyint(1) DEFAULT '0',
  `created_at` datetime DEFAULT NULL,
  `updated_at` datetime DEFAULT NULL,
  `type` enum('account','department','email') NOT NULL,
  `type_id` int(11) unsigned DEFAULT NULL,
  `deleted_at` timestamp NULL DEFAULT NULL,
  PRIMARY KEY (`id`)
) ENGINE=InnoDB DEFAULT CHARSET=utf8;

/*Data for the table `transaction` */

/*Table structure for table `translator_languages` */

DROP TABLE IF EXISTS `translator_languages`;

CREATE TABLE `translator_languages` (
  `id` int(10) unsigned NOT NULL AUTO_INCREMENT,
  `locale` varchar(10) COLLATE utf8_unicode_ci NOT NULL,
  `name` varchar(60) COLLATE utf8_unicode_ci NOT NULL,
  `created_at` timestamp NULL DEFAULT NULL,
  `updated_at` timestamp NULL DEFAULT NULL,
  `deleted_at` timestamp NULL DEFAULT NULL,
  `direction` enum('ltr','rtl') COLLATE utf8_unicode_ci DEFAULT 'ltr',
  PRIMARY KEY (`id`),
  UNIQUE KEY `translator_languages_locale_unique` (`locale`),
  UNIQUE KEY `translator_languages_name_unique` (`name`)
) ENGINE=InnoDB AUTO_INCREMENT=3 DEFAULT CHARSET=utf8 COLLATE=utf8_unicode_ci;

/*Data for the table `translator_languages` */

insert  into `translator_languages`(`id`,`locale`,`name`,`created_at`,`updated_at`,`deleted_at`,`direction`) values (1,'en','English','2017-07-19 10:32:35','2017-07-19 10:32:36',NULL,'ltr'),(2,'ar','Arabic','2017-07-19 10:33:02','2017-07-19 10:33:03',NULL,'rtl');

/*Table structure for table `translator_translations` */

DROP TABLE IF EXISTS `translator_translations`;

CREATE TABLE `translator_translations` (
  `id` int(10) unsigned NOT NULL AUTO_INCREMENT,
  `locale` varchar(10) COLLATE utf8_unicode_ci NOT NULL,
  `namespace` varchar(150) COLLATE utf8_unicode_ci NOT NULL DEFAULT '*',
  `group` varchar(150) COLLATE utf8_unicode_ci NOT NULL,
  `item` varchar(150) COLLATE utf8_unicode_ci NOT NULL,
  `text` text COLLATE utf8_unicode_ci NOT NULL,
  `unstable` tinyint(1) NOT NULL DEFAULT '0',
  `locked` tinyint(1) NOT NULL DEFAULT '0',
  `created_at` timestamp NULL DEFAULT NULL,
  `updated_at` timestamp NULL DEFAULT NULL,
  `deleted_at` timestamp NULL DEFAULT NULL,
  PRIMARY KEY (`id`),
  UNIQUE KEY `translator_translations_locale_namespace_group_item_unique` (`locale`,`namespace`,`group`,`item`)
) ENGINE=InnoDB AUTO_INCREMENT=589 DEFAULT CHARSET=utf8 COLLATE=utf8_unicode_ci;

/*Data for the table `translator_translations` */

insert  into `translator_translations`(`id`,`locale`,`namespace`,`group`,`item`,`text`,`unstable`,`locked`,`created_at`,`updated_at`,`deleted_at`) values (2,'en','crud','buttons','create','New',0,0,'2017-07-19 07:33:15','2017-07-19 07:33:15',NULL),(3,'en','crud','buttons','edit','Edit',0,0,'2017-07-19 07:33:15','2017-07-19 07:33:15',NULL),(4,'en','crud','buttons','destroy','Delete',0,0,'2017-07-19 07:33:15','2017-07-19 07:33:15',NULL),(5,'en','crud','buttons','back','Back',0,0,'2017-07-19 07:33:15','2017-07-19 07:33:15',NULL),(6,'en','crud','buttons','save','Save',0,0,'2017-07-19 07:33:15','2017-07-19 07:33:15',NULL),(7,'en','crud','form','update_title',':Name update',0,0,'2017-07-19 07:33:15','2017-07-19 07:33:15',NULL),(8,'en','crud','form','create_title',':Name create',0,0,'2017-07-19 07:33:15','2017-07-19 07:33:15',NULL),(9,'en','crud','table','count_results','{0} No entries|{1} 1 entry|[2,Inf] :count entries',0,0,'2017-07-19 07:33:13','2017-07-19 07:33:13',NULL),(10,'en','crud','table','title',':Name list',0,0,'2017-07-19 07:33:15','2017-07-19 07:33:15',NULL),(11,'en','plupload','ui','browse','Browse',0,0,'2017-07-19 07:33:15','2017-07-19 07:33:15',NULL),(12,'en','plupload','ui','upload','Upload',0,0,'2017-07-19 07:33:15','2017-07-19 07:33:15',NULL),(13,'ar','*','common','save','حفظ',1,0,'2017-07-19 07:33:15','2018-02-14 10:44:09',NULL),(14,'ar','*','users','shortname','الأعضاء',1,0,'2017-07-19 07:33:15','2018-02-14 10:44:08',NULL),(15,'ar','*','users','name','الاسم',1,0,'2017-07-19 07:33:15','2018-02-14 10:44:08',NULL),(16,'ar','*','users','email','الايميل',1,0,'2017-07-19 07:33:15','2018-02-14 10:44:08',NULL),(17,'ar','*','users','first_name','الاسم الاول',1,0,'2017-07-19 07:33:15','2018-02-14 10:44:08',NULL),(18,'ar','*','users','last_name','الاسم الاخير',1,0,'2017-07-19 07:33:15','2018-02-14 10:44:08',NULL),(19,'ar','*','users','user_name','اسم المستخدم',1,0,'2017-07-19 07:33:15','2018-02-14 10:44:08',NULL),(20,'ar','*','users','password','كلمة المرور',1,0,'2017-07-19 07:33:15','2018-02-14 10:44:08',NULL),(21,'ar','*','users','re_password','تأكيد كلمة المرور',1,0,'2017-07-19 07:33:15','2018-02-14 10:44:08',NULL),(22,'ar','*','users','status','الحالة',1,0,'2017-07-19 07:33:16','2018-02-14 10:44:08',NULL),(23,'ar','*','users','image','الصورة',0,0,'2017-07-19 07:33:16','2017-07-19 07:33:16',NULL),(24,'ar','*','users','titles.add_user','اضافة عضو',1,0,'2017-07-19 07:33:16','2018-02-14 10:44:08',NULL),(25,'ar','*','users','titles.manage_users','ادارة الأعضاء',1,0,'2017-07-19 07:33:16','2018-02-14 10:44:08',NULL),(26,'en','*','components/datatables','sEmptyTable','No data available in table',0,0,'2017-07-19 07:33:16','2017-07-19 07:33:16',NULL),(27,'en','*','components/datatables','sInfo','Showing _START_ to _END_ of _TOTAL_ entries',0,0,'2017-07-19 07:33:16','2017-07-19 07:33:16',NULL),(28,'en','*','components/datatables','sInfoEmpty','Showing 0 to 0 of 0 entries',0,0,'2017-07-19 07:33:16','2017-07-19 07:33:16',NULL),(29,'en','*','components/datatables','sInfoFiltered','(filtered from _MAX_ total entries)',0,0,'2017-07-19 07:33:16','2017-07-19 07:33:16',NULL),(30,'en','*','components/datatables','sInfoPostFix','',0,0,'2017-07-19 07:33:16','2017-07-19 07:33:16',NULL),(31,'en','*','components/datatables','sInfoThousands','',0,0,'2017-07-19 07:33:16','2017-07-19 07:33:16',NULL),(32,'en','*','components/datatables','sLengthMenu','Show _MENU_ entries',0,0,'2017-07-19 07:33:16','2017-07-19 07:33:16',NULL),(33,'en','*','components/datatables','sLoadingRecords','Processing...',0,0,'2017-07-19 07:33:16','2017-07-19 07:33:16',NULL),(34,'en','*','components/datatables','sProcessing','Loading...',0,0,'2017-07-19 07:33:16','2017-07-19 07:33:16',NULL),(35,'en','*','components/datatables','sSearch','Search ',0,0,'2017-07-19 07:33:16','2017-07-19 07:33:16',NULL),(36,'en','*','components/datatables','sZeroRecords','No matching records found',0,0,'2017-07-19 07:33:16','2017-07-19 07:33:16',NULL),(37,'en','*','components/datatables','sUrl','',0,0,'2017-07-19 07:33:16','2017-07-19 07:33:16',NULL),(38,'en','*','components/datatables','oPaginate.sFirst','First',0,0,'2017-07-19 07:33:16','2017-07-19 07:33:16',NULL),(39,'en','*','components/datatables','oPaginate.sPrevious','Previous',0,0,'2017-07-19 07:33:16','2017-07-19 07:33:16',NULL),(40,'en','*','components/datatables','oPaginate.sNext','Next',0,0,'2017-07-19 07:33:17','2017-07-19 07:33:17',NULL),(41,'en','*','components/datatables','oPaginate.sLast','Last',0,0,'2017-07-19 07:33:17','2017-07-19 07:33:17',NULL),(42,'en','*','components/datatables','oAria.sSortAscending','activate to sort column ascending',0,0,'2017-07-19 07:33:17','2017-07-19 07:33:17',NULL),(43,'en','*','components/datatables','oAria.sSortDescending','activate to sort column descending',0,0,'2017-07-19 07:33:17','2017-07-19 07:33:17',NULL),(44,'en','*','auth','failed','These credentials do not match our records.',0,0,'2017-07-19 07:33:17','2017-07-19 07:33:17',NULL),(45,'en','*','auth','throttle','Too many login attempts. Please try again in :seconds seconds.',0,0,'2017-07-19 07:33:17','2017-07-19 07:33:17',NULL),(46,'en','*','common','save','Save',0,0,'2017-07-19 07:33:17','2017-07-19 07:33:17',NULL),(47,'en','*','companies','shortname','Companies',0,0,'2017-07-19 07:33:17','2018-03-13 06:51:09',NULL),(48,'en','*','companies','name','Name',0,0,'2017-07-19 07:33:17','2017-07-19 07:33:17',NULL),(49,'en','*','companies','number_of_branches','Number of Branches',0,0,'2017-07-19 07:33:17','2017-07-19 07:33:17',NULL),(50,'en','*','companies','number_of_departments','Number of Departments',0,0,'2017-07-19 07:33:17','2017-07-19 07:33:17',NULL),(51,'en','*','companies','number_of_accounts','Number of Accounts',0,0,'2017-07-19 07:33:17','2017-07-19 07:33:17',NULL),(52,'en','*','companies','titles.add_company','Add Company',0,0,'2017-07-19 07:33:17','2017-07-19 07:33:17',NULL),(53,'en','*','companies','titles.manage_companies','Manage Companies',0,0,'2017-07-19 07:33:17','2017-07-19 07:33:17',NULL),(54,'en','*','pagination','previous','&laquo; Previous',0,0,'2017-07-19 07:33:17','2017-07-19 07:33:17',NULL),(55,'en','*','pagination','next','Next &raquo;',0,0,'2017-07-19 07:33:17','2017-07-19 07:33:17',NULL),(56,'en','*','passwords','password','Passwords must be at least six characters and match the confirmation.',0,0,'2017-07-19 07:33:17','2017-07-19 07:33:17',NULL),(57,'en','*','passwords','reset','Your password has been reset!',0,0,'2017-07-19 07:33:17','2017-07-19 07:33:17',NULL),(58,'en','*','passwords','sent','We have e-mailed your password reset link!',0,0,'2017-07-19 07:33:18','2017-07-19 07:33:18',NULL),(59,'en','*','passwords','token','This password reset token is invalid.',0,0,'2017-07-19 07:33:18','2017-07-19 07:33:18',NULL),(60,'en','*','passwords','user','We can\'t find a user with that e-mail address.',0,0,'2017-07-19 07:33:18','2017-07-19 07:33:18',NULL),(61,'en','*','users','shortname','Users',0,0,'2017-07-19 07:33:18','2017-07-19 07:33:18',NULL),(62,'en','*','users','name','Name',0,0,'2017-07-19 07:33:18','2017-07-19 07:33:18',NULL),(63,'en','*','users','email','Email',0,0,'2017-07-19 07:33:18','2017-07-19 07:33:18',NULL),(64,'en','*','users','first_name','First Name',0,0,'2017-07-19 07:33:18','2017-07-19 07:33:18',NULL),(65,'en','*','users','last_name','Last Name',0,0,'2017-07-19 07:33:18','2017-07-19 07:33:18',NULL),(66,'en','*','users','user_name','User Name',0,0,'2017-07-19 07:33:18','2017-07-19 07:33:18',NULL),(67,'en','*','users','password','Password',0,0,'2017-07-19 07:33:18','2017-07-19 07:33:18',NULL),(68,'en','*','users','re_password','Re Password',0,0,'2017-07-19 07:33:18','2017-07-19 07:33:18',NULL),(69,'en','*','users','status','Status',0,0,'2017-07-19 07:33:18','2017-07-19 07:33:18',NULL),(70,'en','*','users','image','Image',0,0,'2017-07-19 07:33:18','2017-07-19 07:33:18',NULL),(71,'en','*','users','titles.add_user','Add User',0,0,'2017-07-19 07:33:18','2017-07-19 07:33:18',NULL),(72,'en','*','users','titles.manage_users','Manage Users',0,0,'2017-07-19 07:33:18','2017-07-19 07:33:18',NULL),(73,'en','*','validation','accepted','The :attribute must be accepted.',0,0,'2017-07-19 07:33:18','2017-07-19 07:33:18',NULL),(74,'en','*','validation','active_url','The :attribute is not a valid URL.',0,0,'2017-07-19 07:33:18','2017-07-19 07:33:18',NULL),(75,'en','*','validation','after','The :attribute must be a date after :date.',0,0,'2017-07-19 07:33:18','2017-07-19 07:33:18',NULL),(76,'en','*','validation','after_or_equal','The :attribute must be a date after or equal to :date.',0,0,'2017-07-19 07:33:19','2017-07-19 07:33:19',NULL),(77,'en','*','validation','alpha','The :attribute may only contain letters.',0,0,'2017-07-19 07:33:19','2017-07-19 07:33:19',NULL),(78,'en','*','validation','alpha_dash','The :attribute may only contain letters, numbers, and dashes.',0,0,'2017-07-19 07:33:19','2017-07-19 07:33:19',NULL),(79,'en','*','validation','alpha_num','The :attribute may only contain letters and numbers.',0,0,'2017-07-19 07:33:19','2017-07-19 07:33:19',NULL),(80,'en','*','validation','array','The :attribute must be an array.',0,0,'2017-07-19 07:33:19','2017-07-19 07:33:19',NULL),(81,'en','*','validation','before','The :attribute must be a date before :date.',0,0,'2017-07-19 07:33:19','2017-07-19 07:33:19',NULL),(82,'en','*','validation','before_or_equal','The :attribute must be a date before or equal to :date.',0,0,'2017-07-19 07:33:19','2017-07-19 07:33:19',NULL),(83,'en','*','validation','between.numeric','The :attribute must be between :min and :max.',0,0,'2017-07-19 07:33:19','2017-07-19 07:33:19',NULL),(84,'en','*','validation','between.file','The :attribute must be between :min and :max kilobytes.',0,0,'2017-07-19 07:33:19','2017-07-19 07:33:19',NULL),(85,'en','*','validation','between.string','The :attribute must be between :min and :max characters.',0,0,'2017-07-19 07:33:19','2017-07-19 07:33:19',NULL),(86,'en','*','validation','between.array','The :attribute must have between :min and :max items.',0,0,'2017-07-19 07:33:19','2017-07-19 07:33:19',NULL),(87,'en','*','validation','boolean','The :attribute field must be true or false.',0,0,'2017-07-19 07:33:19','2017-07-19 07:33:19',NULL),(88,'en','*','validation','confirmed','The :attribute confirmation does not match.',0,0,'2017-07-19 07:33:19','2017-07-19 07:33:19',NULL),(89,'en','*','validation','date','The :attribute is not a valid date.',0,0,'2017-07-19 07:33:19','2017-07-19 07:33:19',NULL),(90,'en','*','validation','date_format','The :attribute does not match the format :format.',0,0,'2017-07-19 07:33:19','2017-07-19 07:33:19',NULL),(91,'en','*','validation','different','The :attribute and :other must be different.',0,0,'2017-07-19 07:33:19','2017-07-19 07:33:19',NULL),(92,'en','*','validation','digits','The :attribute must be :digits digits.',0,0,'2017-07-19 07:33:19','2017-07-19 07:33:19',NULL),(93,'en','*','validation','digits_between','The :attribute must be between :min and :max digits.',0,0,'2017-07-19 07:33:20','2017-07-19 07:33:20',NULL),(94,'en','*','validation','dimensions','The :attribute has invalid image dimensions.',0,0,'2017-07-19 07:33:20','2017-07-19 07:33:20',NULL),(95,'en','*','validation','distinct','The :attribute field has a duplicate value.',0,0,'2017-07-19 07:33:20','2017-07-19 07:33:20',NULL),(96,'en','*','validation','email','The :attribute must be a valid email address.',0,0,'2017-07-19 07:33:20','2017-07-19 07:33:20',NULL),(97,'en','*','validation','exists','The selected :attribute is invalid.',0,0,'2017-07-19 07:33:20','2017-07-19 07:33:20',NULL),(98,'en','*','validation','file','The :attribute must be a file.',0,0,'2017-07-19 07:33:20','2017-07-19 07:33:20',NULL),(99,'en','*','validation','filled','The :attribute field must have a value.',0,0,'2017-07-19 07:33:18','2017-07-19 07:33:18',NULL),(100,'en','*','validation','image','The :attribute must be an image.',0,0,'2017-07-19 07:33:19','2017-07-19 07:33:19',NULL),(101,'en','*','validation','in','The selected :attribute is invalid.',0,0,'2017-07-19 07:33:20','2017-07-19 07:33:20',NULL),(102,'en','*','validation','in_array','The :attribute field does not exist in :other.',0,0,'2017-07-19 07:33:20','2017-07-19 07:33:20',NULL),(103,'en','*','validation','integer','The :attribute must be an integer.',0,0,'2017-07-19 07:33:20','2017-07-19 07:33:20',NULL),(104,'en','*','validation','ip','The :attribute must be a valid IP address.',0,0,'2017-07-19 07:33:20','2017-07-19 07:33:20',NULL),(105,'en','*','validation','ipv4','The :attribute must be a valid IPv4 address.',0,0,'2017-07-19 07:33:20','2017-07-19 07:33:20',NULL),(106,'en','*','validation','ipv6','The :attribute must be a valid IPv6 address.',0,0,'2017-07-19 07:33:20','2017-07-19 07:33:20',NULL),(107,'en','*','validation','json','The :attribute must be a valid JSON string.',0,0,'2017-07-19 07:33:20','2017-07-19 07:33:20',NULL),(108,'en','*','validation','max.numeric','The :attribute may not be greater than :max.',0,0,'2017-07-19 07:33:20','2017-07-19 07:33:20',NULL),(109,'en','*','validation','max.file','The :attribute may not be greater than :max kilobytes.',0,0,'2017-07-19 07:33:20','2017-07-19 07:33:20',NULL),(110,'en','*','validation','max.string','The :attribute may not be greater than :max characters.',0,0,'2017-07-19 07:33:21','2017-07-19 07:33:21',NULL),(111,'en','*','validation','max.array','The :attribute may not have more than :max items.',0,0,'2017-07-19 07:33:21','2017-07-19 07:33:21',NULL),(112,'en','*','validation','mimes','The :attribute must be a file of type: :values.',0,0,'2017-07-19 07:33:21','2017-07-19 07:33:21',NULL),(113,'en','*','validation','mimetypes','The :attribute must be a file of type: :values.',0,0,'2017-07-19 07:33:21','2017-07-19 07:33:21',NULL),(114,'en','*','validation','min.numeric','The :attribute must be at least :min.',0,0,'2017-07-19 07:33:21','2017-07-19 07:33:21',NULL),(115,'en','*','validation','min.file','The :attribute must be at least :min kilobytes.',0,0,'2017-07-19 07:33:21','2017-07-19 07:33:21',NULL),(116,'en','*','validation','min.string','The :attribute must be at least :min characters.',0,0,'2017-07-19 07:33:21','2017-07-19 07:33:21',NULL),(117,'en','*','validation','min.array','The :attribute must have at least :min items.',0,0,'2017-07-19 07:33:21','2017-07-19 07:33:21',NULL),(118,'en','*','validation','not_in','The selected :attribute is invalid.',0,0,'2017-07-19 07:33:21','2017-07-19 07:33:21',NULL),(119,'en','*','validation','numeric','The :attribute must be a number.',0,0,'2017-07-19 07:33:21','2017-07-19 07:33:21',NULL),(120,'en','*','validation','present','The :attribute field must be present.',0,0,'2017-07-19 07:33:21','2017-07-19 07:33:21',NULL),(121,'en','*','validation','regex','The :attribute format is invalid.',0,0,'2017-07-19 07:33:21','2017-07-19 07:33:21',NULL),(122,'en','*','validation','required','The :attribute field is required.',0,0,'2017-07-19 07:33:21','2017-07-19 07:33:21',NULL),(123,'en','*','validation','required_if','The :attribute field is required when :other is :value.',0,0,'2017-07-19 07:33:21','2017-07-19 07:33:21',NULL),(124,'en','*','validation','required_unless','The :attribute field is required unless :other is in :values.',0,0,'2017-07-19 07:33:21','2017-07-19 07:33:21',NULL),(125,'en','*','validation','required_with','The :attribute field is required when :values is present.',0,0,'2017-07-19 07:33:21','2017-07-19 07:33:21',NULL),(126,'en','*','validation','required_with_all','The :attribute field is required when :values is present.',0,0,'2017-07-19 07:33:21','2017-07-19 07:33:21',NULL),(127,'en','*','validation','required_without','The :attribute field is required when :values is not present.',0,0,'2017-07-19 07:33:22','2017-07-19 07:33:22',NULL),(128,'en','*','validation','required_without_all','The :attribute field is required when none of :values are present.',0,0,'2017-07-19 07:33:22','2017-07-19 07:33:22',NULL),(129,'en','*','validation','same','The :attribute and :other must match.',0,0,'2017-07-19 07:33:22','2017-07-19 07:33:22',NULL),(130,'en','*','validation','size.numeric','The :attribute must be :size.',0,0,'2017-07-19 07:33:22','2017-07-19 07:33:22',NULL),(131,'en','*','validation','size.file','The :attribute must be :size kilobytes.',0,0,'2017-07-19 07:33:22','2017-07-19 07:33:22',NULL),(132,'en','*','validation','size.string','The :attribute must be :size characters.',0,0,'2017-07-19 07:33:22','2017-07-19 07:33:22',NULL),(133,'en','*','validation','size.array','The :attribute must contain :size items.',0,0,'2017-07-19 07:33:22','2017-07-19 07:33:22',NULL),(134,'en','*','validation','string','The :attribute must be a string.',0,0,'2017-07-19 07:33:22','2017-07-19 07:33:22',NULL),(135,'en','*','validation','timezone','The :attribute must be a valid zone.',0,0,'2017-07-19 07:33:22','2017-07-19 07:33:22',NULL),(136,'en','*','validation','unique','The :attribute has already been taken.',0,0,'2017-07-19 07:33:22','2017-07-19 07:33:22',NULL),(137,'en','*','validation','uploaded','The :attribute failed to upload.',0,0,'2017-07-19 07:33:22','2017-07-19 07:33:22',NULL),(138,'en','*','validation','url','The :attribute format is invalid.',0,0,'2017-07-19 07:33:22','2017-07-19 07:33:22',NULL),(139,'en','*','validation','custom.attribute-name.rule-name','custom-message',0,0,'2017-07-19 07:33:22','2017-07-19 07:33:22',NULL),(140,'ar','*','responses/login','pre_flash_message','\n        <h4>Nice!</h4>\n        <p>Let\'s try this login form.</p>\n    ',0,0,'2017-07-19 09:59:11','2017-07-19 09:59:11',NULL),(141,'ar','*','responses/login','no_user','Email or password not found, please try again!',0,0,'2017-07-19 09:59:11','2017-07-19 09:59:11',NULL),(142,'ar','*','responses/register','pre_flash_message','\n        <h4>Database is empty.</h4>\n        <p>Now, let\'s try this registration form first.</p>\n    ',0,0,'2017-07-19 09:59:11','2017-07-19 09:59:11',NULL),(143,'ar','*','responses/register','creation_success','You have successfully registered, please check your mailbox to activate your account.',0,0,'2017-07-19 09:59:11','2017-07-19 09:59:11',NULL),(144,'ar','*','auth','login.email_label','Email',0,0,'2017-07-19 09:59:11','2017-07-19 09:59:11',NULL),(145,'ar','*','auth','login.password_label','Password',0,0,'2017-07-19 09:59:11','2017-07-19 09:59:11',NULL),(146,'ar','*','auth','login.re_password_label','Repeat Password',0,0,'2017-07-19 09:59:11','2017-07-19 09:59:11',NULL),(147,'ar','*','auth','button.register_button','Register',0,0,'2017-07-19 09:59:11','2017-07-19 09:59:11',NULL),(148,'ar','*','auth','button.forgot_button','Forgot your password?',0,0,'2017-07-19 09:59:11','2017-07-19 09:59:11',NULL),(149,'ar','*','auth','button.login_button','Login',0,0,'2017-07-19 09:59:11','2017-07-19 09:59:11',NULL),(150,'en','*','common','online','Online',0,0,'2017-07-19 09:59:11','2017-07-19 09:59:11',NULL),(151,'en','*','common','admin','Admin',0,0,'2017-07-19 09:59:11','2017-07-19 09:59:11',NULL),(152,'en','*','common','compose_document','Compose document',0,0,'2017-07-19 09:59:11','2017-07-19 09:59:11',NULL),(153,'en','*','common','number_of_branches','Number of Branches',0,0,'2017-07-19 09:59:12','2017-07-19 09:59:12',NULL),(154,'en','*','common','number_of_departments','Number of Departments',0,0,'2017-07-19 09:59:12','2017-07-19 09:59:12',NULL),(155,'en','*','common','number_of_accounts','Number of Accounts',0,0,'2017-07-19 09:59:12','2017-07-19 09:59:12',NULL),(156,'en','*','common','titles.add_company','Add Company',0,0,'2017-07-19 09:59:12','2017-07-19 09:59:12',NULL),(157,'en','*','common','titles.manage_companies','Manage Companies',0,0,'2017-07-19 09:59:12','2017-07-19 09:59:12',NULL),(158,'en','*','common','logout','Logout',0,0,'2017-07-19 09:59:12','2017-07-19 09:59:12',NULL),(159,'en','*','inbox','sent','Sent',0,0,'2017-07-19 09:59:12','2017-07-19 09:59:12',NULL),(160,'en','*','inbox','inbox','Inbox',0,0,'2017-07-19 09:59:12','2017-07-19 09:59:12',NULL),(161,'en','*','inbox','draft','Draft',0,0,'2017-07-20 12:14:37','2017-07-20 12:14:37',NULL),(162,'en','*','account','manage_accounts','Accounts Managment',0,0,'2017-07-20 13:38:39','2017-07-20 13:38:39',NULL),(163,'en','*','account','Accounts Management','Accounts Management',0,0,'2017-07-20 13:39:11','2017-07-20 13:39:11',NULL),(164,'en','*','account','accounts_management','Accounts Management',0,0,'2017-07-20 13:39:59','2017-07-20 13:39:59',NULL),(165,'en','*','inbox','pending_actions','Pending Actions',0,0,'2017-07-26 21:29:04','2017-07-26 21:29:04',NULL),(166,'en','*','profile','email','E-Mail',0,0,'2017-07-30 13:30:14','2017-07-30 13:30:14',NULL),(167,'en','*','profile','user_name','User Name',0,0,'2017-07-30 13:30:14','2017-07-30 13:30:14',NULL),(168,'en','*','profile','first_name','First Name',0,0,'2017-07-30 13:30:14','2017-07-30 13:30:14',NULL),(169,'en','*','profile','last_name','Last Name',0,0,'2017-07-30 13:30:14','2017-07-30 13:30:14',NULL),(170,'en','*','profile','mobile','Mobile',0,0,'2017-07-30 13:30:14','2017-07-30 13:30:14',NULL),(171,'en','*','profile','created_at','Create Date',0,0,'2017-07-30 13:30:14','2017-07-30 13:30:14',NULL),(172,'en','*','profile','about','About',0,0,'2017-07-30 13:30:14','2017-07-30 13:30:14',NULL),(173,'en','*','profile','info','Info',0,0,'2017-07-30 13:30:14','2017-07-30 13:30:14',NULL),(174,'en','*','account','accounts','Accounts',0,0,'2017-08-02 13:27:02','2017-08-02 13:27:02',NULL),(175,'en','*','profile','accounts','Accounts',0,0,'2017-08-02 13:27:02','2017-08-02 13:27:02',NULL),(176,'en','*','common','messages','Messages',0,0,'2017-08-02 21:31:41','2017-08-02 21:31:41',NULL),(177,'en','*','common','my_accounts','My Accounts',0,0,'2017-08-02 21:31:41','2017-08-02 21:31:41',NULL),(178,'en','*','common','my_profile','My Profile',0,0,'2017-08-02 21:31:41','2017-08-02 21:31:41',NULL),(179,'en','*','profile','signature','Signature',0,0,'2017-08-02 21:31:41','2017-08-02 21:31:41',NULL),(180,'en','*','profile','signatures','Signatures',0,0,'2017-08-02 21:31:41','2017-08-02 21:31:41',NULL),(181,'en','*','profile','fingerprint','Fingerprint',0,0,'2017-08-02 21:31:41','2017-08-02 21:31:41',NULL),(182,'en','*','profile','attachments','Attachments',0,0,'2017-08-02 21:31:41','2017-08-02 21:31:41',NULL),(183,'en','*','profile','settings','Settings',0,0,'2017-08-02 21:31:41','2017-08-02 21:31:41',NULL),(184,'en','*','profile','schedule','Schedule',0,0,'2017-08-02 21:31:41','2017-08-02 21:31:41',NULL),(185,'ar','*','components/datatables','sEmptyTable','No data available in table',1,0,'2017-08-02 21:39:06','2018-03-13 06:56:48',NULL),(186,'ar','*','components/datatables','sInfo','Showing _START_ to _END_ of _TOTAL_ entries',1,0,'2017-08-02 21:39:06','2018-03-13 06:56:48',NULL),(187,'ar','*','components/datatables','sInfoEmpty','Showing 0 to 0 of 0 entries',1,0,'2017-08-02 21:39:06','2018-03-13 06:56:48',NULL),(188,'ar','*','components/datatables','sInfoFiltered','(filtered from _MAX_ total entries)',1,0,'2017-08-02 21:39:07','2018-03-13 06:56:48',NULL),(189,'ar','*','components/datatables','sInfoPostFix','',1,0,'2017-08-02 21:39:07','2018-03-13 06:56:48',NULL),(190,'ar','*','components/datatables','sInfoThousands','',1,0,'2017-08-02 21:39:07','2018-03-13 06:56:48',NULL),(191,'ar','*','components/datatables','sLengthMenu','Show _MENU_ entries',1,0,'2017-08-02 21:39:07','2018-03-13 06:56:48',NULL),(192,'ar','*','components/datatables','sLoadingRecords','Processing...',1,0,'2017-08-02 21:39:07','2018-03-13 06:56:48',NULL),(193,'ar','*','components/datatables','sProcessing','Loading...',1,0,'2017-08-02 21:39:07','2018-03-13 06:56:48',NULL),(194,'ar','*','components/datatables','sSearch','Search ',1,0,'2017-08-02 21:39:07','2018-03-13 06:56:48',NULL),(195,'ar','*','components/datatables','sZeroRecords','No matching records found',1,0,'2017-08-02 21:39:07','2018-03-13 06:56:48',NULL),(196,'ar','*','components/datatables','sUrl','',1,0,'2017-08-02 21:39:07','2018-03-13 06:56:48',NULL),(197,'ar','*','components/datatables','oPaginate.sFirst','First',1,0,'2017-08-02 21:39:08','2018-03-13 06:56:48',NULL),(198,'ar','*','components/datatables','oPaginate.sPrevious','Previous',1,0,'2017-08-02 21:39:08','2018-03-13 06:56:48',NULL),(199,'ar','*','components/datatables','oPaginate.sNext','Next',1,0,'2017-08-02 21:39:08','2018-03-13 06:56:48',NULL),(200,'ar','*','components/datatables','oPaginate.sLast','Last',1,0,'2017-08-02 21:39:08','2018-03-13 06:56:48',NULL),(201,'ar','*','components/datatables','oAria.sSortAscending','activate to sort column ascending',1,0,'2017-08-02 21:39:08','2018-03-13 06:56:48',NULL),(202,'ar','*','components/datatables','oAria.sSortDescending','activate to sort column descending',1,0,'2017-08-02 21:39:08','2018-03-13 06:56:48',NULL),(203,'ar','*','account','accounts','الحسابات',1,0,'2017-08-02 21:39:08','2018-03-13 06:56:49',NULL),(204,'ar','*','auth','failed','These credentials do not match our records.',1,0,'2017-08-02 21:39:08','2018-03-13 06:56:49',NULL),(205,'ar','*','auth','throttle','Too many login attempts. Please try again in :seconds seconds.',1,0,'2017-08-02 21:39:08','2018-03-13 06:56:49',NULL),(206,'ar','*','common','online','متصل',1,0,'2017-08-02 21:39:08','2017-08-30 08:22:59',NULL),(207,'ar','*','common','admin','المدير',1,0,'2017-08-02 21:39:08','2017-08-30 08:23:00',NULL),(208,'ar','*','common','compose_document','انشاء مستند',1,0,'2017-08-02 21:39:09','2017-08-30 08:23:00',NULL),(209,'ar','*','common','number_of_branches','عدد الافرع',1,0,'2017-08-02 21:39:09','2017-08-30 08:23:00',NULL),(210,'ar','*','common','number_of_departments','عدد الاقسام',1,0,'2017-08-02 21:39:09','2017-08-30 08:23:00',NULL),(211,'ar','*','common','number_of_accounts','عدد الحسابات',1,0,'2017-08-02 21:39:09','2017-08-30 08:23:00',NULL),(212,'ar','*','common','titles.add_company','اضافة شركة',1,0,'2017-08-02 21:39:09','2017-08-30 08:23:00',NULL),(213,'ar','*','common','titles.manage_companies','ادارة الشركات',1,0,'2017-08-02 21:39:09','2017-08-30 08:23:00',NULL),(214,'ar','*','common','logout','تسجيل خروج',1,0,'2017-08-02 21:39:09','2018-02-14 10:44:09',NULL),(215,'ar','*','common','messages','الرسائل',1,0,'2017-08-02 21:39:09','2017-08-30 08:23:00',NULL),(216,'ar','*','common','my_accounts','حسابي',1,0,'2017-08-02 21:39:09','2017-08-30 08:23:00',NULL),(217,'ar','*','common','my_profile','ملفي الشخصي',1,0,'2017-08-02 21:39:09','2017-08-30 08:23:00',NULL),(218,'ar','*','companies','shortname','الشركات',1,0,'2017-08-02 21:39:09','2018-03-13 06:56:48',NULL),(219,'ar','*','companies','name','الاسم',1,0,'2017-08-02 21:39:10','2018-03-13 06:56:48',NULL),(220,'ar','*','companies','number_of_branches','عدد الافرع',1,0,'2017-08-02 21:39:10','2018-03-13 06:56:48',NULL),(221,'ar','*','companies','number_of_departments','عدد الاقسام',1,0,'2017-08-02 21:39:10','2018-03-13 06:56:48',NULL),(222,'ar','*','companies','number_of_accounts','عدد الحسابات',1,0,'2017-08-02 21:39:10','2018-03-13 06:56:48',NULL),(223,'ar','*','companies','titles.add_company','اضافة شركة',1,0,'2017-08-02 21:39:10','2018-03-13 06:56:48',NULL),(224,'ar','*','companies','titles.manage_companies','ادارة الشركات',1,0,'2017-08-02 21:39:10','2018-03-13 06:56:48',NULL),(225,'ar','*','inbox','sent','المرسل',1,0,'2017-08-02 21:39:10','2018-03-13 06:56:49',NULL),(226,'ar','*','inbox','inbox','الوراد',1,0,'2017-08-02 21:39:10','2018-03-13 06:56:49',NULL),(227,'ar','*','inbox','draft','المحفوظات',1,0,'2017-08-02 21:39:10','2018-03-13 06:56:49',NULL),(228,'ar','*','inbox','pending_actions','بانتظار اجراء',1,0,'2017-08-02 21:39:10','2017-08-30 08:23:01',NULL),(229,'ar','*','pagination','previous','&laquo; Previous',1,0,'2017-08-02 21:39:10','2018-02-14 10:44:09',NULL),(230,'ar','*','pagination','next','Next &raquo;',1,0,'2017-08-02 21:39:11','2018-02-14 10:44:09',NULL),(231,'ar','*','passwords','password','Passwords must be at least six characters and match the confirmation.',1,0,'2017-08-02 21:39:11','2018-03-13 06:56:48',NULL),(232,'ar','*','passwords','reset','Your password has been reset!',1,0,'2017-08-02 21:39:11','2018-03-13 06:56:48',NULL),(233,'ar','*','passwords','sent','We have e-mailed your password reset link!',1,0,'2017-08-02 21:39:11','2018-03-13 06:56:48',NULL),(234,'ar','*','passwords','token','This password reset token is invalid.',1,0,'2017-08-02 21:39:11','2018-03-13 06:56:48',NULL),(235,'ar','*','passwords','user','We can\'t find a user with that e-mail address.',1,0,'2017-08-02 21:39:11','2018-03-13 06:56:48',NULL),(236,'ar','*','profile','email','البريد الالكتروني',1,0,'2017-08-02 21:39:11','2018-03-13 06:56:49',NULL),(237,'ar','*','profile','user_name','اسم المستخدم',1,0,'2017-08-02 21:39:11','2018-03-13 06:56:49',NULL),(238,'ar','*','profile','first_name','الاسم الاول',1,0,'2017-08-02 21:39:11','2018-03-13 06:56:49',NULL),(239,'ar','*','profile','last_name','اسم العائلة',1,0,'2017-08-02 21:39:11','2018-03-13 06:56:49',NULL),(240,'ar','*','profile','mobile','الهاتف',1,0,'2017-08-02 21:39:11','2018-03-13 06:56:49',NULL),(241,'ar','*','profile','created_at','تاريخ الاضافة',1,0,'2017-08-02 21:39:12','2018-03-13 06:56:49',NULL),(242,'ar','*','profile','about','نبذه',1,0,'2017-08-02 21:39:12','2018-03-13 06:56:49',NULL),(243,'ar','*','profile','info','معلومات',1,0,'2017-08-02 21:39:12','2018-03-13 06:56:49',NULL),(244,'ar','*','profile','accounts','الحسابات',1,0,'2017-08-02 21:39:12','2018-03-13 06:56:49',NULL),(245,'ar','*','profile','signature','توقيع',1,0,'2017-08-02 21:39:12','2018-03-13 06:56:49',NULL),(246,'ar','*','profile','signatures','التواقيع',1,0,'2017-08-02 21:39:12','2018-03-13 06:56:49',NULL),(247,'ar','*','profile','fingerprint','بصمة الاصبع',1,0,'2017-08-02 21:39:12','2018-03-13 06:56:49',NULL),(248,'ar','*','profile','attachments','المرفقات',1,0,'2017-08-02 21:39:12','2018-03-13 06:56:49',NULL),(249,'ar','*','profile','settings','الاعدادات',1,0,'2017-08-02 21:39:12','2018-03-13 06:56:49',NULL),(250,'ar','*','profile','schedule','الاجندة',1,0,'2017-08-02 21:39:12','2018-03-13 06:56:49',NULL),(251,'ar','*','validation','accepted','The :attribute must be accepted.',1,0,'2017-08-02 21:39:12','2018-03-13 06:56:48',NULL),(252,'ar','*','validation','active_url','The :attribute is not a valid URL.',1,0,'2017-08-02 21:39:12','2018-03-13 06:56:48',NULL),(253,'ar','*','validation','after','The :attribute must be a date after :date.',1,0,'2017-08-02 21:39:13','2018-03-13 06:56:48',NULL),(254,'ar','*','validation','after_or_equal','The :attribute must be a date after or equal to :date.',1,0,'2017-08-02 21:39:13','2018-03-13 06:56:48',NULL),(255,'ar','*','validation','alpha','The :attribute may only contain letters.',1,0,'2017-08-02 21:39:13','2018-03-13 06:56:48',NULL),(256,'ar','*','validation','alpha_dash','The :attribute may only contain letters, numbers, and dashes.',1,0,'2017-08-02 21:39:13','2018-03-13 06:56:48',NULL),(257,'ar','*','validation','alpha_num','The :attribute may only contain letters and numbers.',1,0,'2017-08-02 21:39:13','2018-03-13 06:56:48',NULL),(258,'ar','*','validation','array','The :attribute must be an array.',1,0,'2017-08-02 21:39:13','2018-03-13 06:56:48',NULL),(259,'ar','*','validation','before','The :attribute must be a date before :date.',1,0,'2017-08-02 21:39:13','2018-03-13 06:56:48',NULL),(260,'ar','*','validation','before_or_equal','The :attribute must be a date before or equal to :date.',1,0,'2017-08-02 21:39:13','2018-03-13 06:56:48',NULL),(261,'ar','*','validation','between.numeric','The :attribute must be between :min and :max.',1,0,'2017-08-02 21:39:13','2018-03-13 06:56:48',NULL),(262,'ar','*','validation','between.file','The :attribute must be between :min and :max kilobytes.',1,0,'2017-08-02 21:39:13','2018-03-13 06:56:48',NULL),(263,'ar','*','validation','between.string','The :attribute must be between :min and :max characters.',1,0,'2017-08-02 21:39:13','2018-03-13 06:56:48',NULL),(264,'ar','*','validation','between.array','The :attribute must have between :min and :max items.',1,0,'2017-08-02 21:39:13','2018-03-13 06:56:48',NULL),(265,'ar','*','validation','boolean','The :attribute field must be true or false.',1,0,'2017-08-02 21:39:13','2018-03-13 06:56:48',NULL),(266,'ar','*','validation','confirmed','The :attribute confirmation does not match.',1,0,'2017-08-02 21:39:14','2018-03-13 06:56:48',NULL),(267,'ar','*','validation','date','The :attribute is not a valid date.',1,0,'2017-08-02 21:39:14','2018-03-13 06:56:48',NULL),(268,'ar','*','validation','date_format','The :attribute does not match the format :format.',1,0,'2017-08-02 21:39:14','2018-03-13 06:56:48',NULL),(269,'ar','*','validation','different','The :attribute and :other must be different.',1,0,'2017-08-02 21:39:14','2018-03-13 06:56:48',NULL),(270,'ar','*','validation','digits','The :attribute must be :digits digits.',1,0,'2017-08-02 21:39:14','2018-03-13 06:56:49',NULL),(271,'ar','*','validation','digits_between','The :attribute must be between :min and :max digits.',1,0,'2017-08-02 21:39:14','2018-03-13 06:56:49',NULL),(272,'ar','*','validation','dimensions','The :attribute has invalid image dimensions.',1,0,'2017-08-02 21:39:14','2018-03-13 06:56:49',NULL),(273,'ar','*','validation','distinct','The :attribute field has a duplicate value.',1,0,'2017-08-02 21:39:14','2018-03-13 06:56:49',NULL),(274,'ar','*','validation','email','The :attribute must be a valid email address.',1,0,'2017-08-02 21:39:14','2018-03-13 06:56:49',NULL),(275,'ar','*','validation','exists','The selected :attribute is invalid.',1,0,'2017-08-02 21:39:14','2018-03-13 06:56:49',NULL),(276,'ar','*','validation','file','The :attribute must be a file.',1,0,'2017-08-02 21:39:14','2018-03-13 06:56:49',NULL),(277,'ar','*','validation','filled','The :attribute field must have a value.',1,0,'2017-08-02 21:39:14','2018-03-13 06:56:49',NULL),(278,'ar','*','validation','image','The :attribute must be an image.',1,0,'2017-08-02 21:39:14','2018-03-13 06:56:49',NULL),(279,'ar','*','validation','in','The selected :attribute is invalid.',1,0,'2017-08-02 21:39:14','2018-03-13 06:56:49',NULL),(280,'ar','*','validation','in_array','The :attribute field does not exist in :other.',1,0,'2017-08-02 21:39:14','2018-03-13 06:56:49',NULL),(281,'ar','*','validation','integer','The :attribute must be an integer.',1,0,'2017-08-02 21:39:15','2018-03-13 06:56:49',NULL),(282,'ar','*','validation','ip','The :attribute must be a valid IP address.',1,0,'2017-08-02 21:39:15','2018-03-13 06:56:49',NULL),(283,'ar','*','validation','ipv4','The :attribute must be a valid IPv4 address.',1,0,'2017-08-02 21:39:15','2018-03-13 06:56:49',NULL),(284,'ar','*','validation','ipv6','The :attribute must be a valid IPv6 address.',1,0,'2017-08-02 21:39:15','2018-03-13 06:56:49',NULL),(285,'ar','*','validation','json','The :attribute must be a valid JSON string.',1,0,'2017-08-02 21:39:15','2018-03-13 06:56:49',NULL),(286,'ar','*','validation','max.numeric','The :attribute may not be greater than :max.',1,0,'2017-08-02 21:39:15','2018-03-13 06:56:49',NULL),(287,'ar','*','validation','max.file','The :attribute may not be greater than :max kilobytes.',1,0,'2017-08-02 21:39:15','2018-03-13 06:56:49',NULL),(288,'ar','*','validation','max.string','The :attribute may not be greater than :max characters.',1,0,'2017-08-02 21:39:15','2018-03-13 06:56:49',NULL),(289,'ar','*','validation','max.array','The :attribute may not have more than :max items.',1,0,'2017-08-02 21:39:15','2018-03-13 06:56:49',NULL),(290,'ar','*','validation','mimes','The :attribute must be a file of type: :values.',1,0,'2017-08-02 21:39:15','2018-03-13 06:56:49',NULL),(291,'ar','*','validation','mimetypes','The :attribute must be a file of type: :values.',1,0,'2017-08-02 21:39:15','2018-03-13 06:56:49',NULL),(292,'ar','*','validation','min.numeric','The :attribute must be at least :min.',1,0,'2017-08-02 21:39:15','2018-03-13 06:56:49',NULL),(293,'ar','*','validation','min.file','The :attribute must be at least :min kilobytes.',1,0,'2017-08-02 21:39:15','2018-03-13 06:56:49',NULL),(294,'ar','*','validation','min.string','The :attribute must be at least :min characters.',1,0,'2017-08-02 21:39:15','2018-03-13 06:56:49',NULL),(295,'ar','*','validation','min.array','The :attribute must have at least :min items.',1,0,'2017-08-02 21:39:15','2018-03-13 06:56:49',NULL),(296,'ar','*','validation','not_in','The selected :attribute is invalid.',1,0,'2017-08-02 21:39:16','2018-03-13 06:56:49',NULL),(297,'ar','*','validation','numeric','The :attribute must be a number.',1,0,'2017-08-02 21:39:16','2018-03-13 06:56:49',NULL),(298,'ar','*','validation','present','The :attribute field must be present.',1,0,'2017-08-02 21:39:16','2018-03-13 06:56:49',NULL),(299,'ar','*','validation','regex','The :attribute format is invalid.',1,0,'2017-08-02 21:39:16','2018-03-13 06:56:49',NULL),(300,'ar','*','validation','required','The :attribute field is required.',1,0,'2017-08-02 21:39:16','2018-03-13 06:56:49',NULL),(301,'ar','*','validation','required_if','The :attribute field is required when :other is :value.',1,0,'2017-08-02 21:39:16','2018-03-13 06:56:49',NULL),(302,'ar','*','validation','required_unless','The :attribute field is required unless :other is in :values.',1,0,'2017-08-02 21:39:16','2018-03-13 06:56:49',NULL),(303,'ar','*','validation','required_with','The :attribute field is required when :values is present.',1,0,'2017-08-02 21:39:16','2018-03-13 06:56:49',NULL),(304,'ar','*','validation','required_with_all','The :attribute field is required when :values is present.',1,0,'2017-08-02 21:39:16','2018-03-13 06:56:49',NULL),(305,'ar','*','validation','required_without','The :attribute field is required when :values is not present.',1,0,'2017-08-02 21:39:16','2018-03-13 06:56:49',NULL),(306,'ar','*','validation','required_without_all','The :attribute field is required when none of :values are present.',1,0,'2017-08-02 21:39:16','2018-03-13 06:56:49',NULL),(307,'ar','*','validation','same','The :attribute and :other must match.',1,0,'2017-08-02 21:39:16','2018-03-13 06:56:49',NULL),(308,'ar','*','validation','size.numeric','The :attribute must be :size.',1,0,'2017-08-02 21:39:17','2018-03-13 06:56:49',NULL),(309,'ar','*','validation','size.file','The :attribute must be :size kilobytes.',1,0,'2017-08-02 21:39:17','2018-03-13 06:56:49',NULL),(310,'ar','*','validation','size.string','The :attribute must be :size characters.',1,0,'2017-08-02 21:39:17','2018-03-13 06:56:49',NULL),(311,'ar','*','validation','size.array','The :attribute must contain :size items.',1,0,'2017-08-02 21:39:17','2018-03-13 06:56:49',NULL),(312,'ar','*','validation','string','The :attribute must be a string.',1,0,'2017-08-02 21:39:17','2018-03-13 06:56:49',NULL),(313,'ar','*','validation','timezone','The :attribute must be a valid zone.',1,0,'2017-08-02 21:39:17','2018-03-13 06:56:49',NULL),(314,'ar','*','validation','unique','The :attribute has already been taken.',1,0,'2017-08-02 21:39:17','2018-03-13 06:56:49',NULL),(315,'ar','*','validation','uploaded','The :attribute failed to upload.',1,0,'2017-08-02 21:39:17','2018-03-13 06:56:49',NULL),(316,'ar','*','validation','url','The :attribute format is invalid.',1,0,'2017-08-02 21:39:17','2018-03-13 06:56:49',NULL),(317,'ar','*','validation','custom.attribute-name.rule-name','custom-message',1,0,'2017-08-02 21:39:17','2018-03-13 06:56:49',NULL),(318,'ar','*','common','folders','المجلدات',1,0,'2017-08-02 21:41:36','2017-08-30 08:23:00',NULL),(319,'ar','*','common','actions','الاجراءات',1,0,'2017-08-02 21:41:36','2017-08-30 08:23:00',NULL),(320,'en','*','common','folders','Folders',0,0,'2017-08-02 21:41:38','2017-08-02 21:41:38',NULL),(321,'en','*','common','actions','Actions',0,0,'2017-08-02 21:41:38','2017-08-02 21:41:38',NULL),(322,'ar','*','common','rejected','المرفوض',1,0,'2017-08-02 21:42:30','2017-08-30 08:23:00',NULL),(323,'en','*','common','rejected','Rejected',0,0,'2017-08-02 21:42:32','2017-08-02 21:42:32',NULL),(324,'ar','*','inbox','my_inbox','وارداتي',1,0,'2017-08-02 21:44:31','2018-03-13 06:56:49',NULL),(325,'ar','*','inbox','rejected','المرفوض',1,0,'2017-08-02 21:44:31','2018-03-13 06:56:49',NULL),(326,'en','*','inbox','my_inbox','My Inbox',0,0,'2017-08-02 21:44:34','2017-08-02 21:44:34',NULL),(327,'en','*','inbox','rejected','Rejected',0,0,'2017-08-02 21:44:34','2017-08-02 21:44:34',NULL),(328,'ar','*','profile','activity','النشاطات',1,0,'2017-08-09 07:14:13','2018-03-13 06:56:49',NULL),(329,'ar','*','profile','initials','علامة',1,0,'2017-08-09 07:14:13','2018-03-13 06:56:49',NULL),(330,'ar','*','profile','add_new_signatures','انشاء توقيع جديد',1,0,'2017-08-09 07:14:13','2018-03-13 06:56:49',NULL),(331,'en','*','profile','activity','activity',0,0,'2017-08-09 07:14:17','2017-08-09 07:14:17',NULL),(332,'en','*','profile','initials','Initials',0,0,'2017-08-09 07:14:17','2017-08-09 07:14:17',NULL),(333,'en','*','profile','add_new_signatures','Create New Signature',0,0,'2017-08-09 07:14:17','2017-08-09 07:14:17',NULL),(334,'ar','*','profile','no_signature','ليس لديك اي توقيع حتى الان , اضغط على زر اضافة توقيع جديد لاضافة توقيع',1,0,'2017-08-09 11:09:23','2018-03-13 06:56:49',NULL),(335,'ar','*','profile','no_initials','ليس لديك اي علامة حتى الان ، اضغط على زر اضافة توقيع جديد لاضافة علامة',1,0,'2017-08-09 11:09:23','2018-03-13 06:56:49',NULL),(336,'en','*','profile','no_signature','You are not having any signatures yet , click on create new signature tab to have one',0,0,'2017-08-09 11:09:28','2017-08-09 11:09:28',NULL),(337,'en','*','profile','no_initials','You are not having any initials yet , click on create new signature tab to have one',0,0,'2017-08-09 11:09:28','2017-08-09 11:09:28',NULL),(338,'ar','*','login','member_login','تسجيل الدخول',1,0,'2017-08-23 08:22:34','2018-03-13 06:56:48',NULL),(339,'en','*','login','member_login','Member Login',0,0,'2017-08-23 08:22:36','2017-08-23 08:22:36',NULL),(340,'en','*','login','email','Email',0,0,'2017-08-23 09:06:32','2017-08-23 09:06:32',NULL),(341,'en','*','login','password','Password',0,0,'2017-08-23 09:06:32','2017-08-23 09:06:32',NULL),(342,'en','*','login','login','Login',0,0,'2017-08-23 09:19:49','2017-08-23 09:19:49',NULL),(343,'en','*','common','send','Send',0,0,'2017-08-29 11:32:59','2017-08-29 11:32:59',NULL),(344,'en','*','profile','draw','Draw',0,0,'2017-08-29 11:35:39','2017-08-29 11:35:39',NULL),(345,'en','*','profile','upload_image','Upload',0,0,'2017-08-29 11:35:39','2017-08-29 11:35:39',NULL),(346,'en','*','profile','phone','Mobile',0,0,'2017-08-29 11:35:39','2017-08-29 11:35:39',NULL),(347,'ar','*','document','print','طباعة',0,0,'2017-08-30 08:22:58','2017-08-30 08:22:58',NULL),(348,'en','*','document','print','Print',0,0,'2017-08-30 08:23:01','2017-08-30 08:23:01',NULL),(349,'en','*','users','profile_image','Image',0,0,'2018-02-11 09:38:55','2018-02-11 09:38:55',NULL),(350,'en','*','users','password_confirmation','Password Confirmation',0,0,'2018-02-11 09:38:55','2018-02-11 09:38:55',NULL),(351,'en','*','users','created','User created successfully',0,0,'2018-02-11 09:38:55','2018-02-11 09:38:55',NULL),(352,'en','*','users','roles','Roles',0,0,'2018-02-11 09:38:56','2018-02-11 09:38:56',NULL),(353,'en','*','users','delete_user','Are you sure you want to delete this user',0,0,'2018-02-11 09:38:56','2018-02-11 09:38:56',NULL),(354,'en','*','users','deactive_user','Are you sure you want to deactive this user',0,0,'2018-02-11 09:38:56','2018-02-11 09:38:56',NULL),(355,'en','*','users','deactive','Deactive',0,0,'2018-02-11 09:38:56','2018-02-11 09:38:56',NULL),(356,'en','*','users','user_roles','User Roles',0,0,'2018-02-11 09:38:56','2018-02-11 09:38:56',NULL),(357,'en','*','users','users_permissions','Users Permissions',0,0,'2018-02-11 09:38:56','2018-02-11 09:38:56',NULL),(358,'en','*','users','companies_permissions','Companies Permissions',0,0,'2018-02-11 09:38:56','2018-02-11 09:38:56',NULL),(359,'en','*','users','branches_permissions','Branches Permissions',0,0,'2018-02-11 09:38:56','2018-02-11 09:38:56',NULL),(360,'en','*','users','departments_permissions','Departments Permissions',0,0,'2018-02-11 09:38:56','2018-02-11 09:38:56',NULL),(361,'en','*','users','roles_permissions','Roles Permissions',0,0,'2018-02-11 09:38:56','2018-02-11 09:38:56',NULL),(362,'en','*','users','permissions_permissions','Permissions Permissions',0,0,'2018-02-11 09:38:56','2018-02-11 09:38:56',NULL),(363,'en','*','users','accounts_permissions','Accounts Permissions',0,0,'2018-02-11 09:38:56','2018-02-11 09:38:56',NULL),(364,'en','*','users','requirements_permissions','Requirements Permissions',0,0,'2018-02-11 09:38:56','2018-02-11 09:38:56',NULL),(365,'en','*','users','workflow_permissions','Workflow Permissions',0,0,'2018-02-11 09:38:56','2018-02-11 09:38:56',NULL),(366,'en','*','users','pass_caution','password must contains numbers , small letters , capital letters and minimum length is 6 characters',0,0,'2018-02-11 09:38:56','2018-02-11 09:38:56',NULL),(367,'en','*','in_out_box','in_out_box','Income and Expense Tracking Document',0,0,'2018-02-11 09:38:56','2018-02-11 09:38:56',NULL),(368,'en','*','branches','branches','Branches',0,0,'2018-02-11 09:38:56','2018-02-11 09:38:56',NULL),(369,'en','*','branches','add_branche','Add Branche',0,0,'2018-02-11 09:38:56','2018-02-11 09:38:56',NULL),(370,'en','*','branches','branche_type','Branche Type',0,0,'2018-02-11 09:38:56','2018-02-11 09:38:56',NULL),(371,'en','*','branches','add_branch','Add Branch',0,0,'2018-02-11 09:38:56','2018-02-11 09:38:56',NULL),(372,'en','*','branches','delete_branch','Are you sure you want to delete this branch',0,0,'2018-02-11 09:38:56','2018-02-11 09:38:56',NULL),(373,'en','*','branches','cant_delete_branch','Sorry you can not delete branch which contains departments',0,0,'2018-02-11 09:38:56','2018-02-11 09:38:56',NULL),(374,'en','*','branches','branch_name','Branch Name',0,0,'2018-02-11 09:38:56','2018-02-11 09:38:56',NULL),(375,'en','*','branches','license_no','License No',0,0,'2018-02-11 09:38:56','2018-02-11 09:38:56',NULL),(376,'en','*','branches','address','Address',0,0,'2018-02-11 09:38:56','2018-02-11 09:38:56',NULL),(377,'en','*','branches','pobox','Pobox',0,0,'2018-02-11 09:38:56','2018-02-11 09:38:56',NULL),(378,'en','*','branches','phone','Phone',0,0,'2018-02-11 09:38:56','2018-02-11 09:38:56',NULL),(379,'en','*','branches','fax','Fax',0,0,'2018-02-11 09:38:56','2018-02-11 09:38:56',NULL),(380,'en','*','branches','email','Email',0,0,'2018-02-11 09:38:56','2018-02-11 09:38:56',NULL),(381,'en','*','branches','branch_type','Branch Type',0,0,'2018-02-11 09:38:56','2018-02-11 09:38:56',NULL),(382,'en','*','user_manual','user_manual','User Manual',0,0,'2018-02-11 09:38:56','2018-02-11 09:38:56',NULL),(383,'en','*','companies','add_company','Add Company',0,0,'2018-02-11 09:38:56','2018-02-11 09:38:56',NULL),(384,'en','*','companies','manage_companies','Manage Companies',0,0,'2018-02-11 09:38:56','2018-02-11 09:38:56',NULL),(385,'en','*','companies','license_no','License Number',0,0,'2018-02-11 09:38:56','2018-02-11 09:38:56',NULL),(386,'en','*','companies','logo','Logo',0,0,'2018-02-11 09:38:56','2018-02-11 09:38:56',NULL),(387,'en','*','companies','companies','Companies',0,0,'2018-02-11 09:38:56','2018-02-11 09:38:56',NULL),(388,'en','*','companies','delete_company','Are you sure you want delete this company',0,0,'2018-02-11 09:38:56','2018-02-11 09:38:56',NULL),(389,'en','*','companies','cant_delete_company','Sorry you can not delete company whic contains branches',0,0,'2018-02-11 09:38:56','2018-02-11 09:38:56',NULL),(390,'en','*','companies','branches','Branches',0,0,'2018-02-11 09:38:56','2018-02-11 09:38:56',NULL),(391,'en','*','companies','departments','Departments',0,0,'2018-02-11 09:38:56','2018-02-11 09:38:56',NULL),(392,'en','*','roles','roles','Roles',0,0,'2018-02-11 09:38:56','2018-02-11 09:38:56',NULL),(393,'en','*','roles','add_role','Add Role',0,0,'2018-02-11 09:38:56','2018-02-11 09:38:56',NULL),(394,'en','*','roles','permissions','Permissions',0,0,'2018-02-11 09:38:56','2018-02-11 09:38:56',NULL),(395,'en','*','roles','delete_role','Are you sure you want to delete this role',0,0,'2018-02-11 09:38:56','2018-02-11 09:38:56',NULL),(396,'en','*','roles','name','Name',0,0,'2018-02-11 09:38:56','2018-02-11 09:38:56',NULL),(397,'en','*','roles','dispaly_name','Dispaly Name',0,0,'2018-02-11 09:38:56','2018-02-11 09:38:56',NULL),(398,'en','*','roles','description','Description',0,0,'2018-02-11 09:38:56','2018-02-11 09:38:56',NULL),(399,'en','*','roles','cant_delete_role','Sorry you can not delete used role',0,0,'2018-02-11 09:38:56','2018-02-11 09:38:56',NULL),(400,'en','*','roles','role_type','Role Type',0,0,'2018-02-11 09:38:56','2018-02-11 09:38:56',NULL),(401,'en','*','roles','save_caution','Are you sure you want to save role with no permissions',0,0,'2018-02-11 09:38:56','2018-02-11 09:38:56',NULL),(402,'en','*','tickets','technical_support','Technical Support',0,0,'2018-02-11 09:38:56','2018-02-11 09:38:56',NULL),(403,'en','*','tickets','submit_ticket','Open Ticket',0,0,'2018-02-11 09:38:56','2018-02-11 09:38:56',NULL),(404,'en','*','storage','storage_management','Storage Management',0,0,'2018-02-11 09:38:56','2018-02-11 09:38:56',NULL),(405,'en','*','storage','upload_file','Upload File',0,0,'2018-02-11 09:38:56','2018-02-11 09:38:56',NULL),(406,'en','*','storage','history','History',0,0,'2018-02-11 09:38:57','2018-02-11 09:38:57',NULL),(407,'en','*','validation','custom.company_id.required','company field is required',0,0,'2018-02-11 09:38:58','2018-02-11 09:38:58',NULL),(408,'en','*','validation','custom.branch_id.required','branch field is required',0,0,'2018-02-11 09:38:58','2018-02-11 09:38:58',NULL),(409,'en','*','validation','custom.department_id.required','department field is required',0,0,'2018-02-11 09:38:58','2018-02-11 09:38:58',NULL),(410,'en','*','workflow','workflow.workflow','Workflow',0,0,'2018-02-11 09:38:58','2018-02-11 09:38:58',NULL),(411,'en','*','workflow','workflow.add_workflow','Add Workflow',0,0,'2018-02-11 09:38:58','2018-02-11 09:38:58',NULL),(412,'en','*','workflow','workflow.active','Active',0,0,'2018-02-11 09:38:58','2018-02-11 09:38:58',NULL),(413,'en','*','workflow','workflow.manage_workflow','Manage Workflow',0,0,'2018-02-11 09:38:58','2018-02-11 09:38:58',NULL),(414,'en','*','workflow','workflow.workflow_management','Workflow Management',0,0,'2018-02-11 09:38:58','2018-02-11 09:38:58',NULL),(415,'en','*','workflow','workflow.titles.manage_workflows','Manage Workflows',0,0,'2018-02-11 09:38:58','2018-02-11 09:38:58',NULL),(416,'en','*','workflow','stage.stage','Stage',0,0,'2018-02-11 09:38:58','2018-02-11 09:38:58',NULL),(417,'en','*','workflow','stage.stages','Stages',0,0,'2018-02-11 09:38:58','2018-02-11 09:38:58',NULL),(418,'en','*','workflow','stage.add_stage','Add Stage',0,0,'2018-02-11 09:38:58','2018-02-11 09:38:58',NULL),(419,'en','*','workflow','stage.action_type','Action Type',0,0,'2018-02-11 09:38:58','2018-02-11 09:38:58',NULL),(420,'en','*','workflow','stage.previous_stage','Previous Stage',0,0,'2018-02-11 09:38:58','2018-02-11 09:38:58',NULL),(421,'en','*','workflow','stage.due_date','Due Date In Hours',0,0,'2018-02-11 09:38:58','2018-02-11 09:38:58',NULL),(422,'en','*','workflow','stage.active','Active',0,0,'2018-02-11 09:38:58','2018-02-11 09:38:58',NULL),(423,'en','*','workflow','stage.titles.manage_stages','Manage Stages',0,0,'2018-02-11 09:38:58','2018-02-11 09:38:58',NULL),(424,'en','*','workflow','state.state','State',0,0,'2018-02-11 09:38:58','2018-02-11 09:38:58',NULL),(425,'en','*','workflow','state.add_state','Add State',0,0,'2018-02-11 09:38:58','2018-02-11 09:38:58',NULL),(426,'en','*','workflow','state.next_stage','Next Stage',0,0,'2018-02-11 09:38:58','2018-02-11 09:38:58',NULL),(427,'en','*','workflow','requirement.requirements_management','actions Management',0,0,'2018-02-11 09:38:58','2018-02-11 09:38:58',NULL),(428,'en','*','workflow','requirement.requirements','Actions',0,0,'2018-02-11 09:38:58','2018-02-11 09:38:58',NULL),(429,'en','*','workflow','requirement.requirement','Action',0,0,'2018-02-11 09:38:58','2018-02-11 09:38:58',NULL),(430,'en','*','workflow','requirement.add_requirement','Add Action',0,0,'2018-02-11 09:38:58','2018-02-11 09:38:58',NULL),(431,'en','*','workflow','requirement.manage_requirements','Manage Actions',0,0,'2018-02-11 09:38:58','2018-02-11 09:38:58',NULL),(432,'en','*','workflow','requirement.requirement_type','action Type',0,0,'2018-02-11 09:38:58','2018-02-11 09:38:58',NULL),(433,'en','*','workflow','requirement.select_requirement','Select Action Type',0,0,'2018-02-11 09:38:58','2018-02-11 09:38:58',NULL),(434,'en','*','workflow','requirement.assignee','Assignee',0,0,'2018-02-11 09:38:58','2018-02-11 09:38:58',NULL),(435,'en','*','payment_gateway','paypal','Paypal',0,0,'2018-02-11 09:38:58','2018-02-11 09:38:58',NULL),(436,'en','*','payment_gateway','payment_gateway','Payment Gateway',0,0,'2018-02-11 09:38:58','2018-02-11 09:38:58',NULL),(437,'en','*','payment_gateway','master_card','Master Card',0,0,'2018-02-11 09:38:58','2018-02-11 09:38:58',NULL),(438,'en','*','permissions','permission','Permission',0,0,'2018-02-11 09:38:58','2018-02-11 09:38:58',NULL),(439,'en','*','permissions','status','Status',0,0,'2018-02-11 09:38:58','2018-02-11 09:38:58',NULL),(440,'en','*','permissions','permissions','Permissions',0,0,'2018-02-11 09:38:58','2018-02-11 09:38:58',NULL),(441,'en','*','document','document_management','Document Management',0,0,'2018-02-11 09:38:58','2018-02-11 09:38:58',NULL),(442,'en','*','document','templates','Templates',0,0,'2018-02-11 09:38:58','2018-02-11 09:38:58',NULL),(443,'en','*','accounts','accounts','Accounts',0,0,'2018-02-11 09:38:58','2018-02-11 09:38:58',NULL),(444,'en','*','accounts','add_account','Add account',0,0,'2018-02-11 09:38:58','2018-02-11 09:38:58',NULL),(445,'en','*','accounts','account_name','Account Name',0,0,'2018-02-11 09:38:58','2018-02-11 09:38:58',NULL),(446,'en','*','accounts','active','Active',0,0,'2018-02-11 09:38:58','2018-02-11 09:38:58',NULL),(447,'en','*','accounts','is_default','Is Default',0,0,'2018-02-11 09:38:58','2018-02-11 09:38:58',NULL),(448,'en','*','accounts','verify','Verify',0,0,'2018-02-11 09:38:58','2018-02-11 09:38:58',NULL),(449,'en','*','accounts','deactive_account','Are you sure you want deactive this account',0,0,'2018-02-11 09:38:58','2018-02-11 09:38:58',NULL),(450,'en','*','accounts','edit_account','Edit account',0,0,'2018-02-11 09:38:58','2018-02-11 09:38:58',NULL),(451,'en','*','common','details','Details',0,0,'2018-02-11 09:38:58','2018-02-11 09:38:58',NULL),(452,'en','*','common','edit','Edit',0,0,'2018-02-11 09:38:58','2018-02-11 09:38:58',NULL),(453,'en','*','common','accounts','Accounts',0,0,'2018-02-11 09:38:58','2018-02-11 09:38:58',NULL),(454,'en','*','common','profile','Profile',0,0,'2018-02-11 09:38:58','2018-02-11 09:38:58',NULL),(455,'en','*','common','activated','Activated',0,0,'2018-02-11 09:38:59','2018-02-11 09:38:59',NULL),(456,'en','*','common','show','Show',0,0,'2018-02-11 09:38:59','2018-02-11 09:38:59',NULL),(457,'en','*','common','yes','Yes',0,0,'2018-02-11 09:38:59','2018-02-11 09:38:59',NULL),(458,'en','*','common','no','No',0,0,'2018-02-11 09:38:59','2018-02-11 09:38:59',NULL),(459,'en','*','common','name','Name',0,0,'2018-02-11 09:38:59','2018-02-11 09:38:59',NULL),(460,'en','*','common','display_name','Display Name',0,0,'2018-02-11 09:38:59','2018-02-11 09:38:59',NULL),(461,'en','*','common','description','Description',0,0,'2018-02-11 09:38:59','2018-02-11 09:38:59',NULL),(462,'en','*','common','delete','Delete',0,0,'2018-02-11 09:38:59','2018-02-11 09:38:59',NULL),(463,'en','*','common','cancel','Cancel',0,0,'2018-02-11 09:38:59','2018-02-11 09:38:59',NULL),(464,'en','*','common','caution','Caution',0,0,'2018-02-11 09:38:59','2018-02-11 09:38:59',NULL),(465,'en','*','common','deactive','Deactive',0,0,'2018-02-11 09:38:59','2018-02-11 09:38:59',NULL),(466,'en','*','common','users_management','Users Management',0,0,'2018-02-11 09:38:59','2018-02-11 09:38:59',NULL),(467,'en','*','common','slug','Slug',0,0,'2018-02-11 09:38:59','2018-02-11 09:38:59',NULL),(468,'en','*','common','caution_admin','Sorry you can not deactive admin',0,0,'2018-02-11 09:38:59','2018-02-11 09:38:59',NULL),(469,'en','*','common','license_no','License Number',0,0,'2018-02-11 09:38:59','2018-02-11 09:38:59',NULL),(470,'en','*','common','pobox','PO Box',0,0,'2018-02-11 09:38:59','2018-02-11 09:38:59',NULL),(471,'en','*','common','address','Address',0,0,'2018-02-11 09:38:59','2018-02-11 09:38:59',NULL),(472,'en','*','common','phone','Phone',0,0,'2018-02-11 09:38:59','2018-02-11 09:38:59',NULL),(473,'en','*','common','fax','Fax',0,0,'2018-02-11 09:38:59','2018-02-11 09:38:59',NULL),(474,'en','*','common','email','Email',0,0,'2018-02-11 09:38:59','2018-02-11 09:38:59',NULL),(475,'en','*','common','main','Is Main',0,0,'2018-02-11 09:38:59','2018-02-11 09:38:59',NULL),(476,'en','*','common','countries','Countries',0,0,'2018-02-11 09:38:59','2018-02-11 09:38:59',NULL),(477,'en','*','common','country','Country',0,0,'2018-02-11 09:38:59','2018-02-11 09:38:59',NULL),(478,'en','*','common','select','Select',0,0,'2018-02-11 09:38:59','2018-02-11 09:38:59',NULL),(479,'en','*','common','logo','Logo',0,0,'2018-02-11 09:38:59','2018-02-11 09:38:59',NULL),(480,'en','*','common','there_is_no','There Is No',0,0,'2018-02-11 09:38:59','2018-02-11 09:38:59',NULL),(481,'en','*','common','close','Close',0,0,'2018-02-11 09:38:59','2018-02-11 09:38:59',NULL),(482,'en','*','common','requirements','Requirements',0,0,'2018-02-11 09:38:59','2018-02-11 09:38:59',NULL),(483,'en','*','common','type','Type',0,0,'2018-02-11 09:38:59','2018-02-11 09:38:59',NULL),(484,'en','*','common','author','Author',0,0,'2018-02-11 09:38:59','2018-02-11 09:38:59',NULL),(485,'en','*','common','users','Users',0,0,'2018-02-11 09:38:59','2018-02-11 09:38:59',NULL),(486,'en','*','common','companies','Companies',0,0,'2018-02-11 09:38:59','2018-02-11 09:38:59',NULL),(487,'en','*','common','branches','Branches',0,0,'2018-02-11 09:38:59','2018-02-11 09:38:59',NULL),(488,'en','*','common','departments','Departments',0,0,'2018-02-11 09:38:59','2018-02-11 09:38:59',NULL),(489,'en','*','common','active','Active',0,0,'2018-02-11 09:38:59','2018-02-11 09:38:59',NULL),(490,'en','*','common','verified','Verified',0,0,'2018-02-11 09:38:59','2018-02-11 09:38:59',NULL),(491,'en','*','common','is_default','Is Default',0,0,'2018-02-11 09:38:59','2018-02-11 09:38:59',NULL),(492,'en','*','common','profile_image','Profile image',0,0,'2018-02-11 09:38:59','2018-02-11 09:38:59',NULL),(493,'en','*','common','is_main','Is main',0,0,'2018-02-11 09:38:59','2018-02-11 09:38:59',NULL),(494,'en','*','common','roles_permissions','Roles And Permissions',0,0,'2018-02-11 09:38:59','2018-02-11 09:38:59',NULL),(495,'en','*','common','users_module','Users Module',0,0,'2018-02-11 09:38:59','2018-02-11 09:38:59',NULL),(496,'en','*','common','roles','Roles',0,0,'2018-02-11 09:38:59','2018-02-11 09:38:59',NULL),(497,'en','*','common','permissions','Permissions',0,0,'2018-02-11 09:38:59','2018-02-11 09:38:59',NULL),(498,'en','*','common','select_all','Select All',0,0,'2018-02-11 09:38:59','2018-02-11 09:38:59',NULL),(499,'en','*','common','deactivated','Sorry this user is deactivated',0,0,'2018-02-11 09:38:59','2018-02-11 09:38:59',NULL),(500,'en','*','common','created_at','Created At',0,0,'2018-02-11 09:38:59','2018-02-11 09:38:59',NULL),(501,'en','*','common','list','List',0,0,'2018-02-11 09:38:59','2018-02-11 09:38:59',NULL),(502,'en','*','common','please_choose','Please choose',0,0,'2018-02-11 09:38:59','2018-02-11 09:38:59',NULL),(503,'en','*','departments','departments','Departments',0,0,'2018-02-11 09:38:59','2018-02-11 09:38:59',NULL),(504,'en','*','departments','add_department','Add Department',0,0,'2018-02-11 09:38:59','2018-02-11 09:38:59',NULL),(505,'en','*','departments','parent_department','Parent Department',0,0,'2018-02-11 09:38:59','2018-02-11 09:38:59',NULL),(506,'en','*','departments','delete_department','Are you sure you want to delete this department',0,0,'2018-02-11 09:38:59','2018-02-11 09:38:59',NULL),(507,'en','*','settings','settings','Settings',0,0,'2018-02-11 09:38:59','2018-02-11 09:38:59',NULL),(508,'ar','*','workflow','workflow.workflow','سير العمل',1,0,'2018-02-11 09:38:59','2018-02-14 10:44:09',NULL),(509,'ar','*','workflow','workflow.add_workflow','اضافة سير العمل',1,0,'2018-02-11 09:38:59','2018-02-14 10:44:09',NULL),(510,'ar','*','workflow','workflow.titles.manage_workflows','إدارة سير العمل',1,0,'2018-02-11 09:38:59','2018-02-14 10:44:09',NULL),(511,'ar','*','workflow','stage.stage','مرحلة',1,0,'2018-02-11 09:38:59','2018-02-14 10:44:09',NULL),(512,'ar','*','workflow','stage.stages','مراحل',1,0,'2018-02-11 09:38:59','2018-02-14 10:44:09',NULL),(513,'ar','*','workflow','stage.add_stage','اضافة مراحلة',1,0,'2018-02-11 09:38:59','2018-02-14 10:44:09',NULL),(514,'ar','*','workflow','stage.action_type','نوع المهمه',1,0,'2018-02-11 09:38:59','2018-02-14 10:44:09',NULL),(515,'ar','*','workflow','stage.previous_stage','المرحلة السابقة',1,0,'2018-02-11 09:38:59','2018-02-14 10:44:09',NULL),(516,'ar','*','workflow','stage.due_date','تاريخ الاستحقاق بالساعات',1,0,'2018-02-11 09:38:59','2018-02-14 10:44:09',NULL),(517,'ar','*','workflow','stage.active','فعال',1,0,'2018-02-11 09:38:59','2018-02-14 10:44:09',NULL),(518,'ar','*','common','add','أضف',0,0,'2018-02-11 09:39:00','2018-02-11 09:39:00',NULL),(519,'ar','*','common','name','اسم',1,0,'2018-02-11 09:39:00','2018-02-14 10:44:09',NULL),(520,'ar','*','common','description','وصف',1,0,'2018-02-11 09:39:00','2018-02-14 10:44:09',NULL),(521,'ar','*','common','data','بيانات',0,0,'2018-02-11 09:39:00','2018-02-11 09:39:00',NULL),(522,'ar','*','common','information','معلومات',0,0,'2018-02-11 09:39:00','2018-02-11 09:39:00',NULL),(523,'ar','*','common','there_is_no','لا يوجد',1,0,'2018-02-11 09:39:00','2018-02-14 10:44:09',NULL),(524,'en','*','workflow','state.delete_state','Delete State',0,0,'2018-02-14 10:44:09','2018-02-14 10:44:09',NULL),(525,'en','*','premium/dashboard/index','setup_company','Setup Company',0,0,'2018-03-13 06:51:09','2018-03-13 06:51:09',NULL),(526,'en','*','home','home','Home',0,0,'2018-03-13 06:51:09','2018-03-13 06:51:09',NULL),(527,'en','*','login','next','Next',0,0,'2018-03-13 06:51:09','2018-03-13 06:51:09',NULL),(528,'en','*','login','need_help','Need Help',0,0,'2018-03-13 06:51:09','2018-03-13 06:51:09',NULL),(529,'en','*','login','contact_us','Contact Us',0,0,'2018-03-13 06:51:09','2018-03-13 06:51:09',NULL),(530,'en','*','login','require','All Field Are Required',0,0,'2018-03-13 06:51:09','2018-03-13 06:51:09',NULL),(531,'en','*','login','title','Title',0,0,'2018-03-13 06:51:09','2018-03-13 06:51:09',NULL),(532,'en','*','login','your_name','Your Name',0,0,'2018-03-13 06:51:09','2018-03-13 06:51:09',NULL),(533,'en','*','login','your_email','Your Email',0,0,'2018-03-13 06:51:09','2018-03-13 06:51:09',NULL),(534,'en','*','login','your_ms','Your Message',0,0,'2018-03-13 06:51:09','2018-03-13 06:51:09',NULL),(535,'en','*','login','submit','Submit',0,0,'2018-03-13 06:51:09','2018-03-13 06:51:09',NULL),(536,'en','*','login','no_account','Don\'t have an account',0,0,'2018-03-13 06:51:09','2018-03-13 06:51:09',NULL),(537,'en','*','login','sign_up','Sign Up',0,0,'2018-03-13 06:51:09','2018-03-13 06:51:09',NULL),(538,'en','*','login','sign_with','OR Sign In With',0,0,'2018-03-13 06:51:09','2018-03-13 06:51:09',NULL),(539,'en','*','login','forgot_password','Forgot Your Password',0,0,'2018-03-13 06:51:09','2018-03-13 06:51:09',NULL),(540,'en','*','login','cancel','Cancel',0,0,'2018-03-13 06:51:09','2018-03-13 06:51:09',NULL),(541,'en','*','login','reset_password','Reset My Password',0,0,'2018-03-13 06:51:09','2018-03-13 06:51:09',NULL),(542,'en','*','login','my_compose','My compose',0,0,'2018-03-13 06:51:09','2018-03-13 06:51:09',NULL),(543,'en','*','inbox','pending_action','Pending Action',0,0,'2018-03-13 06:51:10','2018-03-13 06:51:10',NULL),(544,'en','*','inbox','completed','Completed',0,0,'2018-03-13 06:51:10','2018-03-13 06:51:10',NULL),(545,'en','*','inbox','templates','Templates',0,0,'2018-03-13 06:51:10','2018-03-13 06:51:10',NULL),(546,'en','*','contacts','title','Contacts',0,0,'2018-03-13 06:51:10','2018-03-13 06:51:10',NULL),(547,'en','*','profile','my_library','My Library',0,0,'2018-03-13 06:51:10','2018-03-13 06:51:10',NULL),(548,'en','*','auth','login','Login to your account',0,0,'2018-03-13 06:51:10','2018-03-13 06:51:10',NULL),(549,'en','*','auth','remember','Remember',0,0,'2018-03-13 06:51:10','2018-03-13 06:51:10',NULL),(550,'en','*','auth','next','Next',0,0,'2018-03-13 06:51:10','2018-03-13 06:51:10',NULL),(551,'en','*','auth','forgot','Forgot password',0,0,'2018-03-13 06:51:10','2018-03-13 06:51:10',NULL),(552,'en','*','auth','need_help','Need Help ?',0,0,'2018-03-13 06:51:10','2018-03-13 06:51:10',NULL),(553,'en','*','auth','or_sign_with','or sign in with',0,0,'2018-03-13 06:51:10','2018-03-13 06:51:10',NULL),(554,'en','*','auth','dont_account','Dont have an account?',0,0,'2018-03-13 06:51:10','2018-03-13 06:51:10',NULL),(555,'en','*','auth','sign_up','Sign up',0,0,'2018-03-13 06:51:10','2018-03-13 06:51:10',NULL),(556,'en','*','auth','submit','Submit',0,0,'2018-03-13 06:51:10','2018-03-13 06:51:10',NULL),(557,'en','*','auth','password','Password',0,0,'2018-03-13 06:51:10','2018-03-13 06:51:10',NULL),(558,'en','*','auth','email_or_phone','Email or phone',0,0,'2018-03-13 06:51:10','2018-03-13 06:51:10',NULL),(559,'en','*','auth','all_fields_required','All fields ar required',0,0,'2018-03-13 06:51:10','2018-03-13 06:51:10',NULL),(560,'en','*','auth','your_credentials','Your credentails',0,0,'2018-03-13 06:51:10','2018-03-13 06:51:10',NULL),(561,'en','*','auth','user_name','User name',0,0,'2018-03-13 06:51:10','2018-03-13 06:51:10',NULL),(562,'en','*','auth','first_name','First name',0,0,'2018-03-13 06:51:10','2018-03-13 06:51:10',NULL),(563,'en','*','auth','last_name','Last name',0,0,'2018-03-13 06:51:10','2018-03-13 06:51:10',NULL),(564,'en','*','auth','repeat_password','Repeat password',0,0,'2018-03-13 06:51:10','2018-03-13 06:51:10',NULL),(565,'en','*','auth','email','Email',0,0,'2018-03-13 06:51:10','2018-03-13 06:51:10',NULL),(566,'en','*','auth','create_account','Create account',0,0,'2018-03-13 06:51:10','2018-03-13 06:51:10',NULL),(567,'en','*','auth','all_field_required','All fields are required',0,0,'2018-03-13 06:51:10','2018-03-13 06:51:10',NULL),(568,'en','*','auth','password_confirmation','Password confirmation',0,0,'2018-03-13 06:51:10','2018-03-13 06:51:10',NULL),(569,'en','*','auth','mobile','Mobile',0,0,'2018-03-13 06:51:11','2018-03-13 06:51:11',NULL),(570,'en','*','auth','fill_password','Please fill password',0,0,'2018-03-13 06:51:11','2018-03-13 06:51:11',NULL),(571,'en','*','auth','wrong_password','Wrong password',0,0,'2018-03-13 06:51:11','2018-03-13 06:51:11',NULL),(572,'en','*','auth','mail_or_phone_error','Please fill your email or phone',0,0,'2018-03-13 06:51:11','2018-03-13 06:51:11',NULL),(573,'en','*','auth','mail_or_phone_not_exist','Your email or phone is not exist',0,0,'2018-03-13 06:51:11','2018-03-13 06:51:11',NULL),(574,'en','*','auth','my_compose','My Compose',0,0,'2018-03-13 06:51:11','2018-03-13 06:51:11',NULL),(575,'en','*','auth','reset_password','Reset your password',0,0,'2018-03-13 06:51:11','2018-03-13 06:51:11',NULL),(576,'en','*','auth','your_email','your email',0,0,'2018-03-13 06:51:11','2018-03-13 06:51:11',NULL),(577,'en','*','auth','reset','Reset',0,0,'2018-03-13 06:51:11','2018-03-13 06:51:11',NULL),(578,'en','*','auth','reset_password_message','We send you an email to reset your password ...  please click on the link',0,0,'2018-03-13 06:51:11','2018-03-13 06:51:11',NULL),(579,'en','*','auth','reset_password_message_worong','Sorry! Wrong email',0,0,'2018-03-13 06:51:11','2018-03-13 06:51:11',NULL),(580,'en','*','auth','contact_us','Contact Us',0,0,'2018-03-13 06:51:11','2018-03-13 06:51:11',NULL),(581,'en','*','auth','your_name','your name',0,0,'2018-03-13 06:51:11','2018-03-13 06:51:11',NULL),(582,'en','*','auth','your_message','your message',0,0,'2018-03-13 06:51:11','2018-03-13 06:51:11',NULL),(583,'en','*','auth','wrong_phone_email','wrong email or phone format',0,0,'2018-03-13 06:51:11','2018-03-13 06:51:11',NULL),(584,'en','*','auth','title','title',0,0,'2018-03-13 06:51:11','2018-03-13 06:51:11',NULL),(585,'en','*','auth','need_help_post_success','Your message received , will reply as soon as possible .',0,0,'2018-03-13 06:51:11','2018-03-13 06:51:11',NULL),(586,'en','*','auth','cancle','Cancle',0,0,'2018-03-13 06:51:11','2018-03-13 06:51:11',NULL),(587,'en','*','auth','email_phone','Email or phone',0,0,'2018-03-13 06:51:11','2018-03-13 06:51:11',NULL),(588,'en','*','auth','inactive_user','Inactive User',0,0,'2018-03-13 06:51:11','2018-03-13 06:51:11',NULL);

/*Table structure for table `user_activities` */

DROP TABLE IF EXISTS `user_activities`;

CREATE TABLE `user_activities` (
  `id` int(11) NOT NULL AUTO_INCREMENT,
  `account_id` int(11) NOT NULL,
  `type` varchar(255) NOT NULL,
  `created_at` timestamp NULL DEFAULT NULL,
  `updated_at` timestamp NULL DEFAULT NULL,
  `deleted_at` timestamp NULL DEFAULT NULL,
  `user_id` int(11) DEFAULT NULL,
  PRIMARY KEY (`id`)
) ENGINE=InnoDB AUTO_INCREMENT=31 DEFAULT CHARSET=utf8;

/*Data for the table `user_activities` */

insert  into `user_activities`(`id`,`account_id`,`type`,`created_at`,`updated_at`,`deleted_at`,`user_id`) values (1,1,'hi','2017-10-22 11:38:27','2017-10-22 11:38:27',NULL,1),(2,1,'hi','2017-10-22 11:39:30','2017-10-22 11:39:30',NULL,1),(3,1,'user_sent_document','2017-10-22 11:49:56','2017-10-22 11:49:56',NULL,1),(4,1,'user_sent_document','2017-10-22 11:52:58','2017-10-22 11:52:58',NULL,1),(5,1,'user_sent_document','2017-10-22 12:01:02','2017-10-22 12:01:02',NULL,1),(6,2,'user_signed_document','2017-10-22 12:13:47','2017-10-22 12:13:47',NULL,1),(7,4,'user_signed_document','2017-10-22 13:09:37','2017-10-22 13:09:37',NULL,1),(8,4,'user_signed_document','2017-10-22 13:09:39','2017-10-22 13:09:39',NULL,1),(9,4,'user_signed_document','2017-10-22 13:09:41','2017-10-22 13:09:41',NULL,1),(10,4,'user_signed_document','2017-10-22 13:09:43','2017-10-22 13:09:43',NULL,1),(11,7,'user_signed_document','2017-10-22 13:58:03','2017-10-22 13:58:03',NULL,1),(12,1,'user_signed_document','2017-10-23 11:14:58','2017-10-23 11:14:58',NULL,1),(13,1,'user_signed_document','2017-10-23 11:17:20','2017-10-23 11:17:20',NULL,1),(14,1,'user_signed_document','2017-10-23 12:45:37','2017-10-23 12:45:37',NULL,1),(15,12,'user_signed_document','2017-10-23 12:46:53','2017-10-23 12:46:53',NULL,33),(16,12,'user_signed_document','2017-10-23 12:46:54','2017-10-23 12:46:54',NULL,33),(17,12,'user_signed_document','2017-10-23 12:46:54','2017-10-23 12:46:54',NULL,33),(18,12,'user_signed_document','2017-10-23 12:59:43','2017-10-23 12:59:43',NULL,33),(19,12,'user_signed_document','2017-10-23 13:14:32','2017-10-23 13:14:32',NULL,33),(20,1,'user_signed_document','2017-10-23 17:14:46','2017-10-23 17:14:46',NULL,1),(21,1,'user_signed_document','2017-10-23 17:15:06','2017-10-23 17:15:06',NULL,1),(22,12,'user_signed_document','2017-10-23 17:17:26','2017-10-23 17:17:26',NULL,33),(23,2,'user_signed_document','2017-10-24 12:08:48','2017-10-24 12:08:48',NULL,2),(24,2,'user_signed_document','2017-10-24 12:11:59','2017-10-24 12:11:59',NULL,2),(25,2,'user_signed_document','2017-10-24 13:01:08','2017-10-24 13:01:08',NULL,2),(26,1,'user_signed_document','2017-10-24 13:06:50','2017-10-24 13:06:50',NULL,1),(27,1,'user_signed_document','2017-10-24 14:06:30','2017-10-24 14:06:30',NULL,1),(28,1,'user_signed_document','2017-10-24 15:10:17','2017-10-24 15:10:17',NULL,1),(29,17,'user_signed_document','2017-10-26 09:54:52','2017-10-26 09:54:52',NULL,38),(30,19,'user_signed_document','2017-10-26 13:42:39','2017-10-26 13:42:39',NULL,40);

/*Table structure for table `user_contacts` */

DROP TABLE IF EXISTS `user_contacts`;

CREATE TABLE `user_contacts` (
  `user_id` int(11) unsigned NOT NULL,
  `contact_id` int(11) unsigned NOT NULL,
  `is_default` tinyint(1) DEFAULT '0',
  `is_primary` tinyint(1) DEFAULT '0',
  `created_at` datetime DEFAULT NULL,
  `updated_at` datetime DEFAULT NULL,
  `deleted_at` datetime DEFAULT NULL,
  `add_by` int(11) unsigned NOT NULL,
  PRIMARY KEY (`user_id`,`contact_id`),
  KEY `contact_id` (`contact_id`),
  CONSTRAINT `user_contacts_ibfk_1` FOREIGN KEY (`user_id`) REFERENCES `users` (`id`),
  CONSTRAINT `user_contacts_ibfk_2` FOREIGN KEY (`contact_id`) REFERENCES `contacts` (`id`)
) ENGINE=InnoDB DEFAULT CHARSET=utf8;

/*Data for the table `user_contacts` */

insert  into `user_contacts`(`user_id`,`contact_id`,`is_default`,`is_primary`,`created_at`,`updated_at`,`deleted_at`,`add_by`) values (1,1,1,1,'2018-04-05 11:00:30','2018-04-05 11:00:30',NULL,2);

/*Table structure for table `user_invitation_email` */

DROP TABLE IF EXISTS `user_invitation_email`;

CREATE TABLE `user_invitation_email` (
  `id` int(11) unsigned NOT NULL AUTO_INCREMENT,
  `user_id` int(11) unsigned NOT NULL,
  `email` varchar(100) NOT NULL,
  `custom_message` text,
  `created_at` datetime DEFAULT NULL,
  PRIMARY KEY (`id`)
) ENGINE=InnoDB AUTO_INCREMENT=24 DEFAULT CHARSET=utf8;

/*Data for the table `user_invitation_email` */

insert  into `user_invitation_email`(`id`,`user_id`,`email`,`custom_message`,`created_at`) values (1,1,'kao91@yahoo.comsss',NULL,'2017-10-10 13:03:23'),(2,1,'kao91@yahoo.comsss',NULL,'2017-10-10 13:03:28'),(3,1,'kao91@yahoo.com',NULL,'2017-10-10 13:21:14'),(4,1,'kao91@yahoo.com',NULL,'2017-10-10 13:21:47'),(5,1,'kao91@yahoo.com',NULL,'2017-10-10 13:26:41'),(6,1,'kao91@yahoo.com',NULL,'2017-10-10 13:28:33'),(7,1,'kao91@yahoo.com',NULL,'2017-10-10 13:29:32'),(8,1,'kao91@yahoo.com',NULL,'2017-10-10 13:40:46'),(9,1,'kao91@yahoo.com',NULL,'2017-10-10 13:41:51'),(10,1,'kao91@yahoo.com',NULL,'2017-10-10 13:45:12'),(11,1,'kao91@yahoo.com','Hello Khaled, am invite you to join us the discussion, please visit this link','2017-10-10 13:46:06'),(12,1,'kao91@yahoo.com','Hello Khaled, am invite you to join us the discussion, please visit this link','2017-10-10 13:46:36'),(13,1,'kao91@yahoo.com','Hello Khaled, am invite you to join us the discussion, please visit this link','2017-10-10 13:47:11'),(14,1,'kao91@yahoo.com','Hello Khaled, am invite you to join us the discussion, please visit this link','2017-10-10 13:49:32'),(15,1,'kao91@yahoo.com',NULL,'2017-10-10 13:50:21'),(16,1,'kao91@yahoo.com','Hello Khaled, am invite you to join us the discussion, please visit this link','2017-10-10 13:50:33'),(17,22250,'moad.odat@gmail.com','hello','2017-10-12 16:07:41'),(18,22250,'moad.odat@gmail.com','hi','2017-10-12 16:08:21'),(19,22250,'moad.odat@gmail.com','hi','2017-10-12 16:08:49'),(20,22250,'moad.odat@gmail.com','hello','2017-10-12 16:09:20'),(21,22250,'moad.odat@gmail.com','this is custom message','2017-10-12 16:14:18'),(22,22283,'moad.odat@gmail.com','hello this is custom message','2017-10-12 16:36:08'),(23,22288,'moad.odat@gmail.com','this','2017-10-12 17:51:49');

/*Table structure for table `user_invitation_sms` */

DROP TABLE IF EXISTS `user_invitation_sms`;

CREATE TABLE `user_invitation_sms` (
  `id` int(11) unsigned NOT NULL AUTO_INCREMENT,
  `user_id` int(11) DEFAULT NULL,
  `mobile` varchar(100) DEFAULT NULL,
  `custom_message` text,
  `created_at` datetime DEFAULT NULL,
  PRIMARY KEY (`id`)
) ENGINE=InnoDB DEFAULT CHARSET=utf8;

/*Data for the table `user_invitation_sms` */

/*Table structure for table `user_link` */

DROP TABLE IF EXISTS `user_link`;

CREATE TABLE `user_link` (
  `user_id` int(11) unsigned NOT NULL,
  `user_link_id` int(11) unsigned NOT NULL,
  `created_at` datetime DEFAULT NULL,
  PRIMARY KEY (`user_id`,`user_link_id`),
  KEY `linking_user` (`user_link_id`),
  CONSTRAINT `user_link_ibfk_1` FOREIGN KEY (`user_id`) REFERENCES `users` (`id`),
  CONSTRAINT `user_link_ibfk_2` FOREIGN KEY (`user_link_id`) REFERENCES `users` (`id`)
) ENGINE=InnoDB DEFAULT CHARSET=utf8;

/*Data for the table `user_link` */

/*Table structure for table `user_settings` */

DROP TABLE IF EXISTS `user_settings`;

CREATE TABLE `user_settings` (
  `setting_id` int(11) unsigned NOT NULL,
  `user_id` int(11) unsigned NOT NULL,
  `value` varchar(50) DEFAULT NULL,
  `created_at` timestamp NULL DEFAULT NULL,
  `updated_at` timestamp NULL DEFAULT NULL,
  `deleted_at` timestamp NULL DEFAULT NULL,
  PRIMARY KEY (`setting_id`,`user_id`)
) ENGINE=InnoDB DEFAULT CHARSET=utf8;

/*Data for the table `user_settings` */

/*Table structure for table `users` */

DROP TABLE IF EXISTS `users`;

CREATE TABLE `users` (
  `id` int(10) unsigned NOT NULL AUTO_INCREMENT,
  `contact_id` int(11) unsigned DEFAULT NULL,
  `password` varchar(255) COLLATE utf8_unicode_ci DEFAULT NULL,
  `activated` tinyint(1) NOT NULL DEFAULT '0',
  `token` varchar(255) COLLATE utf8_unicode_ci DEFAULT NULL,
  `created_by` varchar(45) COLLATE utf8_unicode_ci DEFAULT NULL,
  `updated_by` varchar(45) COLLATE utf8_unicode_ci DEFAULT NULL,
  `deleted_by` varchar(45) COLLATE utf8_unicode_ci DEFAULT NULL,
  `created_by_ip` varchar(45) COLLATE utf8_unicode_ci DEFAULT NULL,
  `updated_by_ip` varchar(45) COLLATE utf8_unicode_ci DEFAULT NULL,
  `deleted_by_ip` varchar(45) COLLATE utf8_unicode_ci DEFAULT NULL,
  `remember_token` varchar(100) COLLATE utf8_unicode_ci DEFAULT NULL,
  `created_at` timestamp NULL DEFAULT NULL,
  `updated_at` timestamp NULL DEFAULT NULL,
  `deleted_at` timestamp NULL DEFAULT NULL,
  `profile_image` int(11) unsigned DEFAULT NULL,
  `verify_token` varchar(255) COLLATE utf8_unicode_ci DEFAULT NULL,
  `current_account` int(11) unsigned DEFAULT NULL,
  `plan_id` int(11) unsigned DEFAULT NULL,
  `stripe_id` varchar(50) COLLATE utf8_unicode_ci DEFAULT NULL,
  `card_brand` varchar(50) COLLATE utf8_unicode_ci DEFAULT NULL,
  `card_last_four` varchar(50) COLLATE utf8_unicode_ci DEFAULT NULL,
  `trial_ends_at` datetime DEFAULT NULL,
  PRIMARY KEY (`id`),
  KEY `profile_image` (`profile_image`),
  KEY `plan_id` (`plan_id`),
  KEY `contact_id` (`contact_id`),
  CONSTRAINT `users_ibfk_1` FOREIGN KEY (`profile_image`) REFERENCES `files` (`id`),
  CONSTRAINT `users_ibfk_2` FOREIGN KEY (`plan_id`) REFERENCES `prices_plans` (`id`),
  CONSTRAINT `users_ibfk_3` FOREIGN KEY (`contact_id`) REFERENCES `contacts` (`id`)
) ENGINE=InnoDB AUTO_INCREMENT=5 DEFAULT CHARSET=utf8 COLLATE=utf8_unicode_ci;

/*Data for the table `users` */

insert  into `users`(`id`,`contact_id`,`password`,`activated`,`token`,`created_by`,`updated_by`,`deleted_by`,`created_by_ip`,`updated_by_ip`,`deleted_by_ip`,`remember_token`,`created_at`,`updated_at`,`deleted_at`,`profile_image`,`verify_token`,`current_account`,`plan_id`,`stripe_id`,`card_brand`,`card_last_four`,`trial_ends_at`) values (1,1,'$2y$10$vpexUBPn9.PkfRg5GVxLze8vHZXuKz2/0eQxHsWEFDlhUKM3/hWzO',1,NULL,NULL,'57',NULL,NULL,'127.0.0.1',NULL,'NK6ALcHnAF6GcUv4AO7IHFFytMdF8WJr5CVxu5AyNHLzyYSntkkuM6atVsQw',NULL,'2017-10-11 13:30:22',NULL,1,'470996',NULL,2,NULL,NULL,NULL,NULL);

/*Table structure for table `wf_action` */

DROP TABLE IF EXISTS `wf_action`;

CREATE TABLE `wf_action` (
  `id` int(10) unsigned NOT NULL AUTO_INCREMENT,
  `name` varchar(255) COLLATE utf8_unicode_ci NOT NULL,
  `source_type` enum('system','reload','custom') COLLATE utf8_unicode_ci NOT NULL,
  `action_type` enum('to_next_stage','form') COLLATE utf8_unicode_ci DEFAULT 'to_next_stage',
  `description` text COLLATE utf8_unicode_ci,
  `company_id` int(11) NOT NULL,
  `created_by` int(11) NOT NULL,
  `created_at` timestamp NULL DEFAULT NULL,
  `updated_at` timestamp NULL DEFAULT NULL,
  `element` enum('form','label','button','function') COLLATE utf8_unicode_ci DEFAULT NULL,
  `function_id` int(11) unsigned DEFAULT NULL,
  PRIMARY KEY (`id`),
  KEY `function_id` (`function_id`),
  CONSTRAINT `wf_action_ibfk_1` FOREIGN KEY (`function_id`) REFERENCES `wf_function` (`id`)
) ENGINE=InnoDB AUTO_INCREMENT=8 DEFAULT CHARSET=utf8 COLLATE=utf8_unicode_ci;

/*Data for the table `wf_action` */

insert  into `wf_action`(`id`,`name`,`source_type`,`action_type`,`description`,`company_id`,`created_by`,`created_at`,`updated_at`,`element`,`function_id`) values (1,'Send','system','to_next_stage','Send',1,1,'2018-02-22 14:38:36',NULL,'button',1),(2,'Sign','system','to_next_stage','sign',1,1,'2018-02-26 12:02:22',NULL,'button',2),(3,'Audit','system','to_next_stage','Audit',1,1,'2018-02-26 12:02:19',NULL,'button',3),(4,'Back with comment','system','form','Back with comment',1,1,'2018-02-26 12:07:58',NULL,'form',4),(5,'Edit','system','form','Enable edit document',1,1,'2018-02-26 12:10:26',NULL,'button',5),(6,'Print','system','form','Print document',1,1,'2018-03-05 17:07:30',NULL,'button',6),(7,'Save as pdf','system','form','Save as PDF',1,1,'2018-03-05 17:08:10',NULL,NULL,NULL);

/*Table structure for table `wf_document_action` */

DROP TABLE IF EXISTS `wf_document_action`;

CREATE TABLE `wf_document_action` (
  `id` int(10) unsigned NOT NULL AUTO_INCREMENT,
  `document_id` int(10) unsigned NOT NULL,
  `stage_id` int(10) unsigned NOT NULL,
  `action_state` int(11) NOT NULL,
  `action_by` int(11) NOT NULL,
  `created_at` timestamp NULL DEFAULT NULL,
  `updated_at` timestamp NULL DEFAULT NULL,
  PRIMARY KEY (`id`),
  KEY `FK_wf_document_action` (`document_id`),
  CONSTRAINT `FK_wf_document_action` FOREIGN KEY (`document_id`) REFERENCES `documents` (`id`),
  CONSTRAINT `wf_document_action_ibfk_1` FOREIGN KEY (`document_id`) REFERENCES `wf_document_workflow` (`id`)
) ENGINE=InnoDB DEFAULT CHARSET=utf8 COLLATE=utf8_unicode_ci;

/*Data for the table `wf_document_action` */

/*Table structure for table `wf_document_workflow` */

DROP TABLE IF EXISTS `wf_document_workflow`;

CREATE TABLE `wf_document_workflow` (
  `id` int(11) unsigned NOT NULL AUTO_INCREMENT,
  `document_id` int(11) unsigned NOT NULL,
  `workflow_id` int(11) unsigned NOT NULL,
  `current_stage_id` int(11) unsigned DEFAULT NULL,
  `created_at` datetime DEFAULT NULL,
  `updated_at` datetime DEFAULT NULL,
  `active` tinyint(1) DEFAULT '0',
  `notify` tinyint(1) DEFAULT '0',
  PRIMARY KEY (`id`),
  KEY `wf_document_workflow_document_id_foreign` (`document_id`),
  KEY `wf_document_workflow_wf_workflow_id_foreign` (`workflow_id`),
  CONSTRAINT `wf_document_workflow_document_id_foreign` FOREIGN KEY (`document_id`) REFERENCES `documents` (`id`) ON DELETE CASCADE,
  CONSTRAINT `wf_document_workflow_wf_workflow_id_foreign` FOREIGN KEY (`workflow_id`) REFERENCES `wf_workflow` (`id`) ON DELETE CASCADE
) ENGINE=InnoDB AUTO_INCREMENT=3 DEFAULT CHARSET=utf8 COLLATE=utf8_unicode_ci;

/*Data for the table `wf_document_workflow` */

insert  into `wf_document_workflow`(`id`,`document_id`,`workflow_id`,`current_stage_id`,`created_at`,`updated_at`,`active`,`notify`) values (1,4,1,2,NULL,NULL,1,1),(2,5,1,2,NULL,NULL,1,1);

/*Table structure for table `wf_function` */

DROP TABLE IF EXISTS `wf_function`;

CREATE TABLE `wf_function` (
  `id` int(11) unsigned NOT NULL AUTO_INCREMENT,
  `name` varchar(100) DEFAULT NULL,
  `frontend` text,
  `backend` blob,
  `description` text,
  `created_at` datetime DEFAULT NULL,
  `updated_at` datetime DEFAULT NULL,
  PRIMARY KEY (`id`)
) ENGINE=InnoDB AUTO_INCREMENT=8 DEFAULT CHARSET=utf8;

/*Data for the table `wf_function` */

insert  into `wf_function`(`id`,`name`,`frontend`,`backend`,`description`,`created_at`,`updated_at`) values (1,'Send',NULL,'$this->sendDocumentToRecipient();\r\n$this->nextStage();\r\n','send document','2018-02-22 14:39:48',NULL),(2,'Sign',NULL,NULL,'sign','2018-02-26 11:39:06',NULL),(3,'Audit',NULL,NULL,'Audit','2018-02-26 12:03:24',NULL),(4,'Back with Comment','  <div class=\"form-group\">\r\n    <label for=\"exampleInputEmail1\">Notes</label>\r\n    <input type=\"text\" name=\"note\" class=\"form-control\" id=\"notes\" aria-describedby=\"noteHelp\" placeholder=\"Enter note\">\r\n    <small id=\"emailHelp\" class=\"form-text text-muted\">Enter note.</small>\r\n  </div>','\r\nif ($this->request->hasPost(\'submit\'))\r\n{\r\n$oDocumentNotes = new \\MyCompose\\Model\\Document\\DocumentNotes() ; \r\n$oDocumentNotes->content = $this->request->getPost(\'note\');\r\n$oDocumentNotes->account_id = $account_id;\r\n$oDocumentNotes->document_id = $this->document_id;\r\n$oDocumentNotes->action_id = $this->action_id;\r\n$oDocumentNotes->created_at = date(\'Y-m-d H:i:s\');\r\n$oDocumentNotes->save();\r\n$this->GoToThePreviousStage(); \r\n$this->setParam(\'action\',\'reload\') ;\r\n\r\n}else{\r\n$this->setParam(\'javascript\',\'open_dialog_comments()\') ;\r\n$this->setParam(\'modal\',[\'title\'=>\'Back with comment\',\'buttons\' => [\'send\'=>\'Send\'] ]) ;\r\n}','Back with comment','2018-02-26 12:07:20',NULL),(5,'Edit',NULL,'        $oDocumentLock = new \\MyCompose\\Model\\Document\\DocumentLock();\r\n        $oDocumentLock->document_id = $this->document_id ;\r\n        $oDocumentLock->account_id  = $nAccountID;\r\n        $oDocumentLock->created_at = date(\'Y-m-d H:i:s\') ;\r\n        $oDocumentLock->active = 1 ;\r\n        if(!$oDocumentLock->save()) {\r\n		var_dump($oDocumentLock->getMessages()) ;\r\nexit(\'error\'); \r\n        }\r\n\r\n$this->setParam(\'javascript\',\'editor()\') ; \r\n','Enable Edit document','2018-02-26 12:09:58',NULL),(6,'Print',NULL,'$this->setParam(\'javascript\',\'$.fn.printDocument()\') ; ','print','2018-03-05 17:08:29',NULL),(7,'Save as PDF',NULL,NULL,'save as pdf','2018-03-05 17:08:55',NULL);

/*Table structure for table `wf_stage` */

DROP TABLE IF EXISTS `wf_stage`;

CREATE TABLE `wf_stage` (
  `id` int(10) unsigned NOT NULL AUTO_INCREMENT,
  `workflow_id` int(10) unsigned NOT NULL,
  `name` varchar(255) COLLATE utf8_unicode_ci NOT NULL,
  `description` text COLLATE utf8_unicode_ci,
  `action_type` enum('START','In Progress','END') COLLATE utf8_unicode_ci NOT NULL,
  `due_date_in_hours` int(11) DEFAULT NULL,
  `active` tinyint(4) NOT NULL DEFAULT '0',
  `created_by` int(11) NOT NULL,
  `updated_by` int(11) DEFAULT NULL,
  `created_at` timestamp NOT NULL DEFAULT CURRENT_TIMESTAMP,
  `updated_at` timestamp NOT NULL DEFAULT CURRENT_TIMESTAMP,
  `sequence` int(2) unsigned DEFAULT NULL,
  `notify` enum('none','signers','recipients') COLLATE utf8_unicode_ci DEFAULT 'none',
  PRIMARY KEY (`id`),
  KEY `wf_stage_wf_workflow_id_foreign` (`workflow_id`),
  CONSTRAINT `wf_stage_wf_workflow_id_foreign` FOREIGN KEY (`workflow_id`) REFERENCES `wf_workflow` (`id`) ON DELETE CASCADE ON UPDATE CASCADE
) ENGINE=InnoDB AUTO_INCREMENT=14 DEFAULT CHARSET=utf8 COLLATE=utf8_unicode_ci;

/*Data for the table `wf_stage` */

insert  into `wf_stage`(`id`,`workflow_id`,`name`,`description`,`action_type`,`due_date_in_hours`,`active`,`created_by`,`updated_by`,`created_at`,`updated_at`,`sequence`,`notify`) values (1,1,'start',NULL,'START',NULL,1,1,NULL,'2018-02-22 10:37:50','2018-02-22 10:37:50',1,'none'),(2,1,'waiting signatures','waiting signatures','In Progress',0,1,1,NULL,'2018-02-22 10:38:07','2018-02-22 10:38:07',2,'signers'),(3,1,'end',NULL,'END',NULL,1,1,NULL,'2018-02-22 10:37:50','2018-02-22 10:37:50',999999,'none'),(4,2,'start',NULL,'START',NULL,1,1,NULL,'2018-02-25 09:26:36','2018-02-25 09:26:36',1,'none'),(5,2,'end',NULL,'END',NULL,1,1,NULL,'2018-02-25 09:26:36','2018-02-25 09:26:36',999999,'none'),(6,2,'Reviews','reviews','In Progress',0,0,1,NULL,'2018-02-25 09:26:46','2018-02-25 09:26:46',2,'none'),(7,2,'waiting signatures','waiting signatures','In Progress',0,0,1,NULL,'2018-02-25 09:27:04','2018-02-25 09:27:04',3,'signers'),(8,3,'start',NULL,'START',NULL,1,1,NULL,'2018-02-26 07:37:24','2018-02-26 07:37:24',1,'none'),(9,3,'end',NULL,'END',NULL,1,1,NULL,'2018-02-26 07:37:24','2018-02-26 07:37:24',999999,'none'),(10,3,'Audit by supervisor','Audit by supervisor','In Progress',0,0,1,NULL,'2018-02-26 07:38:02','2018-02-26 07:38:02',2,'none'),(11,3,'Sign by manager','Sign by manager','In Progress',0,0,1,NULL,'2018-02-26 07:38:19','2018-02-26 07:38:19',3,'signers'),(12,4,'start',NULL,'START',NULL,1,1,NULL,'2018-03-28 10:12:12','2018-03-28 10:12:12',1,'none'),(13,4,'end',NULL,'END',NULL,1,1,NULL,'2018-03-28 10:12:12','2018-03-28 10:12:12',999999,'none');

/*Table structure for table `wf_stage_state` */

DROP TABLE IF EXISTS `wf_stage_state`;

CREATE TABLE `wf_stage_state` (
  `id` int(11) unsigned NOT NULL AUTO_INCREMENT,
  `stage_id` int(11) unsigned NOT NULL,
  `next_stage_id` int(11) unsigned NOT NULL,
  `state_id` int(11) unsigned NOT NULL,
  PRIMARY KEY (`id`),
  KEY `wf_stage_state_wf_stage_id_foreign` (`stage_id`),
  KEY `state_id` (`state_id`),
  CONSTRAINT `wf_stage_state_ibfk_1` FOREIGN KEY (`stage_id`) REFERENCES `wf_stage` (`id`),
  CONSTRAINT `wf_stage_state_ibfk_2` FOREIGN KEY (`state_id`) REFERENCES `wf_state` (`id`)
) ENGINE=InnoDB AUTO_INCREMENT=9 DEFAULT CHARSET=utf8 COLLATE=utf8_unicode_ci;

/*Data for the table `wf_stage_state` */

insert  into `wf_stage_state`(`id`,`stage_id`,`next_stage_id`,`state_id`) values (4,2,3,2),(5,6,7,1),(6,10,11,3),(7,11,9,2),(8,8,10,1);

/*Table structure for table `wf_state` */

DROP TABLE IF EXISTS `wf_state`;

CREATE TABLE `wf_state` (
  `id` int(11) unsigned NOT NULL AUTO_INCREMENT,
  `name` varchar(255) COLLATE utf8_unicode_ci NOT NULL,
  `description` text COLLATE utf8_unicode_ci,
  `active` tinyint(1) DEFAULT '1',
  PRIMARY KEY (`id`)
) ENGINE=InnoDB AUTO_INCREMENT=4 DEFAULT CHARSET=utf8 COLLATE=utf8_unicode_ci;

/*Data for the table `wf_state` */

insert  into `wf_state`(`id`,`name`,`description`,`active`) values (1,'Review','Review',1),(2,'Signatures','Signatures',1),(3,'Audit by supervisor','Audit by supervisor',1);

/*Table structure for table `wf_state_action` */

DROP TABLE IF EXISTS `wf_state_action`;

CREATE TABLE `wf_state_action` (
  `id` int(10) unsigned NOT NULL AUTO_INCREMENT,
  `state_id` int(10) unsigned NOT NULL,
  `action_id` int(10) unsigned NOT NULL,
  `created_by` int(11) NOT NULL,
  `created_at` timestamp NULL DEFAULT NULL,
  `updated_at` timestamp NULL DEFAULT NULL,
  `any_or_joint` enum('any','joint') COLLATE utf8_unicode_ci DEFAULT 'any',
  PRIMARY KEY (`id`),
  UNIQUE KEY `ID` (`id`),
  KEY `wf_state_requirement_wf_state_id_foreign` (`state_id`),
  KEY `wf_state_requirement_wf_requirement_id_foreign` (`action_id`),
  CONSTRAINT `wf_state_action_ibfk_1` FOREIGN KEY (`state_id`) REFERENCES `wf_state` (`id`) ON DELETE CASCADE,
  CONSTRAINT `wf_state_requirement_wf_requirement_id_foreign` FOREIGN KEY (`action_id`) REFERENCES `wf_action` (`id`) ON DELETE CASCADE
) ENGINE=InnoDB AUTO_INCREMENT=50 DEFAULT CHARSET=utf8 COLLATE=utf8_unicode_ci;

/*Data for the table `wf_state_action` */

insert  into `wf_state_action`(`id`,`state_id`,`action_id`,`created_by`,`created_at`,`updated_at`,`any_or_joint`) values (43,1,1,1,'2018-02-22 10:41:49','2018-02-22 10:41:49','any'),(44,2,2,1,'2018-02-26 08:02:04','2018-02-26 08:02:04','any'),(45,3,1,1,'2018-02-26 08:04:41','2018-02-26 08:04:41','any'),(46,3,4,1,'2018-02-26 08:11:41','2018-02-26 08:11:41','any'),(47,3,5,1,'2018-02-26 08:11:53','2018-02-26 08:11:53','any'),(48,3,6,1,'2018-03-05 13:11:11','2018-03-05 13:11:11','any'),(49,2,4,1,'2018-03-06 10:22:10','2018-03-06 10:22:12','any');

/*Table structure for table `wf_state_action_permits_contact` */

DROP TABLE IF EXISTS `wf_state_action_permits_contact`;

CREATE TABLE `wf_state_action_permits_contact` (
  `state_action_id` int(11) unsigned NOT NULL,
  `contact_id` int(11) unsigned NOT NULL,
  `is_inherit` tinyint(1) DEFAULT '0',
  `created_by` int(11) DEFAULT NULL,
  `created_at` datetime DEFAULT NULL,
  `updated_at` datetime DEFAULT NULL,
  `deleted_at` datetime DEFAULT NULL,
  PRIMARY KEY (`state_action_id`,`contact_id`),
  KEY `account_id` (`contact_id`),
  CONSTRAINT `wf_state_action_permits_contact_ibfk_3` FOREIGN KEY (`state_action_id`) REFERENCES `wf_state_action` (`id`)
) ENGINE=InnoDB DEFAULT CHARSET=utf8;

/*Data for the table `wf_state_action_permits_contact` */

/*Table structure for table `wf_state_action_permits_role` */

DROP TABLE IF EXISTS `wf_state_action_permits_role`;

CREATE TABLE `wf_state_action_permits_role` (
  `state_action_id` int(11) unsigned NOT NULL,
  `role_id` int(11) unsigned NOT NULL,
  `is_inherit` tinyint(1) DEFAULT '0',
  `created_by` int(11) DEFAULT NULL,
  `created_at` datetime DEFAULT NULL,
  `updated_at` datetime DEFAULT NULL,
  `deleted_at` datetime DEFAULT NULL,
  PRIMARY KEY (`state_action_id`,`role_id`),
  KEY `role_id` (`role_id`),
  CONSTRAINT `wf_state_action_permits_role_ibfk_2` FOREIGN KEY (`role_id`) REFERENCES `roles` (`id`),
  CONSTRAINT `wf_state_action_permits_role_ibfk_3` FOREIGN KEY (`state_action_id`) REFERENCES `wf_state_action` (`id`)
) ENGINE=InnoDB DEFAULT CHARSET=utf8;

/*Data for the table `wf_state_action_permits_role` */

insert  into `wf_state_action_permits_role`(`state_action_id`,`role_id`,`is_inherit`,`created_by`,`created_at`,`updated_at`,`deleted_at`) values (43,1,0,1,'2018-02-22 10:41:49','2018-02-22 10:41:49',NULL),(44,6,0,1,'2018-02-26 08:02:04','2018-02-26 08:02:04',NULL),(45,5,0,1,'2018-02-26 08:04:41','2018-02-26 08:04:41',NULL),(46,5,0,1,'2018-02-26 08:11:41','2018-02-26 08:11:41',NULL),(47,5,0,1,'2018-02-26 08:11:53','2018-02-26 08:11:53',NULL),(48,5,0,1,'2018-03-05 13:11:11','2018-03-05 13:11:11',NULL),(49,6,0,1,'2018-03-06 10:22:42','2018-03-06 10:22:44',NULL);

/*Table structure for table `wf_workflow` */

DROP TABLE IF EXISTS `wf_workflow`;

CREATE TABLE `wf_workflow` (
  `id` int(10) unsigned NOT NULL AUTO_INCREMENT,
  `company_id` int(11) NOT NULL,
  `name` varchar(255) COLLATE utf8_unicode_ci NOT NULL,
  `description` text COLLATE utf8_unicode_ci,
  `active` tinyint(4) NOT NULL DEFAULT '0',
  `created_by` int(11) NOT NULL,
  `updated_by` int(11) DEFAULT NULL,
  `created_at` timestamp NOT NULL DEFAULT CURRENT_TIMESTAMP,
  `updated_at` timestamp NOT NULL DEFAULT CURRENT_TIMESTAMP,
  PRIMARY KEY (`id`)
) ENGINE=InnoDB AUTO_INCREMENT=5 DEFAULT CHARSET=utf8 COLLATE=utf8_unicode_ci;

/*Data for the table `wf_workflow` */

insert  into `wf_workflow`(`id`,`company_id`,`name`,`description`,`active`,`created_by`,`updated_by`,`created_at`,`updated_at`) values (1,1,'General WorkFlow','General WorkFlow',0,1,NULL,'2018-02-22 10:37:49','2018-02-22 10:37:49'),(2,1,'Test Workflow','for testing',0,1,NULL,'2018-02-25 09:26:36','2018-02-25 09:26:36'),(3,1,'create-audit-sign','create-audit-sign',0,1,NULL,'2018-02-26 07:37:24','2018-02-26 07:37:24'),(4,1,'send-receive','send-receive',0,1,NULL,'2018-03-28 10:12:12','2018-03-28 10:12:12');

/*!40101 SET SQL_MODE=@OLD_SQL_MODE */;
/*!40014 SET FOREIGN_KEY_CHECKS=@OLD_FOREIGN_KEY_CHECKS */;
/*!40014 SET UNIQUE_CHECKS=@OLD_UNIQUE_CHECKS */;
/*!40111 SET SQL_NOTES=@OLD_SQL_NOTES */;
